timestamp,lat,lon,alt,groundspeed,heading,battery,mode,armed
2026-08-31 11:43:02,-35.3636402,149.1684891,29.996,0.025609726086258888,71,0,AUTO,True
2026-08-31 11:43:02,-35.3636402,149.1684891,29.996,0.025477735325694084,71,0,AUTO,True
2026-08-31 11:43:03,-35.3636402,149.1684891,29.996,0.024763913825154305,71,0,AUTO,True
2026-08-31 11:43:03,-35.3636402,149.1684891,29.997,0.02404746413230896,71,0,AUTO,True
2026-08-31 11:43:03,-35.3636402,149.1684891,29.997,0.024366071447730064,71,0,AUTO,True
2026-08-31 11:43:04,-35.3636402,149.1684891,29.998,0.025414342060685158,71,0,AUTO,True
2026-08-31 11:43:04,-35.3636402,149.1684891,29.998,0.025328736752271652,71,0,AUTO,True
2026-08-31 11:43:05,-35.3636402,149.1684891,29.998,0.025088852271437645,71,0,AUTO,True
2026-08-31 11:43:05,-35.3636402,149.1684891,29.998,0.024926168844103813,71,0,AUTO,True
2026-08-31 11:43:05,-35.3636402,149.1684891,29.998,0.024422472342848778,71,0,AUTO,True
2026-08-31 11:43:06,-35.3636402,149.1684891,29.998,0.02409621886909008,71,0,AUTO,True
2026-08-31 11:43:06,-35.3636402,149.1684891,29.998,0.0247573871165514,71,0,AUTO,True
2026-08-31 11:43:06,-35.3636402,149.1684891,29.998,0.02611008659005165,71,0,AUTO,True
2026-08-31 11:43:07,-35.3636402,149.1684891,29.997,0.02797158621251583,71,0,AUTO,True
2026-08-31 11:43:07,-35.3636402,149.1684891,29.997,0.02893560752272606,71,0,AUTO,True
2026-08-31 11:43:08,-35.3636402,149.1684891,29.996,0.029199061915278435,71,0,AUTO,True
2026-08-31 11:43:08,-35.3636402,149.1684891,29.996,0.02902587316930294,71,0,AUTO,True
2026-08-31 11:43:08,-35.3636402,149.1684891,29.996,0.027575692161917686,71,0,AUTO,True
2026-08-31 11:43:09,-35.3636402,149.1684891,29.996,0.02518639899790287,71,0,AUTO,True
2026-08-31 11:43:09,-35.3636402,149.1684891,29.997,0.021874742582440376,71,0,AUTO,True
2026-08-31 11:43:09,-35.3636402,149.1684891,29.998,0.022000616416335106,71,0,AUTO,True
2026-08-31 11:43:10,-35.3636402,149.1684892,29.998,0.022802967578172684,71,0,AUTO,True
2026-08-31 11:43:10,-35.3636402,149.1684892,29.998,0.022276071831583977,71,0,AUTO,True
2026-08-31 11:43:11,-35.3636402,149.1684892,29.998,0.02341967448592186,71,0,AUTO,True
2026-08-31 11:43:11,-35.3636402,149.1684892,29.997,0.024382855743169785,71,0,AUTO,True
2026-08-31 11:43:12,-35.3636402,149.1684892,29.997,0.023239439353346825,71,0,AUTO,True
2026-08-31 11:43:12,-35.3636402,149.1684892,29.996,0.023765146732330322,71,0,AUTO,True
2026-08-31 11:43:12,-35.3636402,149.1684892,29.996,0.024734560400247574,71,0,AUTO,True
2026-08-31 11:43:13,-35.3636402,149.1684892,29.996,0.02450583316385746,71,0,AUTO,True
2026-08-31 11:43:13,-35.3636402,149.1684892,29.996,0.024178197607398033,71,0,AUTO,True
2026-08-31 11:43:13,-35.3636402,149.1684892,29.996,0.023882882669568062,71,0,AUTO,True
2026-08-31 11:43:14,-35.3636402,149.1684892,29.997,0.024662699550390244,71,0,AUTO,True
2026-08-31 11:43:14,-35.3636402,149.1684891,29.997,0.024710508063435555,71,0,AUTO,True
2026-08-31 11:43:15,-35.3636402,149.1684891,29.998,0.024579327553510666,71,0,AUTO,True
2026-08-31 11:43:15,-35.3636402,149.1684891,29.998,0.02356293983757496,71,0,AUTO,True
2026-08-31 11:43:15,-35.3636402,149.1684891,29.998,0.021771345287561417,71,0,AUTO,True
2026-08-31 11:43:16,-35.3636402,149.1684891,29.998,0.021712638437747955,71,0,AUTO,True
2026-08-31 11:43:16,-35.3636402,149.1684891,29.998,0.02292533963918686,71,0,AUTO,True
2026-08-31 11:43:16,-35.3636402,149.1684891,29.997,0.024671440944075584,71,0,AUTO,True
2026-08-31 11:43:17,-35.3636402,149.1684891,29.997,0.02908112108707428,71,0,AUTO,True
2026-08-31 11:43:17,-35.3636402,149.1684891,29.996,0.03018692322075367,71,0,AUTO,True
2026-08-31 11:43:18,-35.3636402,149.1684891,29.996,0.030387472361326218,71,0,AUTO,True
2026-08-31 11:43:18,-35.3636402,149.1684891,29.996,0.030872268602252007,71,0,AUTO,True
2026-08-31 11:43:18,-35.3636402,149.1684891,29.996,0.028920602053403854,71,0,AUTO,True
2026-08-31 11:43:19,-35.3636402,149.1684891,29.996,0.026806967332959175,71,0,AUTO,True
2026-08-31 11:43:19,-35.3636402,149.1684891,29.997,0.02382507361471653,71,0,AUTO,True
2026-08-31 11:43:19,-35.3636402,149.1684891,29.998,0.02272624894976616,71,0,AUTO,True
2026-08-31 11:43:20,-35.3636402,149.1684891,29.998,0.022134969010949135,71,0,AUTO,True
2026-08-31 11:43:20,-35.3636402,149.1684891,29.998,0.02085992693901062,71,0,AUTO,True
2026-08-31 11:43:21,-35.3636402,149.1684891,29.998,0.0203242264688015,71,0,AUTO,True
2026-08-31 11:43:21,-35.3636402,149.1684891,29.997,0.020947756245732307,71,0,AUTO,True
2026-08-31 11:43:21,-35.3636402,149.1684891,29.997,0.022131426259875298,71,0,AUTO,True
2026-08-31 11:43:22,-35.3636402,149.1684891,29.996,0.022916080430150032,71,0,AUTO,True
2026-08-31 11:43:22,-35.3636402,149.1684891,29.996,0.021879663690924644,71,0,AUTO,True
2026-08-31 11:43:23,-35.3636402,149.1684891,29.996,0.022302770987153053,71,0,AUTO,True
2026-08-31 11:43:23,-35.3636402,149.1684891,29.996,0.02358129806816578,71,0,AUTO,True
2026-08-31 11:43:23,-35.3636402,149.1684891,29.996,0.02425362356007099,71,0,AUTO,True
2026-08-31 11:43:24,-35.3636402,149.1684891,29.997,0.025071855634450912,71,0,AUTO,True
2026-08-31 11:43:24,-35.3636402,149.1684891,29.998,0.025025103241205215,71,0,AUTO,True
2026-08-31 11:43:24,-35.3636402,149.1684891,29.998,0.02492724172770977,71,0,AUTO,True
2026-08-31 11:43:25,-35.3636402,149.1684891,29.998,0.024690289050340652,71,0,AUTO,True
2026-08-31 11:43:25,-35.3636402,149.1684891,29.998,0.0246922317892313,71,0,AUTO,True
2026-08-31 11:43:26,-35.3636402,149.1684891,29.997,0.024846671149134636,71,0,AUTO,True
2026-08-31 11:43:26,-35.3636402,149.1684891,29.997,0.023732950910925865,71,0,AUTO,True
2026-08-31 11:43:26,-35.3636402,149.1684891,29.996,0.023001734167337418,71,0,AUTO,True
2026-08-31 11:43:27,-35.3636402,149.1684891,29.996,0.024709846824407578,71,0,AUTO,True
2026-08-31 11:43:27,-35.3636402,149.1684891,29.996,0.02601928450167179,71,0,AUTO,True
2026-08-31 11:43:27,-35.3636402,149.1684891,29.996,0.028691068291664124,71,0,AUTO,True
2026-08-31 11:43:28,-35.3636402,149.1684891,29.996,0.029361624270677567,71,0,AUTO,True
2026-08-31 11:43:28,-35.3636402,149.1684891,29.996,0.028937214985489845,71,0,AUTO,True
2026-08-31 11:43:29,-35.3636402,149.1684891,29.997,0.02867654152214527,71,0,AUTO,True
2026-08-31 11:43:29,-35.3636402,149.1684891,29.998,0.024886293336749077,71,0,AUTO,True
2026-08-31 11:43:29,-35.3636402,149.1684891,29.998,0.02347569726407528,71,0,AUTO,True
2026-08-31 11:43:30,-35.3636402,149.1684891,29.998,0.023373302072286606,71,0,AUTO,True
2026-08-31 11:43:30,-35.3636402,149.1684891,29.998,0.022564558312296867,71,0,AUTO,True
2026-08-31 11:43:31,-35.3636402,149.1684891,29.997,0.02199173904955387,71,0,AUTO,True
2026-08-31 11:43:31,-35.3636402,149.1684891,29.997,0.02255905792117119,71,0,AUTO,True
2026-08-31 11:43:31,-35.3636402,149.1684891,29.996,0.023885011672973633,71,0,AUTO,True
2026-08-31 11:43:32,-35.3636402,149.1684891,29.996,0.024436471983790398,71,0,AUTO,True
2026-08-31 11:43:32,-35.3636402,149.1684891,29.996,0.023840390145778656,71,0,AUTO,True
2026-08-31 11:43:32,-35.3636402,149.1684891,29.996,0.02409628964960575,71,0,AUTO,True
2026-08-31 11:43:33,-35.3636402,149.1684891,29.996,0.023581931367516518,71,0,AUTO,True
2026-08-31 11:43:33,-35.3636402,149.1684891,29.996,0.02302345633506775,71,0,AUTO,True
2026-08-31 11:43:34,-35.3636402,149.1684891,29.997,0.023685580119490623,71,0,AUTO,True
2026-08-31 11:43:34,-35.3636402,149.1684891,29.998,0.02426818571984768,71,0,AUTO,True
2026-08-31 11:43:34,-35.3636402,149.1684891,29.998,0.023783594369888306,71,0,AUTO,True
2026-08-31 11:43:35,-35.3636402,149.1684891,29.998,0.02307136170566082,71,0,AUTO,True
2026-08-31 11:43:35,-35.3636402,149.1684891,29.998,0.021999360993504524,71,0,AUTO,True
2026-08-31 11:43:35,-35.3636402,149.1684891,29.998,0.021468859165906906,71,0,AUTO,True
2026-08-31 11:43:36,-35.3636402,149.1684891,29.997,0.0218302384018898,71,0,AUTO,True
2026-08-31 11:43:36,-35.3636402,149.1684891,29.997,0.021498769521713257,71,0,AUTO,True
2026-08-31 11:43:37,-35.3636402,149.1684891,29.997,0.02153671905398369,71,0,AUTO,True
2026-08-31 11:43:37,-35.3636402,149.1684891,29.996,0.021456629037857056,71,0,AUTO,True
2026-08-31 11:43:38,-35.3636402,149.1684891,29.996,0.025641437619924545,71,0,AUTO,True
2026-08-31 11:43:38,-35.3636402,149.1684891,29.996,0.029026782140135765,71,0,AUTO,True
2026-08-31 11:43:38,-35.3636402,149.1684891,29.996,0.03138552978634834,71,0,AUTO,True
2026-08-31 11:43:39,-35.3636402,149.1684891,29.997,0.0321648083627224,71,0,AUTO,True
2026-08-31 11:43:39,-35.3636402,149.1684891,29.997,0.03242500126361847,71,0,AUTO,True
2026-08-31 11:43:39,-35.3636402,149.1684891,29.998,0.03223472461104393,71,0,AUTO,True
2026-08-31 11:43:40,-35.3636402,149.1684891,29.998,0.027722986415028572,71,0,AUTO,True
2026-08-31 11:43:40,-35.3636402,149.1684891,29.998,0.0256723091006279,71,0,AUTO,True
2026-08-31 11:43:41,-35.3636402,149.1684891,29.998,0.022616146132349968,71,0,AUTO,True
2026-08-31 11:43:41,-35.3636402,149.1684891,29.998,0.021598588675260544,71,0,AUTO,True
2026-08-31 11:43:41,-35.3636402,149.1684891,29.997,0.02045341767370701,71,0,AUTO,True
2026-08-31 11:43:42,-35.3636402,149.1684891,29.997,0.0201483853161335,71,0,AUTO,True
2026-08-31 11:43:42,-35.3636402,149.1684891,29.996,0.020440522581338882,71,0,AUTO,True
2026-08-31 11:43:42,-35.3636402,149.1684891,29.996,0.02097659930586815,71,0,AUTO,True
2026-08-31 11:43:43,-35.3636402,149.1684891,29.996,0.02161458134651184,71,0,AUTO,True
2026-08-31 11:43:43,-35.3636402,149.1684891,29.996,0.021396419033408165,71,0,AUTO,True
2026-08-31 11:43:44,-35.3636402,149.1684891,29.997,0.020510835573077202,71,0,AUTO,True
2026-08-31 11:43:44,-35.3636402,149.1684891,29.998,0.021094243973493576,71,0,AUTO,True
2026-08-31 11:43:44,-35.3636402,149.1684891,29.998,0.023281272500753403,71,0,AUTO,True
2026-08-31 11:43:45,-35.3636402,149.1684891,29.998,0.024706993252038956,71,0,AUTO,True
2026-08-31 11:43:45,-35.3636402,149.1684891,29.998,0.0255629550665617,71,0,AUTO,True
2026-08-31 11:43:45,-35.3636402,149.1684891,29.998,0.025396663695573807,71,0,AUTO,True
2026-08-31 11:43:46,-35.3636402,149.1684891,29.998,0.025544580072164536,71,0,AUTO,True
2026-08-31 11:43:46,-35.3636402,149.1684891,29.997,0.025099487975239754,71,0,AUTO,True
2026-08-31 11:43:47,-35.3636402,149.1684891,29.997,0.02445312775671482,71,0,AUTO,True
2026-08-31 11:43:47,-35.3636402,149.1684891,29.996,0.024613169953227043,71,0,AUTO,True
2026-08-31 11:43:48,-35.3636402,149.1684891,29.996,0.02240442857146263,71,0,AUTO,True
2026-08-31 11:43:48,-35.3636402,149.1684891,29.996,0.023365557193756104,71,0,AUTO,True
2026-08-31 11:43:48,-35.3636402,149.1684891,29.996,0.02484525367617607,71,0,AUTO,True
2026-08-31 11:43:48,-35.3636402,149.1684891,29.997,0.026503529399633408,71,0,AUTO,True
2026-08-31 11:43:49,-35.3636402,149.1684891,29.998,0.029122930020093918,71,0,AUTO,True
2026-08-31 11:43:49,-35.3636402,149.1684891,29.998,0.029192544519901276,71,0,AUTO,True
2026-08-31 11:43:50,-35.3636402,149.1684891,29.998,0.029075633734464645,71,0,AUTO,True
2026-08-31 11:43:50,-35.3636402,149.1684891,29.997,0.02759406343102455,71,0,AUTO,True
2026-08-31 11:43:51,-35.3636402,149.1684891,29.997,0.024941962212324142,71,0,AUTO,True
2026-08-31 11:43:51,-35.3636402,149.1684891,29.996,0.024357110261917114,71,0,AUTO,True
2026-08-31 11:43:51,-35.3636402,149.1684891,29.996,0.02313128672540188,71,0,AUTO,True
2026-08-31 11:43:52,-35.3636402,149.1684891,29.996,0.021653611212968826,71,0,AUTO,True
2026-08-31 11:43:52,-35.3636402,149.1684891,29.996,0.020428307354450226,71,0,AUTO,True
2026-08-31 11:43:53,-35.3636402,149.1684891,29.996,0.021410929039120674,71,0,AUTO,True
2026-08-31 11:43:53,-35.3636402,149.1684891,29.997,0.02190466970205307,71,0,AUTO,True
2026-08-31 11:43:53,-35.3636402,149.1684891,29.998,0.022320928052067757,71,0,AUTO,True
2026-08-31 11:43:54,-35.3636402,149.1684891,29.998,0.02287481725215912,71,0,AUTO,True
2026-08-31 11:43:54,-35.3636402,149.1684891,29.998,0.021684950217604637,71,0,AUTO,True
2026-08-31 11:43:55,-35.3636402,149.1684891,29.998,0.020861873403191566,71,0,AUTO,True
2026-08-31 11:43:55,-35.3636402,149.1684891,29.998,0.021840006113052368,71,0,AUTO,True
2026-08-31 11:43:55,-35.3636402,149.1684891,29.997,0.02299617975950241,71,0,AUTO,True
2026-08-31 11:43:56,-35.3636402,149.1684891,29.997,0.02571496181190014,71,0,AUTO,True
2026-08-31 11:43:56,-35.3636402,149.1684891,29.996,0.025570545345544815,71,0,AUTO,True
2026-08-31 11:43:56,-35.3636402,149.1684891,29.996,0.025042342022061348,71,0,AUTO,True
2026-08-31 11:43:57,-35.3636402,149.1684891,29.996,0.025113381445407867,71,0,AUTO,True
2026-08-31 11:43:57,-35.3636402,149.1684891,29.996,0.024239469319581985,71,0,AUTO,True
2026-08-31 11:43:58,-35.3636402,149.1684891,29.996,0.023440532386302948,71,0,AUTO,True
2026-08-31 11:43:58,-35.3636402,149.1684891,29.997,0.024680841714143753,71,0,AUTO,True
2026-08-31 11:43:58,-35.3636402,149.1684891,29.998,0.025091875344514847,71,0,AUTO,True
2026-08-31 11:43:59,-35.3636402,149.1684891,29.998,0.026995200663805008,71,0,AUTO,True
2026-08-31 11:43:59,-35.3636402,149.1684891,29.998,0.027892492711544037,71,0,AUTO,True
2026-08-31 11:43:59,-35.3636402,149.1684891,29.998,0.02855106256902218,71,0,AUTO,True
2026-08-31 11:44:00,-35.3636402,149.1684891,29.998,0.028663212433457375,71,0,AUTO,True
2026-08-31 11:44:00,-35.3636402,149.1684891,29.997,0.02830709144473076,71,0,AUTO,True
2026-08-31 11:44:01,-35.3636402,149.1684891,29.997,0.026441141963005066,71,0,AUTO,True
2026-08-31 11:44:01,-35.3636402,149.1684891,29.997,0.022130906581878662,71,0,AUTO,True
2026-08-31 11:44:01,-35.3636402,149.1684891,29.996,0.022198466584086418,71,0,AUTO,True
2026-08-31 11:44:02,-35.3636402,149.1684891,29.996,0.02225804328918457,71,0,AUTO,True
2026-08-31 11:44:02,-35.3636402,149.1684892,29.996,0.021795812994241714,71,0,AUTO,True
2026-08-31 11:44:02,-35.3636402,149.1684892,29.996,0.021327249705791473,71,0,AUTO,True
2026-08-31 11:44:03,-35.3636402,149.1684892,29.996,0.02246677130460739,71,0,AUTO,True
2026-08-31 11:44:03,-35.3636402,149.1684892,29.997,0.024032268673181534,71,0,AUTO,True
2026-08-31 11:44:04,-35.3636402,149.1684892,29.998,0.02456584945321083,71,0,AUTO,True
2026-08-31 11:44:04,-35.3636402,149.1684892,29.998,0.024912524968385696,71,0,AUTO,True
2026-08-31 11:44:04,-35.3636402,149.1684892,29.998,0.024946298450231552,71,0,AUTO,True
2026-08-31 11:44:05,-35.3636402,149.1684892,29.998,0.023033831268548965,71,0,AUTO,True
2026-08-31 11:44:05,-35.3636402,149.1684892,29.997,0.02212695963680744,71,0,AUTO,True
2026-08-31 11:44:06,-35.3636402,149.1684892,29.997,0.023601526394486427,71,0,AUTO,True
2026-08-31 11:44:06,-35.3636402,149.1684892,29.996,0.024481885135173798,71,0,AUTO,True
2026-08-31 11:44:06,-35.3636402,149.1684891,29.996,0.025419382378458977,71,0,AUTO,True
2026-08-31 11:44:07,-35.3636402,149.1684891,29.996,0.025821642950177193,71,0,AUTO,True
2026-08-31 11:44:07,-35.3636402,149.1684891,29.996,0.023999759927392006,71,0,AUTO,True
2026-08-31 11:44:07,-35.3636402,149.1684891,29.997,0.022508056834340096,71,0,AUTO,True
2026-08-31 11:44:08,-35.3636402,149.1684891,29.997,0.02107054740190506,71,0,AUTO,True
2026-08-31 11:44:08,-35.3636402,149.1684891,29.998,0.020311901345849037,71,0,AUTO,True
2026-08-31 11:44:09,-35.3636402,149.1684891,29.998,0.020754793658852577,71,0,AUTO,True
2026-08-31 11:44:09,-35.3636402,149.1684891,29.998,0.022055968642234802,71,0,AUTO,True
2026-08-31 11:44:09,-35.3636402,149.1684891,29.998,0.025175388902425766,71,0,AUTO,True
2026-08-31 11:44:10,-35.3636402,149.1684891,29.997,0.027626868337392807,71,0,AUTO,True
2026-08-31 11:44:10,-35.3636402,149.1684891,29.997,0.03135828301310539,71,0,AUTO,True
2026-08-31 11:44:10,-35.3636402,149.1684891,29.996,0.032033540308475494,71,0,AUTO,True
2026-08-31 11:44:11,-35.3636402,149.1684891,29.996,0.03256718069314957,71,0,AUTO,True
2026-08-31 11:44:11,-35.3636402,149.1684891,29.996,0.03109937533736229,71,0,AUTO,True
2026-08-31 11:44:12,-35.3636402,149.1684891,29.996,0.026585334911942482,71,0,AUTO,True
2026-08-31 11:44:12,-35.3636402,149.1684891,29.996,0.02504402957856655,71,0,AUTO,True
2026-08-31 11:44:12,-35.3636402,149.1684891,29.996,0.021354734897613525,71,0,AUTO,True
2026-08-31 11:44:13,-35.3636402,149.1684891,29.996,0.020276600494980812,71,0,AUTO,True
2026-08-31 11:44:13,-35.3636402,149.1684891,29.997,0.020428141579031944,71,0,AUTO,True
2026-08-31 11:44:13,-35.3636402,149.1684891,29.998,0.02060776948928833,71,0,AUTO,True
2026-08-31 11:44:14,-35.3636402,149.1684891,29.998,0.021484972909092903,71,0,AUTO,True
2026-08-31 11:44:14,-35.3636402,149.1684891,29.998,0.021355006843805313,71,0,AUTO,True
2026-08-31 11:44:15,-35.3636402,149.1684891,29.998,0.021691344678401947,71,0,AUTO,True
2026-08-31 11:44:15,-35.3636402,149.1684891,29.997,0.02228151448071003,71,0,AUTO,True
2026-08-31 11:44:16,-35.3636402,149.1684891,29.997,0.022599099203944206,71,0,AUTO,True
2026-08-31 11:44:16,-35.3636402,149.1684891,29.996,0.02350657992064953,71,0,AUTO,True
2026-08-31 11:44:16,-35.3636402,149.1684891,29.996,0.023657092824578285,71,0,AUTO,True
2026-08-31 11:44:16,-35.3636402,149.1684891,29.996,0.02392774261534214,71,0,AUTO,True
2026-08-31 11:44:17,-35.3636402,149.1684891,29.996,0.02535625360906124,71,0,AUTO,True
2026-08-31 11:44:17,-35.3636402,149.1684891,29.996,0.025447126477956772,71,0,AUTO,True
2026-08-31 11:44:18,-35.3636402,149.1684891,29.996,0.025062894448637962,71,0,AUTO,True
2026-08-31 11:44:18,-35.3636402,149.1684891,29.997,0.024007005617022514,71,0,AUTO,True
2026-08-31 11:44:19,-35.3636402,149.1684891,29.997,0.023900428786873817,71,0,AUTO,True
2026-08-31 11:44:19,-35.3636402,149.1684891,29.998,0.024370083585381508,71,0,AUTO,True
2026-08-31 11:44:19,-35.3636402,149.1684891,29.998,0.02257716841995716,71,0,AUTO,True
2026-08-31 11:44:20,-35.3636402,149.1684891,29.998,0.021719247102737427,71,0,AUTO,True
2026-08-31 11:44:20,-35.3636402,149.1684891,29.998,0.02117800898849964,71,0,AUTO,True
2026-08-31 11:44:20,-35.3636402,149.1684891,29.997,0.020692719146609306,71,0,AUTO,True
2026-08-31 11:44:21,-35.3636402,149.1684891,29.997,0.023697856813669205,71,0,AUTO,True
2026-08-31 11:44:21,-35.3636402,149.1684891,29.996,0.025964396074414253,71,0,AUTO,True
2026-08-31 11:44:21,-35.3636402,149.1684891,29.996,0.029775872826576233,71,0,AUTO,True
2026-08-31 11:44:22,-35.3636402,149.1684891,29.996,0.030976301059126854,71,0,AUTO,True
2026-08-31 11:44:22,-35.3636402,149.1684891,29.996,0.03133976459503174,71,0,AUTO,True
2026-08-31 11:44:23,-35.3636402,149.1684892,29.996,0.03077022358775139,71,0,AUTO,True
2026-08-31 11:44:23,-35.3636402,149.1684892,29.996,0.02748163230717182,71,0,AUTO,True
2026-08-31 11:44:23,-35.3636402,149.1684892,29.996,0.02613871544599533,71,0,AUTO,True
2026-08-31 11:44:24,-35.3636402,149.1684892,29.997,0.024998513981699944,71,0,AUTO,True
2026-08-31 11:44:24,-35.3636402,149.1684892,29.997,0.02423967607319355,71,0,AUTO,True
2026-08-31 11:44:25,-35.3636402,149.1684892,29.998,0.022813621908426285,71,0,AUTO,True
2026-08-31 11:44:25,-35.3636402,149.1684892,29.998,0.022234980016946793,71,0,AUTO,True
2026-08-31 11:44:25,-35.3636402,149.1684892,29.998,0.0223890021443367,71,0,AUTO,True
2026-08-31 11:44:26,-35.3636402,149.1684892,29.998,0.021970441564917564,71,0,AUTO,True
2026-08-31 11:44:26,-35.3636402,149.1684892,29.997,0.02174309454858303,71,0,AUTO,True
2026-08-31 11:44:26,-35.3636402,149.1684891,29.997,0.021611681208014488,71,0,AUTO,True
2026-08-31 11:44:27,-35.3636402,149.1684891,29.997,0.020958345383405685,71,0,AUTO,True
2026-08-31 11:44:27,-35.3636402,149.1684891,29.996,0.0203769039362669,71,0,AUTO,True
2026-08-31 11:44:28,-35.3636402,149.1684891,29.996,0.019776277244091034,71,0,AUTO,True
2026-08-31 11:44:28,-35.3636402,149.1684891,29.996,0.02041947841644287,71,0,AUTO,True
2026-08-31 11:44:28,-35.3636402,149.1684891,29.996,0.0215569119900465,71,0,AUTO,True
2026-08-31 11:44:29,-35.3636402,149.1684891,29.997,0.02155839093029499,71,0,AUTO,True
2026-08-31 11:44:29,-35.3636402,149.1684891,29.997,0.021784702315926552,71,0,AUTO,True
2026-08-31 11:44:29,-35.3636402,149.1684891,29.998,0.02214844711124897,71,0,AUTO,True
2026-08-31 11:44:30,-35.3636402,149.1684891,29.998,0.024155402556061745,71,0,AUTO,True
2026-08-31 11:44:30,-35.3636402,149.1684891,29.998,0.02457311935722828,71,0,AUTO,True
2026-08-31 11:44:31,-35.3636402,149.1684891,29.998,0.025485550984740257,71,0,AUTO,True
2026-08-31 11:44:31,-35.3636402,149.1684891,29.997,0.02564779855310917,71,0,AUTO,True
2026-08-31 11:44:31,-35.3636402,149.1684891,29.997,0.02504594996571541,71,0,AUTO,True
2026-08-31 11:44:32,-35.3636402,149.1684891,29.997,0.025070177391171455,71,0,AUTO,True
2026-08-31 11:44:32,-35.3636402,149.1684891,29.996,0.026773596182465553,71,0,AUTO,True
2026-08-31 11:44:32,-35.3636402,149.1684891,29.996,0.02884676121175289,71,0,AUTO,True
2026-08-31 11:44:33,-35.3636402,149.1684891,29.996,0.03220338374376297,71,0,AUTO,True
2026-08-31 11:44:33,-35.3636402,149.1684891,29.996,0.03202668949961662,71,0,AUTO,True
2026-08-31 11:44:34,-35.3636402,149.1684891,29.996,0.031089656054973602,71,0,AUTO,True
2026-08-31 11:44:34,-35.3636402,149.1684891,29.998,0.02556622214615345,71,0,AUTO,True
2026-08-31 11:44:35,-35.3636402,149.1684891,29.998,0.02398168295621872,71,0,AUTO,True
2026-08-31 11:44:35,-35.3636402,149.1684891,29.998,0.02027805522084236,71,0,AUTO,True
2026-08-31 11:44:35,-35.3636402,149.1684891,29.998,0.019568318501114845,71,0,AUTO,True
2026-08-31 11:44:36,-35.3636402,149.1684891,29.998,0.01971515826880932,71,0,AUTO,True
2026-08-31 11:44:36,-35.3636402,149.1684891,29.998,0.0200195349752903,71,0,AUTO,True
2026-08-31 11:44:36,-35.3636402,149.1684891,29.997,0.01990286260843277,71,0,AUTO,True
2026-08-31 11:44:37,-35.3636402,149.1684891,29.997,0.020614728331565857,71,0,AUTO,True
2026-08-31 11:44:37,-35.3636402,149.1684891,29.996,0.021453464403748512,71,0,AUTO,True
2026-08-31 11:44:38,-35.3636402,149.1684891,29.996,0.02168029546737671,71,0,AUTO,True
2026-08-31 11:44:38,-35.3636402,149.1684891,29.996,0.022146206349134445,71,0,AUTO,True
2026-08-31 11:44:38,-35.3636402,149.1684891,29.996,0.02129916474223137,71,0,AUTO,True
2026-08-31 11:44:39,-35.3636402,149.1684891,29.997,0.020799988880753517,71,0,AUTO,True
2026-08-31 11:44:39,-35.3636402,149.1684891,29.998,0.021526947617530823,71,0,AUTO,True
2026-08-31 11:44:39,-35.3636402,149.1684891,29.998,0.02213248237967491,71,0,AUTO,True
2026-08-31 11:44:40,-35.3636402,149.1684891,29.998,0.022126607596874237,71,0,AUTO,True
2026-08-31 11:44:40,-35.3636402,149.1684891,29.998,0.021931037306785583,71,0,AUTO,True
2026-08-31 11:44:41,-35.3636402,149.1684891,29.998,0.022443654015660286,71,0,AUTO,True
2026-08-31 11:44:41,-35.3636402,149.1684891,29.997,0.022655826061964035,71,0,AUTO,True
2026-08-31 11:44:41,-35.3636402,149.1684891,29.997,0.02392345480620861,71,0,AUTO,True
2026-08-31 11:44:42,-35.3636402,149.1684891,29.996,0.02475484274327755,71,0,AUTO,True
2026-08-31 11:44:42,-35.3636402,149.1684891,29.996,0.025293592363595963,71,0,AUTO,True
2026-08-31 11:44:42,-35.3636402,149.1684891,29.996,0.025448910892009735,71,0,AUTO,True
2026-08-31 11:44:43,-35.3636402,149.1684891,29.996,0.02769939787685871,71,0,AUTO,True
2026-08-31 11:44:43,-35.3636402,149.1684891,29.997,0.029316401109099388,71,0,AUTO,True
2026-08-31 11:44:44,-35.3636402,149.1684891,29.997,0.03197146952152252,71,0,AUTO,True
2026-08-31 11:44:44,-35.3636402,149.1684891,29.998,0.03178635612130165,71,0,AUTO,True
2026-08-31 11:44:44,-35.3636402,149.1684891,29.998,0.03075677901506424,71,0,AUTO,True
2026-08-31 11:44:45,-35.3636402,149.1684891,29.998,0.030254334211349487,71,0,AUTO,True
2026-08-31 11:44:45,-35.3636402,149.1684891,29.998,0.026285724714398384,71,0,AUTO,True
2026-08-31 11:44:45,-35.3636402,149.1684891,29.997,0.024668002501130104,71,0,AUTO,True
2026-08-31 11:44:46,-35.3636402,149.1684891,29.997,0.023610562086105347,71,0,AUTO,True
2026-08-31 11:44:46,-35.3636402,149.1684891,29.996,0.02204594574868679,71,0,AUTO,True
2026-08-31 11:44:47,-35.3636402,149.1684891,29.996,0.020027335733175278,71,0,AUTO,True
2026-08-31 11:44:47,-35.3636402,149.1684891,29.996,0.019891927018761635,71,0,AUTO,True
2026-08-31 11:44:47,-35.3636402,149.1684891,29.996,0.020466426387429237,71,0,AUTO,True
2026-08-31 11:44:48,-35.3636402,149.1684891,29.996,0.021036328747868538,71,0,AUTO,True
2026-08-31 11:44:48,-35.3636402,149.1684891,29.997,0.021906983107328415,71,0,AUTO,True
2026-08-31 11:44:49,-35.3636402,149.1684891,29.998,0.021881554275751114,71,0,AUTO,True
2026-08-31 11:44:49,-35.3636402,149.1684891,29.998,0.021460462361574173,71,0,AUTO,True
2026-08-31 11:44:49,-35.3636402,149.1684891,29.998,0.021791527047753334,71,0,AUTO,True
2026-08-31 11:44:50,-35.3636402,149.1684891,29.998,0.022629328072071075,71,0,AUTO,True
2026-08-31 11:44:50,-35.3636402,149.1684891,29.997,0.022914567962288857,71,0,AUTO,True
2026-08-31 11:44:50,-35.3636402,149.1684891,29.997,0.0224221870303154,71,0,AUTO,True
2026-08-31 11:44:51,-35.3636402,149.1684891,29.996,0.022204963490366936,71,0,AUTO,True
2026-08-31 11:44:51,-35.3636402,149.1684891,29.996,0.02198844403028488,71,0,AUTO,True
2026-08-31 11:44:52,-35.3636402,149.1684891,29.996,0.021932663396000862,71,0,AUTO,True
2026-08-31 11:44:52,-35.3636402,149.1684891,29.996,0.022076386958360672,71,0,AUTO,True
2026-08-31 11:44:52,-35.3636402,149.1684891,29.996,0.02244626171886921,71,0,AUTO,True
2026-08-31 11:44:53,-35.3636402,149.1684891,29.997,0.024586744606494904,71,0,AUTO,True
2026-08-31 11:44:53,-35.3636402,149.1684891,29.998,0.025642521679401398,71,0,AUTO,True
2026-08-31 11:44:54,-35.3636402,149.1684891,29.998,0.029225410893559456,71,0,AUTO,True
2026-08-31 11:44:54,-35.3636402,149.1684891,29.998,0.030828237533569336,71,0,AUTO,True
2026-08-31 11:44:54,-35.3636402,149.1684891,29.998,0.031731344759464264,71,0,AUTO,True
2026-08-31 11:44:55,-35.3636402,149.1684891,29.998,0.0320078507065773,71,0,AUTO,True
2026-08-31 11:44:55,-35.3636402,149.1684891,29.997,0.032310955226421356,71,0,AUTO,True
2026-08-31 11:44:55,-35.3636402,149.1684891,29.997,0.03075677528977394,71,0,AUTO,True
2026-08-31 11:44:56,-35.3636402,149.1684891,29.997,0.025428203865885735,71,0,AUTO,True
2026-08-31 11:44:56,-35.3636402,149.1684891,29.996,0.023919744417071342,71,0,AUTO,True
2026-08-31 11:44:57,-35.3636402,149.1684891,29.996,0.0220731720328331,71,0,AUTO,True
2026-08-31 11:44:57,-35.3636402,149.1684891,29.996,0.02138395421206951,71,0,AUTO,True
2026-08-31 11:44:57,-35.3636402,149.1684891,29.996,0.020056959241628647,71,0,AUTO,True
2026-08-31 11:44:58,-35.3636402,149.1684891,29.997,0.019802803173661232,71,0,AUTO,True
2026-08-31 11:44:58,-35.3636402,149.1684891,29.997,0.020493272691965103,71,0,AUTO,True
2026-08-31 11:44:58,-35.3636402,149.1684891,29.998,0.020583681762218475,71,0,AUTO,True
2026-08-31 11:44:59,-35.3636402,149.1684891,29.998,0.020952902734279633,71,0,AUTO,True
2026-08-31 11:44:59,-35.3636402,149.1684891,29.998,0.021210499107837677,71,0,AUTO,True
2026-08-31 11:45:00,-35.3636402,149.1684891,29.998,0.022001683712005615,71,0,AUTO,True
2026-08-31 11:45:00,-35.3636402,149.1684891,29.998,0.022724851965904236,71,0,AUTO,True
2026-08-31 11:45:00,-35.3636402,149.1684891,29.997,0.023964669555425644,71,0,AUTO,True
2026-08-31 11:45:01,-35.3636402,149.1684891,29.997,0.024583883583545685,71,0,AUTO,True
2026-08-31 11:45:01,-35.3636402,149.1684891,29.997,0.02510765567421913,71,0,AUTO,True
2026-08-31 11:45:01,-35.3636402,149.1684891,29.996,0.025130262598395348,71,0,AUTO,True
2026-08-31 11:45:02,-35.3636402,149.1684891,29.996,0.022786667570471764,71,0,AUTO,True
2026-08-31 11:45:02,-35.3636402,149.1684891,29.996,0.02185424044728279,71,0,AUTO,True
2026-08-31 11:45:03,-35.3636402,149.1684891,29.996,0.021107953041791916,71,0,AUTO,True
2026-08-31 11:45:03,-35.3636402,149.1684891,29.997,0.022040022537112236,71,0,AUTO,True
2026-08-31 11:45:03,-35.3636402,149.1684891,29.998,0.022175263613462448,71,0,AUTO,True
2026-08-31 11:45:04,-35.3636402,149.1684891,29.998,0.02213277854025364,71,0,AUTO,True
2026-08-31 11:45:04,-35.3636402,149.1684891,29.998,0.024612173438072205,71,0,AUTO,True
2026-08-31 11:45:04,-35.3636402,149.1684891,29.998,0.027098121121525764,71,0,AUTO,True
2026-08-31 11:45:05,-35.3636402,149.1684891,29.997,0.031781964004039764,71,0,AUTO,True
2026-08-31 11:45:05,-35.3636402,149.1684891,29.997,0.032415155321359634,71,0,AUTO,True
2026-08-31 11:45:06,-35.3636402,149.1684891,29.996,0.03204482048749924,71,0,AUTO,True
2026-08-31 11:45:06,-35.3636402,149.1684891,29.996,0.030452653765678406,71,0,AUTO,True
2026-08-31 11:45:07,-35.3636402,149.1684891,29.996,0.025318242609500885,71,0,AUTO,True
2026-08-31 11:45:07,-35.3636402,149.1684891,29.996,0.023624040186405182,71,0,AUTO,True
2026-08-31 11:45:07,-35.3636402,149.1684891,29.996,0.022201208397746086,71,0,AUTO,True
2026-08-31 11:45:08,-35.3636402,149.1684891,29.996,0.021214105188846588,71,0,AUTO,True
2026-08-31 11:45:08,-35.3636402,149.1684891,29.997,0.021024031564593315,71,0,AUTO,True
2026-08-31 11:45:08,-35.3636402,149.1684891,29.998,0.021299373358488083,71,0,AUTO,True
2026-08-31 11:45:09,-35.3636402,149.1684891,29.998,0.02125740610063076,71,0,AUTO,True
2026-08-31 11:45:09,-35.3636402,149.1684891,29.998,0.02111525647342205,71,0,AUTO,True
2026-08-31 11:45:09,-35.3636402,149.1684891,29.998,0.020997773855924606,71,0,AUTO,True
2026-08-31 11:45:10,-35.3636402,149.1684891,29.997,0.020839666947722435,71,0,AUTO,True
2026-08-31 11:45:10,-35.3636402,149.1684891,29.997,0.021987397223711014,71,0,AUTO,True
2026-08-31 11:45:11,-35.3636402,149.1684891,29.997,0.02381942607462406,71,0,AUTO,True
2026-08-31 11:45:11,-35.3636402,149.1684891,29.996,0.025489816442131996,71,0,AUTO,True
2026-08-31 11:45:11,-35.3636402,149.1684891,29.996,0.025433924049139023,71,0,AUTO,True
2026-08-31 11:45:12,-35.3636402,149.1684891,29.996,0.02423427253961563,71,0,AUTO,True
2026-08-31 11:45:12,-35.3636402,149.1684891,29.996,0.02408699132502079,71,0,AUTO,True
2026-08-31 11:45:12,-35.3636402,149.1684891,29.996,0.024648644030094147,71,0,AUTO,True
2026-08-31 11:45:13,-35.3636402,149.1684891,29.996,0.02524745836853981,71,0,AUTO,True
2026-08-31 11:45:13,-35.3636402,149.1684891,29.996,0.023679742589592934,71,0,AUTO,True
2026-08-31 11:45:14,-35.3636402,149.1684891,29.997,0.022253919392824173,71,0,AUTO,True
2026-08-31 11:45:14,-35.3636402,149.1684891,29.998,0.021283911541104317,71,0,AUTO,True
2026-08-31 11:45:14,-35.3636402,149.1684891,29.998,0.02129671536386013,71,0,AUTO,True
2026-08-31 11:45:15,-35.3636402,149.1684891,29.998,0.021591786295175552,71,0,AUTO,True
2026-08-31 11:45:15,-35.3636402,149.1684891,29.998,0.02117784693837166,71,0,AUTO,True
2026-08-31 11:45:16,-35.3636402,149.1684891,29.998,0.021959224715828896,71,0,AUTO,True
2026-08-31 11:45:16,-35.3636402,149.1684891,29.997,0.02247992344200611,71,0,AUTO,True
2026-08-31 11:45:16,-35.3636402,149.1684891,29.997,0.023906011134386063,71,0,AUTO,True
2026-08-31 11:45:17,-35.3636402,149.1684891,29.996,0.024675549939274788,71,0,AUTO,True
2026-08-31 11:45:17,-35.3636402,149.1684891,29.996,0.02843216434121132,71,0,AUTO,True
2026-08-31 11:45:17,-35.3636402,149.1684891,29.996,0.030120382085442543,71,0,AUTO,True
2026-08-31 11:45:18,-35.3636402,149.1684891,29.996,0.03156221657991409,71,0,AUTO,True
2026-08-31 11:45:18,-35.3636402,149.1684891,29.997,0.031119365245103836,71,0,AUTO,True
2026-08-31 11:45:19,-35.3636402,149.1684891,29.997,0.030828453600406647,71,0,AUTO,True
2026-08-31 11:45:19,-35.3636402,149.1684891,29.998,0.03023211844265461,71,0,AUTO,True
2026-08-31 11:45:19,-35.3636402,149.1684891,29.998,0.02640925906598568,71,0,AUTO,True
2026-08-31 11:45:20,-35.3636402,149.1684891,29.998,0.024960748851299286,71,0,AUTO,True
2026-08-31 11:45:20,-35.3636402,149.1684891,29.998,0.022745834663510323,71,0,AUTO,True
2026-08-31 11:45:21,-35.3636402,149.1684891,29.998,0.020782694220542908,71,0,AUTO,True
2026-08-31 11:45:21,-35.3636402,149.1684891,29.998,0.019594181329011917,71,0,AUTO,True
2026-08-31 11:45:21,-35.3636402,149.1684891,29.997,0.019577456638216972,71,0,AUTO,True
2026-08-31 11:45:22,-35.3636402,149.1684891,29.997,0.01990094780921936,71,0,AUTO,True
2026-08-31 11:45:22,-35.3636402,149.1684891,29.996,0.020327044650912285,71,0,AUTO,True
2026-08-31 11:45:23,-35.3636402,149.1684891,29.996,0.02188914828002453,71,0,AUTO,True
2026-08-31 11:45:23,-35.3636402,149.1684891,29.996,0.02165844291448593,71,0,AUTO,True
2026-08-31 11:45:23,-35.3636402,149.1684891,29.997,0.021492822095751762,71,0,AUTO,True
2026-08-31 11:45:24,-35.3636402,149.1684891,29.998,0.0221061110496521,71,0,AUTO,True
2026-08-31 11:45:24,-35.3636402,149.1684891,29.998,0.025074632838368416,71,0,AUTO,True
2026-08-31 11:45:24,-35.3636402,149.1684891,29.998,0.025560863316059113,71,0,AUTO,True
2026-08-31 11:45:25,-35.3636402,149.1684891,29.998,0.02374163828790188,71,0,AUTO,True
2026-08-31 11:45:25,-35.3636402,149.1684891,29.998,0.02174580655992031,71,0,AUTO,True
2026-08-31 11:45:25,-35.3636402,149.1684891,29.997,0.020753657445311546,71,0,AUTO,True
2026-08-31 11:45:26,-35.3636402,149.1684891,29.997,0.021358773112297058,71,0,AUTO,True
2026-08-31 11:45:26,-35.3636402,149.1684891,29.997,0.02210511639714241,71,0,AUTO,True
2026-08-31 11:45:27,-35.3636402,149.1684891,29.996,0.022729381918907166,71,0,AUTO,True
2026-08-31 11:45:27,-35.3636402,149.1684891,29.996,0.02193334512412548,71,0,AUTO,True
2026-08-31 11:45:27,-35.3636402,149.1684891,29.996,0.022243114188313484,71,0,AUTO,True
2026-08-31 11:45:28,-35.3636402,149.1684891,29.996,0.024256296455860138,71,0,AUTO,True
2026-08-31 11:45:28,-35.3636402,149.1684891,29.997,0.025316698476672173,71,0,AUTO,True
2026-08-31 11:45:29,-35.3636402,149.1684891,29.997,0.02861439809203148,71,0,AUTO,True
2026-08-31 11:45:29,-35.3636402,149.1684891,29.998,0.029942398890852928,71,0,AUTO,True
2026-08-31 11:45:29,-35.3636402,149.1684891,29.998,0.032134637236595154,71,0,AUTO,True
2026-08-31 11:45:30,-35.3636402,149.1684891,29.998,0.03247390687465668,71,0,AUTO,True
2026-08-31 11:45:30,-35.3636402,149.1684891,29.998,0.031735874712467194,71,0,AUTO,True
2026-08-31 11:45:30,-35.3636402,149.1684891,29.998,0.030169833451509476,71,0,AUTO,True
2026-08-31 11:45:31,-35.3636402,149.1684891,29.997,0.02574346214532852,71,0,AUTO,True
2026-08-31 11:45:31,-35.3636402,149.1684891,29.997,0.02330303192138672,71,0,AUTO,True
2026-08-31 11:45:32,-35.3636402,149.1684891,29.996,0.021101826801896095,71,0,AUTO,True
2026-08-31 11:45:32,-35.3636402,149.1684891,29.996,0.02132907696068287,71,0,AUTO,True
2026-08-31 11:45:32,-35.3636402,149.1684891,29.996,0.020346857607364655,71,0,AUTO,True
2026-08-31 11:45:33,-35.3636402,149.1684891,29.996,0.02061139978468418,71,0,AUTO,True
2026-08-31 11:45:33,-35.3636402,149.1684891,29.997,0.021123886108398438,71,0,AUTO,True
2026-08-31 11:45:33,-35.3636402,149.1684891,29.997,0.02115515246987343,71,0,AUTO,True
2026-08-31 11:45:34,-35.3636402,149.1684891,29.998,0.02184087038040161,71,0,AUTO,True
2026-08-31 11:45:34,-35.3636402,149.1684891,29.998,0.0213250033557415,71,0,AUTO,True
2026-08-31 11:45:35,-35.3636402,149.1684891,29.998,0.021518772467970848,71,0,AUTO,True
2026-08-31 11:45:35,-35.3636402,149.1684891,29.998,0.02252151072025299,71,0,AUTO,True
2026-08-31 11:45:35,-35.3636402,149.1684891,29.997,0.02363521233201027,71,0,AUTO,True
2026-08-31 11:45:36,-35.3636402,149.1684891,29.997,0.02484809048473835,71,0,AUTO,True
2026-08-31 11:45:36,-35.3636402,149.1684891,29.997,0.02574862167239189,71,0,AUTO,True
2026-08-31 11:45:37,-35.3636402,149.1684891,29.996,0.025578664615750313,71,0,AUTO,True
2026-08-31 11:45:37,-35.3636402,149.1684891,29.996,0.024005919694900513,71,0,AUTO,True
2026-08-31 11:45:37,-35.3636402,149.1684891,29.996,0.02301737666130066,71,0,AUTO,True
2026-08-31 11:45:38,-35.3636402,149.1684891,29.996,0.021589169278740883,71,0,AUTO,True
2026-08-31 11:45:38,-35.3636402,149.1684891,29.997,0.021086348220705986,71,0,AUTO,True
2026-08-31 11:45:38,-35.3636402,149.1684891,29.997,0.02097591944038868,71,0,AUTO,True
2026-08-31 11:45:39,-35.3636402,149.1684891,29.998,0.022845495492219925,71,0,AUTO,True
2026-08-31 11:45:39,-35.3636402,149.1684891,29.998,0.02671128511428833,71,0,AUTO,True
2026-08-31 11:45:40,-35.3636402,149.1684891,29.998,0.028973177075386047,71,0,AUTO,True
2026-08-31 11:45:40,-35.3636402,149.1684891,29.998,0.03215751424431801,71,0,AUTO,True
2026-08-31 11:45:40,-35.3636402,149.1684891,29.997,0.03302028775215149,71,0,AUTO,True
2026-08-31 11:45:41,-35.3636402,149.1684891,29.997,0.03183475881814957,71,0,AUTO,True
2026-08-31 11:45:41,-35.3636402,149.1684891,29.997,0.029361026361584663,71,0,AUTO,True
2026-08-31 11:45:41,-35.3636402,149.1684891,29.996,0.024978747591376305,71,0,AUTO,True
2026-08-31 11:45:42,-35.3636402,149.1684891,29.996,0.024235248565673828,71,0,AUTO,True
2026-08-31 11:45:42,-35.3636402,149.1684891,29.996,0.02117970958352089,71,0,AUTO,True
2026-08-31 11:45:43,-35.3636402,149.1684891,29.996,0.020506659522652626,71,0,AUTO,True
2026-08-31 11:45:43,-35.3636402,149.1684891,29.996,0.019237082451581955,71,0,AUTO,True
2026-08-31 11:45:44,-35.3636402,149.1684891,29.997,0.01895526796579361,71,0,AUTO,True
2026-08-31 11:45:44,-35.3636402,149.1684891,29.998,0.01979266293346882,71,0,AUTO,True
2026-08-31 11:45:44,-35.3636402,149.1684891,29.998,0.019674912095069885,71,0,AUTO,True
2026-08-31 11:45:45,-35.3636402,149.1684891,29.998,0.02019171416759491,71,0,AUTO,True
2026-08-31 11:45:45,-35.3636402,149.1684891,29.998,0.02100549452006817,71,0,AUTO,True
2026-08-31 11:45:46,-35.3636402,149.1684891,29.998,0.019894879311323166,71,0,AUTO,True
2026-08-31 11:45:46,-35.3636402,149.1684891,29.997,0.019385112449526787,71,0,AUTO,True
2026-08-31 11:45:46,-35.3636402,149.1684891,29.996,0.016164619475603104,71,0,AUTO,True
2026-08-31 11:45:47,-35.3636402,149.1684891,29.996,0.014993855729699135,71,0,AUTO,True
2026-08-31 11:45:47,-35.3636402,149.1684891,29.996,0.014116299338638783,71,0,AUTO,True
2026-08-31 11:45:48,-35.3636403,149.1684891,29.996,0.013740994967520237,71,0,AUTO,True
2026-08-31 11:45:48,-35.3636403,149.1684891,29.996,0.014775441959500313,71,0,AUTO,True
2026-08-31 11:45:48,-35.3636403,149.1684891,29.997,0.014642738737165928,71,0,AUTO,True
2026-08-31 11:45:49,-35.3636403,149.1684891,29.997,0.012946909293532372,71,0,AUTO,True
2026-08-31 11:45:49,-35.3636403,149.1684891,29.998,0.012303711846470833,71,0,AUTO,True
2026-08-31 11:45:50,-35.3636403,149.1684891,29.998,0.012578095309436321,71,0,AUTO,True
2026-08-31 11:45:50,-35.3636403,149.1684891,29.998,0.013132989406585693,71,0,AUTO,True
2026-08-31 11:45:50,-35.3636403,149.1684891,29.998,0.012068360112607479,71,0,AUTO,True
2026-08-31 11:45:51,-35.3636403,149.1684891,29.997,0.010117744095623493,71,0,AUTO,True
2026-08-31 11:45:51,-35.3636403,149.1684891,29.997,0.007502471562474966,71,0,AUTO,True
2026-08-31 11:45:51,-35.3636404,149.1684891,29.996,0.0071057905443012714,71,0,AUTO,True
2026-08-31 11:45:52,-35.3636404,149.1684891,29.996,0.006298203952610493,71,0,AUTO,True
2026-08-31 11:45:52,-35.3636404,149.1684891,29.996,0.006089807953685522,71,0,AUTO,True
2026-08-31 11:45:53,-35.3636404,149.1684891,29.996,0.005771627649664879,71,0,AUTO,True
2026-08-31 11:45:53,-35.3636404,149.1684891,29.996,0.0053806910291314125,71,0,AUTO,True
2026-08-31 11:45:53,-35.3636404,149.1684891,29.996,0.004785031080245972,71,0,AUTO,True
2026-08-31 11:45:54,-35.3636404,149.1684891,29.997,0.004516608081758022,71,0,AUTO,True
2026-08-31 11:45:54,-35.3636404,149.1684891,29.997,0.004381339997053146,71,0,AUTO,True
2026-08-31 11:45:54,-35.3636404,149.1684891,29.998,0.004593344870954752,71,0,AUTO,True
2026-08-31 11:45:55,-35.3636404,149.168489,29.998,0.005498197395354509,71,0,AUTO,True
2026-08-31 11:45:55,-35.3636404,149.168489,29.998,0.005188508424907923,71,0,AUTO,True
2026-08-31 11:45:56,-35.3636404,149.168489,29.998,0.0017973536159843206,71,0,AUTO,True
2026-08-31 11:45:56,-35.3636404,149.168489,29.997,0.0014280714094638824,71,0,AUTO,True
2026-08-31 11:45:56,-35.3636404,149.168489,29.997,0.0021765180863440037,71,0,AUTO,True
2026-08-31 11:45:57,-35.3636404,149.168489,29.996,0.002048161579295993,71,0,AUTO,True
2026-08-31 11:45:57,-35.3636404,149.168489,29.996,0.0014247428625822067,71,0,AUTO,True
2026-08-31 11:45:57,-35.3636404,149.168489,29.996,0.001846127212047577,71,0,AUTO,True
2026-08-31 11:45:58,-35.3636404,149.168489,29.996,0.004667205736041069,71,0,AUTO,True
2026-08-31 11:45:58,-35.3636404,149.168489,29.996,0.006101855542510748,71,0,AUTO,True
2026-08-31 11:45:59,-35.3636404,149.168489,29.997,0.007622743956744671,71,0,AUTO,True
2026-08-31 11:45:59,-35.3636404,149.168489,29.998,0.007342842407524586,71,0,AUTO,True
2026-08-31 11:45:59,-35.3636404,149.168489,29.998,0.0070740412920713425,71,0,AUTO,True
2026-08-31 11:46:00,-35.3636404,149.168489,29.998,0.006539653521031141,71,0,AUTO,True
2026-08-31 11:46:00,-35.3636404,149.168489,29.998,0.005828226916491985,71,0,AUTO,True
2026-08-31 11:46:00,-35.3636405,149.168489,29.997,0.006161388475447893,71,0,AUTO,True
2026-08-31 11:46:01,-35.3636405,149.168489,29.997,0.006988856475800276,71,0,AUTO,True
2026-08-31 11:46:01,-35.3636405,149.168489,29.997,0.008339336141943932,71,0,AUTO,True
2026-08-31 11:46:02,-35.3636405,149.168489,29.996,0.012894305400550365,71,0,AUTO,True
2026-08-31 11:46:02,-35.3636405,149.168489,29.996,0.014860187657177448,71,0,AUTO,True
2026-08-31 11:46:02,-35.3636405,149.168489,29.996,0.015991725027561188,71,0,AUTO,True
2026-08-31 11:46:03,-35.3636405,149.168489,29.996,0.01614220440387726,71,0,AUTO,True
2026-08-31 11:46:03,-35.3636405,149.168489,29.996,0.01487854402512312,71,0,AUTO,True
2026-08-31 11:46:04,-35.3636405,149.168489,29.997,0.014703874476253986,71,0,AUTO,True
2026-08-31 11:46:04,-35.3636405,149.168489,29.997,0.013225648552179337,71,0,AUTO,True
2026-08-31 11:46:04,-35.3636405,149.168489,29.998,0.011537770740687847,71,0,AUTO,True
2026-08-31 11:46:05,-35.3636405,149.168489,29.998,0.008057773113250732,71,0,AUTO,True
2026-08-31 11:46:05,-35.3636405,149.168489,29.997,0.007230754476040602,71,0,AUTO,True
2026-08-31 11:46:06,-35.3636405,149.168489,29.997,0.006306025665253401,71,0,AUTO,True
2026-08-31 11:46:06,-35.3636405,149.168489,29.997,0.007044624537229538,71,0,AUTO,True
2026-08-31 11:46:06,-35.3636405,149.168489,29.996,0.008096480742096901,71,0,AUTO,True
2026-08-31 11:46:07,-35.3636405,149.168489,29.996,0.008221187628805637,71,0,AUTO,True
2026-08-31 11:46:07,-35.3636405,149.168489,29.996,0.008767659775912762,71,0,AUTO,True
2026-08-31 11:46:08,-35.3636405,149.168489,29.996,0.010578076355159283,71,0,AUTO,True
2026-08-31 11:46:08,-35.3636405,149.168489,29.996,0.010315129533410072,71,0,AUTO,True
2026-08-31 11:46:08,-35.3636405,149.168489,29.997,0.010315129533410072,71,0,AUTO,True
2026-08-31 11:46:09,-35.3636405,149.168489,29.997,0.01269729807972908,71,0,AUTO,True
2026-08-31 11:46:09,-35.3636405,149.168489,29.998,0.016008129343390465,71,0,AUTO,True
2026-08-31 11:46:09,-35.3636405,149.168489,29.998,0.019139636307954788,71,0,AUTO,True
2026-08-31 11:46:10,-35.3636405,149.168489,29.998,0.01929008774459362,71,0,AUTO,True
2026-08-31 11:46:10,-35.3636405,149.168489,29.998,0.01824110932648182,71,0,AUTO,True
2026-08-31 11:46:10,-35.3636405,149.168489,29.997,0.017617590725421906,71,0,AUTO,True
2026-08-31 11:46:11,-35.3636405,149.168489,29.997,0.017875785008072853,71,0,AUTO,True
2026-08-31 11:46:11,-35.3636405,149.168489,29.996,0.017249146476387978,71,0,AUTO,True
2026-08-31 11:46:12,-35.3636405,149.168489,29.996,0.016751449555158615,71,0,AUTO,True
2026-08-31 11:46:12,-35.3636405,149.168489,29.996,0.016555804759263992,71,0,AUTO,True
2026-08-31 11:46:12,-35.3636405,149.168489,29.996,0.017295334488153458,71,0,AUTO,True
2026-08-31 11:46:13,-35.3636405,149.1684889,29.996,0.017633311450481415,71,0,AUTO,True
2026-08-31 11:46:13,-35.3636405,149.1684889,29.996,0.017349133267998695,71,0,AUTO,True
2026-08-31 11:46:13,-35.3636405,149.1684889,29.996,0.017627418041229248,71,0,AUTO,True
2026-08-31 11:46:14,-35.3636405,149.1684889,29.997,0.01813373528420925,71,0,AUTO,True
2026-08-31 11:46:14,-35.3636405,149.1684889,29.997,0.017809616401791573,71,0,AUTO,True
2026-08-31 11:46:15,-35.3636405,149.1684889,29.998,0.018833167850971222,71,0,AUTO,True
2026-08-31 11:46:15,-35.3636405,149.1684889,29.998,0.019606787711381912,71,0,AUTO,True
2026-08-31 11:46:15,-35.3636405,149.1684889,29.998,0.018543653190135956,71,0,AUTO,True
2026-08-31 11:46:16,-35.3636405,149.1684889,29.998,0.017288854345679283,71,0,AUTO,True
2026-08-31 11:46:16,-35.3636405,149.1684889,29.997,0.01273046713322401,71,0,AUTO,True
2026-08-31 11:46:16,-35.3636405,149.1684889,29.997,0.011524628847837448,71,0,AUTO,True
2026-08-31 11:46:17,-35.3636405,149.1684889,29.996,0.011502545326948166,71,0,AUTO,True
2026-08-31 11:46:17,-35.3636405,149.1684889,29.996,0.011305161751806736,71,0,AUTO,True
2026-08-31 11:46:18,-35.3636405,149.1684889,29.996,0.012604967691004276,71,0,AUTO,True
2026-08-31 11:46:18,-35.3636405,149.1684889,29.996,0.013976103626191616,71,0,AUTO,True
2026-08-31 11:46:18,-35.3636405,149.1684889,29.996,0.017712155357003212,71,0,AUTO,True
2026-08-31 11:46:19,-35.3636405,149.1684889,29.996,0.020178677514195442,71,0,AUTO,True
2026-08-31 11:46:19,-35.3636406,149.1684889,29.996,0.022050313651561737,71,0,AUTO,True
2026-08-31 11:46:19,-35.3636406,149.1684889,29.997,0.021522561088204384,71,0,AUTO,True
2026-08-31 11:46:20,-35.3636406,149.1684889,29.997,0.022985026240348816,71,0,AUTO,True
2026-08-31 11:46:20,-35.3636406,149.1684889,29.998,0.023456165567040443,71,0,AUTO,True
2026-08-31 11:46:21,-35.3636406,149.1684889,29.998,0.023744605481624603,71,0,AUTO,True
2026-08-31 11:46:21,-35.3636406,149.1684889,29.998,0.024162525311112404,71,0,AUTO,True
2026-08-31 11:46:21,-35.3636406,149.1684889,29.998,0.024432500824332237,71,0,AUTO,True
2026-08-31 11:46:22,-35.3636406,149.1684889,29.997,0.023958932608366013,71,0,AUTO,True
2026-08-31 11:46:22,-35.3636406,149.1684889,29.997,0.022439133375883102,71,0,AUTO,True
2026-08-31 11:46:23,-35.3636406,149.1684889,29.997,0.020723232999444008,71,0,AUTO,True
2026-08-31 11:46:23,-35.3636406,149.1684889,29.996,0.01929144375026226,71,0,AUTO,True
2026-08-31 11:46:23,-35.3636406,149.1684889,29.996,0.018685951828956604,71,0,AUTO,True
2026-08-31 11:46:24,-35.3636406,149.1684889,29.996,0.01843373291194439,71,0,AUTO,True
2026-08-31 11:46:24,-35.3636406,149.1684889,29.996,0.019131625071167946,71,0,AUTO,True
2026-08-31 11:46:24,-35.3636406,149.1684889,29.997,0.019230911508202553,71,0,AUTO,True
2026-08-31 11:46:25,-35.3636406,149.1684889,29.998,0.019055109471082687,71,0,AUTO,True
2026-08-31 11:46:25,-35.3636406,149.1684889,29.998,0.019223704934120178,71,0,AUTO,True
2026-08-31 11:46:26,-35.3636406,149.1684889,29.998,0.019696583971381187,71,0,AUTO,True
2026-08-31 11:46:26,-35.3636406,149.1684889,29.998,0.021119408309459686,71,0,AUTO,True
2026-08-31 11:46:26,-35.3636406,149.1684889,29.998,0.021388810127973557,71,0,AUTO,True
2026-08-31 11:46:27,-35.3636406,149.1684889,29.997,0.02053612843155861,71,0,AUTO,True
2026-08-31 11:46:27,-35.3636405,149.1684889,29.996,0.02050008997321129,71,0,AUTO,True
2026-08-31 11:46:28,-35.3636405,149.1684889,29.996,0.01626930944621563,71,0,AUTO,True
2026-08-31 11:46:28,-35.3636405,149.1684889,29.996,0.01487765647470951,71,0,AUTO,True
2026-08-31 11:46:28,-35.3636405,149.1684889,29.996,0.013615703210234642,71,0,AUTO,True
2026-08-31 11:46:29,-35.3636405,149.1684889,29.996,0.012817086651921272,71,0,AUTO,True
2026-08-31 11:46:29,-35.3636405,149.1684889,29.997,0.013935907743871212,71,0,AUTO,True
2026-08-31 11:46:30,-35.3636406,149.1684889,29.997,0.015174833126366138,71,0,AUTO,True
2026-08-31 11:46:30,-35.3636406,149.1684889,29.998,0.02056881971657276,71,0,AUTO,True
2026-08-31 11:46:30,-35.3636406,149.1684889,29.998,0.022141344845294952,71,0,AUTO,True
2026-08-31 11:46:31,-35.3636406,149.1684889,29.998,0.025051174685359,71,0,AUTO,True
2026-08-31 11:46:31,-35.3636406,149.1684889,29.997,0.025473574176430702,71,0,AUTO,True
2026-08-31 11:46:31,-35.3636406,149.1684889,29.997,0.02595510147511959,71,0,AUTO,True
2026-08-31 11:46:32,-35.3636406,149.1684888,29.996,0.026586664840579033,71,0,AUTO,True
2026-08-31 11:46:32,-35.3636406,149.1684888,29.996,0.026767827570438385,71,0,AUTO,True
2026-08-31 11:46:32,-35.3636406,149.1684888,29.996,0.027149155735969543,71,0,AUTO,True
2026-08-31 11:46:33,-35.3636406,149.1684888,29.996,0.02877887710928917,71,0,AUTO,True
2026-08-31 11:46:33,-35.3636406,149.1684888,29.996,0.028327111154794693,71,0,AUTO,True
2026-08-31 11:46:34,-35.3636406,149.1684888,29.996,0.026564864441752434,71,0,AUTO,True
2026-08-31 11:46:34,-35.3636406,149.1684888,29.996,0.02653670310974121,71,0,AUTO,True
2026-08-31 11:46:34,-35.3636406,149.1684888,29.996,0.025745583698153496,71,0,AUTO,True
2026-08-31 11:46:35,-35.3636406,149.1684888,29.996,0.024292968213558197,71,0,AUTO,True
2026-08-31 11:46:35,-35.3636406,149.1684888,29.997,0.019849030300974846,71,0,AUTO,True
2026-08-31 11:46:36,-35.3636406,149.1684888,29.997,0.01918172463774681,71,0,AUTO,True
2026-08-31 11:46:36,-35.3636406,149.1684888,29.998,0.01937512680888176,71,0,AUTO,True
2026-08-31 11:46:36,-35.3636406,149.1684888,29.998,0.019437149167060852,71,0,AUTO,True
2026-08-31 11:46:37,-35.3636406,149.1684888,29.998,0.018919773399829865,71,0,AUTO,True
2026-08-31 11:46:37,-35.3636406,149.1684888,29.997,0.019230294972658157,71,0,AUTO,True
2026-08-31 11:46:38,-35.3636406,149.1684888,29.996,0.021136438474059105,71,0,AUTO,True
2026-08-31 11:46:38,-35.3636406,149.1684888,29.996,0.021405579522252083,71,0,AUTO,True
2026-08-31 11:46:38,-35.3636406,149.1684888,29.996,0.019961778074502945,71,0,AUTO,True
2026-08-31 11:46:39,-35.3636406,149.1684888,29.996,0.020077113062143326,71,0,AUTO,True
2026-08-31 11:46:39,-35.3636406,149.1684888,29.996,0.020870132371783257,71,0,AUTO,True
2026-08-31 11:46:39,-35.3636406,149.1684888,29.996,0.02133113332092762,71,0,AUTO,True
2026-08-31 11:46:40,-35.3636406,149.1684888,29.997,0.02072938159108162,71,0,AUTO,True
2026-08-31 11:46:40,-35.3636406,149.1684888,29.998,0.02075682207942009,71,0,AUTO,True
2026-08-31 11:46:41,-35.3636406,149.1684888,29.998,0.021579019725322723,71,0,AUTO,True
2026-08-31 11:46:41,-35.3636406,149.1684888,29.998,0.021494930610060692,71,0,AUTO,True
2026-08-31 11:46:41,-35.3636406,149.1684888,29.998,0.020299095660448074,71,0,AUTO,True
2026-08-31 11:46:42,-35.3636406,149.1684888,29.998,0.0212375670671463,71,0,AUTO,True
2026-08-31 11:46:42,-35.3636406,149.1684888,29.997,0.024191124364733696,71,0,AUTO,True
2026-08-31 11:46:43,-35.3636406,149.1684888,29.997,0.02552112005650997,71,0,AUTO,True
2026-08-31 11:46:43,-35.3636406,149.1684888,29.996,0.026173295453190804,71,0,AUTO,True
2026-08-31 11:46:43,-35.3636406,149.1684888,29.996,0.025536291301250458,71,0,AUTO,True
2026-08-31 11:46:44,-35.3636406,149.1684888,29.996,0.024307366460561752,71,0,AUTO,True
2026-08-31 11:46:44,-35.3636406,149.1684888,29.996,0.02462989091873169,71,0,AUTO,True
2026-08-31 11:46:44,-35.3636406,149.1684888,29.996,0.02435641922056675,71,0,AUTO,True
2026-08-31 11:46:45,-35.3636406,149.1684888,29.997,0.02471465989947319,71,0,AUTO,True
2026-08-31 11:46:45,-35.3636406,149.1684888,29.997,0.024182407185435295,71,0,AUTO,True
2026-08-31 11:46:46,-35.3636406,149.1684888,29.998,0.02298029698431492,71,0,AUTO,True
2026-08-31 11:46:46,-35.3636406,149.1684888,29.998,0.021392352879047394,71,0,AUTO,True
2026-08-31 11:46:46,-35.3636406,149.1684888,29.998,0.021050212904810905,71,0,AUTO,True
2026-08-31 11:46:47,-35.3636406,149.1684888,29.998,0.020146846771240234,71,0,AUTO,True
2026-08-31 11:46:47,-35.3636406,149.1684888,29.997,0.0202739667147398,71,0,AUTO,True
2026-08-31 11:46:48,-35.3636406,149.1684888,29.997,0.02192155458033085,71,0,AUTO,True
2026-08-31 11:46:48,-35.3636406,149.1684888,29.997,0.02205146662890911,71,0,AUTO,True
2026-08-31 11:46:48,-35.3636406,149.1684888,29.996,0.02106672152876854,71,0,AUTO,True
2026-08-31 11:46:49,-35.3636406,149.1684888,29.996,0.021127833053469658,71,0,AUTO,True
2026-08-31 11:46:49,-35.3636406,149.1684888,29.996,0.021279238164424896,71,0,AUTO,True
2026-08-31 11:46:49,-35.3636406,149.1684888,29.996,0.021115971729159355,71,0,AUTO,True
2026-08-31 11:46:50,-35.3636406,149.1684888,29.997,0.021449320018291473,71,0,AUTO,True
2026-08-31 11:46:50,-35.3636406,149.1684888,29.998,0.02198697440326214,71,0,AUTO,True
2026-08-31 11:46:51,-35.3636406,149.1684888,29.998,0.024652687832713127,71,0,AUTO,True
2026-08-31 11:46:51,-35.3636406,149.1684888,29.998,0.025785012170672417,71,0,AUTO,True
2026-08-31 11:46:51,-35.3636406,149.1684888,29.998,0.026258472353219986,71,0,AUTO,True
2026-08-31 11:46:52,-35.3636406,149.1684888,29.998,0.025890152901411057,71,0,AUTO,True
2026-08-31 11:46:52,-35.3636406,149.1684888,29.998,0.0257571954280138,71,0,AUTO,True
2026-08-31 11:46:52,-35.3636406,149.1684888,29.997,0.0253702811896801,71,0,AUTO,True
2026-08-31 11:46:53,-35.3636406,149.1684888,29.997,0.026577262207865715,71,0,AUTO,True
2026-08-31 11:46:53,-35.3636406,149.1684888,29.996,0.026236483827233315,71,0,AUTO,True
2026-08-31 11:46:54,-35.3636406,149.1684888,29.996,0.027900638058781624,71,0,AUTO,True
2026-08-31 11:46:54,-35.3636406,149.1684888,29.996,0.02802203968167305,71,0,AUTO,True
2026-08-31 11:46:54,-35.3636406,149.1684888,29.997,0.02521589957177639,71,0,AUTO,True
2026-08-31 11:46:55,-35.3636406,149.1684888,29.998,0.024445973336696625,71,0,AUTO,True
2026-08-31 11:46:55,-35.3636406,149.1684888,29.998,0.02329317107796669,71,0,AUTO,True
2026-08-31 11:46:56,-35.3636406,149.1684888,29.998,0.02312377654016018,71,0,AUTO,True
2026-08-31 11:46:56,-35.3636406,149.1684888,29.998,0.02402486465871334,71,0,AUTO,True
2026-08-31 11:46:56,-35.3636406,149.1684888,29.998,0.02361590601503849,71,0,AUTO,True
2026-08-31 11:46:57,-35.3636406,149.1684888,29.997,0.02215956337749958,71,0,AUTO,True
2026-08-31 11:46:57,-35.3636406,149.1684888,29.996,0.02159874327480793,71,0,AUTO,True
2026-08-31 11:46:58,-35.3636406,149.1684888,29.996,0.019663657993078232,71,0,AUTO,True
2026-08-31 11:46:58,-35.3636406,149.1684888,29.996,0.020740075036883354,71,0,AUTO,True
2026-08-31 11:46:58,-35.3636406,149.1684888,29.996,0.021080031991004944,71,0,AUTO,True
2026-08-31 11:46:59,-35.3636406,149.1684888,29.996,0.021568307653069496,71,0,AUTO,True
2026-08-31 11:46:59,-35.3636406,149.1684888,29.996,0.02424788475036621,71,0,AUTO,True
2026-08-31 11:46:59,-35.3636406,149.1684888,29.997,0.025247855111956596,71,0,AUTO,True
2026-08-31 11:47:00,-35.3636406,149.1684888,29.998,0.025315050035715103,71,0,AUTO,True
2026-08-31 11:47:00,-35.3636406,149.1684888,29.998,0.024757597595453262,71,0,AUTO,True
2026-08-31 11:47:01,-35.3636406,149.1684888,29.998,0.02479637786746025,71,0,AUTO,True
2026-08-31 11:47:01,-35.3636406,149.1684888,29.998,0.025152010843157768,71,0,AUTO,True
2026-08-31 11:47:01,-35.3636406,149.1684888,29.998,0.02536853961646557,71,0,AUTO,True
2026-08-31 11:47:02,-35.3636406,149.1684888,29.997,0.025948461145162582,71,0,AUTO,True
2026-08-31 11:47:02,-35.3636406,149.1684888,29.997,0.02596074342727661,71,0,AUTO,True
2026-08-31 11:47:02,-35.3636406,149.1684888,29.997,0.024686573073267937,71,0,AUTO,True
2026-08-31 11:47:03,-35.3636406,149.1684888,29.996,0.023201460018754005,71,0,AUTO,True
2026-08-31 11:47:03,-35.3636406,149.1684888,29.996,0.022721000015735626,71,0,AUTO,True
2026-08-31 11:47:04,-35.3636406,149.1684888,29.996,0.02154827117919922,71,0,AUTO,True
2026-08-31 11:47:04,-35.3636406,149.1684888,29.997,0.02102707140147686,71,0,AUTO,True
2026-08-31 11:47:04,-35.3636406,149.1684888,29.997,0.021128293126821518,71,0,AUTO,True
2026-08-31 11:47:05,-35.3636406,149.1684888,29.998,0.02141626924276352,71,0,AUTO,True
2026-08-31 11:47:05,-35.3636406,149.1684888,29.998,0.021291207522153854,71,0,AUTO,True
2026-08-31 11:47:05,-35.3636406,149.1684888,29.998,0.020902208983898163,71,0,AUTO,True
2026-08-31 11:47:06,-35.3636406,149.1684888,29.998,0.021814582869410515,71,0,AUTO,True
2026-08-31 11:47:06,-35.3636406,149.1684888,29.997,0.02238423191010952,71,0,AUTO,True
2026-08-31 11:47:07,-35.3636406,149.1684888,29.997,0.02297959476709366,71,0,AUTO,True
2026-08-31 11:47:07,-35.3636406,149.1684888,29.997,0.024294277653098106,71,0,AUTO,True
2026-08-31 11:47:07,-35.3636406,149.1684888,29.996,0.026424312964081764,71,0,AUTO,True
2026-08-31 11:47:08,-35.3636406,149.1684888,29.996,0.02732826955616474,71,0,AUTO,True
2026-08-31 11:47:08,-35.3636406,149.1684888,29.996,0.028523558750748634,71,0,AUTO,True
2026-08-31 11:47:08,-35.3636406,149.1684888,29.996,0.02896800823509693,71,0,AUTO,True
2026-08-31 11:47:09,-35.3636406,149.1684888,29.996,0.029280224815011024,71,0,AUTO,True
2026-08-31 11:47:09,-35.3636406,149.1684888,29.997,0.028042634949088097,71,0,AUTO,True
2026-08-31 11:47:10,-35.3636406,149.1684888,29.998,0.027242597192525864,71,0,AUTO,True
2026-08-31 11:47:10,-35.3636406,149.1684888,29.998,0.027937665581703186,71,0,AUTO,True
2026-08-31 11:47:10,-35.3636406,149.1684888,29.998,0.02751459926366806,71,0,AUTO,True
2026-08-31 11:47:11,-35.3636406,149.1684888,29.998,0.0269311610609293,71,0,AUTO,True
2026-08-31 11:47:11,-35.3636406,149.1684888,29.999,0.02460213005542755,71,0,AUTO,True
2026-08-31 11:47:11,-35.3636406,149.1684888,29.998,0.02327442541718483,71,0,AUTO,True
2026-08-31 11:47:12,-35.3636406,149.1684888,29.997,0.020806943997740746,71,0,AUTO,True
2026-08-31 11:47:12,-35.3636406,149.1684888,29.997,0.01947554387152195,71,0,AUTO,True
2026-08-31 11:47:13,-35.3636406,149.1684888,29.996,0.01950218714773655,71,0,AUTO,True
2026-08-31 11:47:13,-35.3636406,149.1684888,29.996,0.020552419126033783,71,0,AUTO,True
2026-08-31 11:47:13,-35.3636406,149.1684888,29.996,0.021145498380064964,71,0,AUTO,True
2026-08-31 11:47:14,-35.3636406,149.1684888,29.996,0.020326048135757446,71,0,AUTO,True
2026-08-31 11:47:14,-35.3636406,149.1684888,29.996,0.02109367772936821,71,0,AUTO,True
2026-08-31 11:47:14,-35.3636406,149.1684888,29.996,0.02121138572692871,71,0,AUTO,True
2026-08-31 11:47:15,-35.3636406,149.1684888,29.996,0.022134432569146156,71,0,AUTO,True
2026-08-31 11:47:15,-35.3636406,149.1684888,29.997,0.021778155118227005,71,0,AUTO,True
2026-08-31 11:47:16,-35.3636406,149.1684888,29.998,0.02295253798365593,71,0,AUTO,True
2026-08-31 11:47:16,-35.3636406,149.1684888,29.998,0.02405407652258873,71,0,AUTO,True
2026-08-31 11:47:16,-35.3636406,149.1684888,29.998,0.025168614462018013,71,0,AUTO,True
2026-08-31 11:47:17,-35.3636406,149.1684888,29.997,0.025649266317486763,71,0,AUTO,True
2026-08-31 11:47:17,-35.3636406,149.1684888,29.997,0.026639802381396294,71,0,AUTO,True
2026-08-31 11:47:17,-35.3636406,149.1684888,29.997,0.02662077359855175,71,0,AUTO,True
2026-08-31 11:47:18,-35.3636406,149.1684888,29.996,0.02645319513976574,71,0,AUTO,True
2026-08-31 11:47:18,-35.3636406,149.1684888,29.996,0.025388536974787712,71,0,AUTO,True
2026-08-31 11:47:19,-35.3636406,149.1684888,29.996,0.024535415694117546,71,0,AUTO,True
2026-08-31 11:47:19,-35.3636406,149.1684888,29.996,0.025020476430654526,71,0,AUTO,True
2026-08-31 11:47:19,-35.3636406,149.1684888,29.996,0.024980945512652397,71,0,AUTO,True
2026-08-31 11:47:20,-35.3636406,149.1684888,29.996,0.02477789670228958,71,0,AUTO,True
2026-08-31 11:47:20,-35.3636406,149.1684888,29.997,0.025200992822647095,71,0,AUTO,True
2026-08-31 11:47:21,-35.3636406,149.1684888,29.998,0.024312540888786316,71,0,AUTO,True
2026-08-31 11:47:21,-35.3636406,149.1684888,29.998,0.022266529500484467,71,0,AUTO,True
2026-08-31 11:47:21,-35.3636406,149.1684888,29.998,0.021244429051876068,71,0,AUTO,True
2026-08-31 11:47:22,-35.3636406,149.1684888,29.998,0.020898524671792984,71,0,AUTO,True
2026-08-31 11:47:22,-35.3636406,149.1684888,29.998,0.021512294188141823,71,0,AUTO,True
2026-08-31 11:47:22,-35.3636406,149.1684888,29.997,0.024207070469856262,71,0,AUTO,True
2026-08-31 11:47:23,-35.3636406,149.1684888,29.997,0.02519110217690468,71,0,AUTO,True
2026-08-31 11:47:23,-35.3636406,149.1684888,29.996,0.024693604558706284,71,0,AUTO,True
2026-08-31 11:47:24,-35.3636406,149.1684888,29.996,0.024661187082529068,71,0,AUTO,True
2026-08-31 11:47:24,-35.3636406,149.1684888,29.996,0.026296155527234077,71,0,AUTO,True
2026-08-31 11:47:24,-35.3636406,149.1684888,29.996,0.026199499145150185,71,0,AUTO,True
2026-08-31 11:47:25,-35.3636406,149.1684888,29.996,0.026660166680812836,71,0,AUTO,True
2026-08-31 11:47:25,-35.3636406,149.1684888,29.998,0.027246514335274696,71,0,AUTO,True
2026-08-31 11:47:26,-35.3636406,149.1684888,29.998,0.02803274616599083,71,0,AUTO,True
2026-08-31 11:47:26,-35.3636406,149.1684888,29.998,0.026536112651228905,71,0,AUTO,True
2026-08-31 11:47:26,-35.3636406,149.1684888,29.998,0.025476302951574326,71,0,AUTO,True
2026-08-31 11:47:27,-35.3636406,149.1684888,29.998,0.024432674050331116,71,0,AUTO,True
2026-08-31 11:47:27,-35.3636406,149.1684888,29.997,0.02375648356974125,71,0,AUTO,True
2026-08-31 11:47:27,-35.3636406,149.1684888,29.997,0.02336239628493786,71,0,AUTO,True
2026-08-31 11:47:27,-35.3636406,149.1684888,29.997,0.02336239628493786,71,0,AUTO,True
2026-08-31 11:47:28,-35.3636406,149.1684888,29.996,0.023360222578048706,71,0,AUTO,True
2026-08-31 11:47:28,-35.3636406,149.1684888,29.996,0.023803267627954483,71,0,AUTO,True
2026-08-31 11:47:29,-35.3636406,149.1684888,29.996,0.024693649262189865,71,0,AUTO,True
2026-08-31 11:47:29,-35.3636406,149.1684888,29.997,0.024241575971245766,71,0,AUTO,True
2026-08-31 11:47:29,-35.3636406,149.1684888,29.997,0.022250946611166,71,0,AUTO,True
2026-08-31 11:47:30,-35.3636406,149.1684888,29.998,0.0215972401201725,71,0,AUTO,True
2026-08-31 11:47:30,-35.3636406,149.1684888,29.998,0.020811112597584724,71,0,AUTO,True
2026-08-31 11:47:30,-35.3636406,149.1684888,29.998,0.020497465506196022,71,0,AUTO,True
2026-08-31 11:47:31,-35.3636406,149.1684888,29.998,0.021014492958784103,71,0,AUTO,True
2026-08-31 11:47:31,-35.3636406,149.1684888,29.997,0.02177274227142334,71,0,AUTO,True
2026-08-31 11:47:32,-35.3636406,149.1684888,29.997,0.022611331194639206,71,0,AUTO,True
2026-08-31 11:47:32,-35.3636406,149.1684888,29.997,0.02194785885512829,71,0,AUTO,True
2026-08-31 11:47:32,-35.3636406,149.1684888,29.996,0.021242473274469376,71,0,AUTO,True
2026-08-31 11:47:33,-35.3636406,149.1684888,29.996,0.02164258249104023,71,0,AUTO,True
2026-08-31 11:47:33,-35.3636406,149.1684888,29.996,0.023091595619916916,71,0,AUTO,True
2026-08-31 11:47:34,-35.3636406,149.1684888,29.996,0.024316899478435516,71,0,AUTO,True
2026-08-31 11:47:34,-35.3636406,149.1684888,29.996,0.026969555765390396,71,0,AUTO,True
2026-08-31 11:47:34,-35.3636406,149.1684888,29.997,0.027094032615423203,71,0,AUTO,True
2026-08-31 11:47:35,-35.3636406,149.1684888,29.997,0.026562798768281937,71,0,AUTO,True
2026-08-31 11:47:35,-35.3636406,149.1684888,29.998,0.026046250015497208,71,0,AUTO,True
2026-08-31 11:47:35,-35.3636406,149.1684888,29.998,0.025318030267953873,71,0,AUTO,True
2026-08-31 11:47:36,-35.3636406,149.1684888,29.998,0.025226371362805367,71,0,AUTO,True
2026-08-31 11:47:36,-35.3636406,149.1684888,29.998,0.024933813139796257,71,0,AUTO,True
2026-08-31 11:47:37,-35.3636406,149.1684888,29.997,0.02423429675400257,71,0,AUTO,True
2026-08-31 11:47:37,-35.3636406,149.1684888,29.997,0.024693459272384644,71,0,AUTO,True
2026-08-31 11:47:37,-35.3636406,149.1684888,29.997,0.024414055049419403,71,0,AUTO,True
2026-08-31 11:47:38,-35.3636406,149.1684888,29.996,0.026270398870110512,71,0,AUTO,True
2026-08-31 11:47:38,-35.3636406,149.1684888,29.996,0.026856254786252975,71,0,AUTO,True
2026-08-31 11:47:39,-35.3636406,149.1684888,29.996,0.026059573516249657,71,0,AUTO,True
2026-08-31 11:47:39,-35.3636406,149.1684888,29.996,0.02665221318602562,71,0,AUTO,True
2026-08-31 11:47:39,-35.3636406,149.1684888,29.997,0.0245734341442585,71,0,AUTO,True
2026-08-31 11:47:40,-35.3636406,149.1684888,29.997,0.02364806830883026,71,0,AUTO,True
2026-08-31 11:47:40,-35.3636406,149.1684888,29.998,0.023558929562568665,71,0,AUTO,True
2026-08-31 11:47:40,-35.3636406,149.1684888,29.998,0.023687215521931648,71,0,AUTO,True
2026-08-31 11:47:41,-35.3636406,149.1684888,29.998,0.02466445229947567,71,0,AUTO,True
2026-08-31 11:47:41,-35.3636406,149.1684888,29.998,0.024433813989162445,71,0,AUTO,True
2026-08-31 11:47:42,-35.3636406,149.1684888,29.997,0.02276732586324215,71,0,AUTO,True
2026-08-31 11:47:42,-35.3636406,149.1684888,29.997,0.022529082372784615,71,0,AUTO,True
2026-08-31 11:47:43,-35.3636406,149.1684888,29.997,0.023388396948575974,71,0,AUTO,True
2026-08-31 11:47:43,-35.3636406,149.1684888,29.996,0.024583060294389725,71,0,AUTO,True
2026-08-31 11:47:43,-35.3636406,149.1684888,29.996,0.02612125314772129,71,0,AUTO,True
2026-08-31 11:47:44,-35.3636406,149.1684888,29.996,0.025765052065253258,71,0,AUTO,True
2026-08-31 11:47:44,-35.3636406,149.1684888,29.996,0.025093339383602142,71,0,AUTO,True
2026-08-31 11:47:44,-35.3636406,149.1684888,29.997,0.024502543732523918,71,0,AUTO,True
2026-08-31 11:47:45,-35.3636406,149.1684888,29.998,0.024318592622876167,71,0,AUTO,True
2026-08-31 11:47:45,-35.3636406,149.1684888,29.998,0.024132177233695984,71,0,AUTO,True
2026-08-31 11:47:46,-35.3636406,149.1684888,29.998,0.025205524638295174,71,0,AUTO,True
2026-08-31 11:47:46,-35.3636406,149.1684888,29.998,0.025317657738924026,71,0,AUTO,True
2026-08-31 11:47:46,-35.3636406,149.1684888,29.997,0.02448439411818981,71,0,AUTO,True
2026-08-31 11:47:47,-35.3636406,149.1684888,29.997,0.024877846240997314,71,0,AUTO,True
2026-08-31 11:47:47,-35.3636406,149.1684888,29.996,0.024081090465188026,71,0,AUTO,True
2026-08-31 11:47:48,-35.3636406,149.1684888,29.996,0.02307812124490738,71,0,AUTO,True
2026-08-31 11:47:48,-35.3636406,149.1684888,29.996,0.02192561700940132,71,0,AUTO,True
2026-08-31 11:47:48,-35.3636406,149.1684888,29.996,0.02151401713490486,71,0,AUTO,True
2026-08-31 11:47:49,-35.3636406,149.1684888,29.996,0.020305687561631203,71,0,AUTO,True
2026-08-31 11:47:49,-35.3636406,149.1684888,29.997,0.020512184128165245,71,0,AUTO,True
2026-08-31 11:47:49,-35.3636406,149.1684888,29.998,0.0213883388787508,71,0,AUTO,True
2026-08-31 11:47:50,-35.3636406,149.1684888,29.998,0.022196142002940178,71,0,AUTO,True
2026-08-31 11:47:50,-35.3636406,149.1684888,29.998,0.02286418341100216,71,0,AUTO,True
2026-08-31 11:47:51,-35.3636406,149.1684888,29.998,0.02276839315891266,71,0,AUTO,True
2026-08-31 11:47:51,-35.3636406,149.1684888,29.998,0.023768454790115356,71,0,AUTO,True
2026-08-31 11:47:51,-35.3636406,149.1684888,29.997,0.024736331775784492,71,0,AUTO,True
2026-08-31 11:47:52,-35.3636406,149.1684888,29.997,0.025594711303710938,71,0,AUTO,True
2026-08-31 11:47:52,-35.3636406,149.1684888,29.996,0.02589178830385208,71,0,AUTO,True
2026-08-31 11:47:52,-35.3636406,149.1684888,29.996,0.02754903770983219,71,0,AUTO,True
2026-08-31 11:47:53,-35.3636406,149.1684888,29.996,0.02847907319664955,71,0,AUTO,True
2026-08-31 11:47:53,-35.3636406,149.1684888,29.996,0.028792116791009903,71,0,AUTO,True
2026-08-31 11:47:54,-35.3636406,149.1684888,29.997,0.028869377449154854,71,0,AUTO,True
2026-08-31 11:47:54,-35.3636406,149.1684888,29.998,0.028201086446642876,71,0,AUTO,True
2026-08-31 11:47:54,-35.3636406,149.1684888,29.998,0.02755068987607956,71,0,AUTO,True
2026-08-31 11:47:55,-35.3636406,149.1684888,29.998,0.02757873572409153,71,0,AUTO,True
2026-08-31 11:47:55,-35.3636406,149.1684888,29.997,0.027860017493367195,71,0,AUTO,True
2026-08-31 11:47:56,-35.3636406,149.1684888,29.997,0.02723022736608982,71,0,AUTO,True
2026-08-31 11:47:56,-35.3636406,149.1684888,29.997,0.026362815871834755,71,0,AUTO,True
2026-08-31 11:47:56,-35.3636406,149.1684888,29.996,0.022627195343375206,71,0,AUTO,True
2026-08-31 11:47:57,-35.3636406,149.1684888,29.996,0.021309763193130493,71,0,AUTO,True
2026-08-31 11:47:57,-35.3636406,149.1684888,29.996,0.019475944340229034,71,0,AUTO,True
2026-08-31 11:47:57,-35.3636406,149.1684888,29.996,0.018725067377090454,71,0,AUTO,True
2026-08-31 11:47:58,-35.3636406,149.1684888,29.996,0.019675828516483307,71,0,AUTO,True
2026-08-31 11:47:58,-35.3636406,149.1684888,29.997,0.019607650116086006,71,0,AUTO,True
2026-08-31 11:47:59,-35.3636406,149.1684888,29.997,0.020156705752015114,71,0,AUTO,True
2026-08-31 11:47:59,-35.3636406,149.1684888,29.998,0.021528210490942,71,0,AUTO,True
2026-08-31 11:47:59,-35.3636406,149.1684888,29.998,0.02233860455453396,71,0,AUTO,True
2026-08-31 11:48:00,-35.3636406,149.1684888,29.998,0.022547971457242966,71,0,AUTO,True
2026-08-31 11:48:00,-35.3636406,149.1684888,29.998,0.023921998217701912,71,0,AUTO,True
2026-08-31 11:48:01,-35.3636406,149.1684888,29.997,0.02511279471218586,71,0,AUTO,True
2026-08-31 11:48:01,-35.3636406,149.1684888,29.997,0.026182034984230995,71,0,AUTO,True
2026-08-31 11:48:01,-35.3636406,149.1684888,29.996,0.026051074266433716,71,0,AUTO,True
2026-08-31 11:48:02,-35.3636406,149.1684888,29.996,0.02563299611210823,71,0,AUTO,True
2026-08-31 11:48:02,-35.3636406,149.1684888,29.996,0.02574091963469982,71,0,AUTO,True
2026-08-31 11:48:02,-35.3636406,149.1684888,29.996,0.025251582264900208,71,0,AUTO,True
2026-08-31 11:48:03,-35.3636406,149.1684888,29.996,0.024743767455220222,71,0,AUTO,True
2026-08-31 11:48:03,-35.3636406,149.1684888,29.996,0.024307727813720703,71,0,AUTO,True
2026-08-31 11:48:04,-35.3636406,149.1684888,29.997,0.02486739121377468,71,0,AUTO,True
2026-08-31 11:48:04,-35.3636406,149.1684888,29.997,0.02616407349705696,71,0,AUTO,True
2026-08-31 11:48:04,-35.3636406,149.1684888,29.998,0.025823673233389854,71,0,AUTO,True
2026-08-31 11:48:05,-35.3636406,149.1684888,29.998,0.024041924625635147,71,0,AUTO,True
2026-08-31 11:48:05,-35.3636406,149.1684888,29.998,0.021422311663627625,71,0,AUTO,True
2026-08-31 11:48:06,-35.3636406,149.1684888,29.997,0.02107773907482624,71,0,AUTO,True
2026-08-31 11:48:06,-35.3636406,149.1684888,29.997,0.02107773907482624,71,0,AUTO,True
2026-08-31 11:48:06,-35.3636406,149.1684888,29.997,0.021636804565787315,71,0,AUTO,True
2026-08-31 11:48:07,-35.3636406,149.1684888,29.996,0.021522007882595062,71,0,AUTO,True
2026-08-31 11:48:07,-35.3636406,149.1684888,29.996,0.021626748144626617,71,0,AUTO,True
2026-08-31 11:48:07,-35.3636406,149.1684888,29.996,0.021767141297459602,71,0,AUTO,True
2026-08-31 11:48:08,-35.3636406,149.1684888,29.996,0.022610312327742577,71,0,AUTO,True
2026-08-31 11:48:08,-35.3636406,149.1684888,29.997,0.022309448570013046,71,0,AUTO,True
2026-08-31 11:48:09,-35.3636406,149.1684888,29.997,0.02437470108270645,71,0,AUTO,True
2026-08-31 11:48:09,-35.3636406,149.1684888,29.998,0.026360882446169853,71,0,AUTO,True
2026-08-31 11:48:09,-35.3636406,149.1684888,29.998,0.028332047164440155,71,0,AUTO,True
2026-08-31 11:48:10,-35.3636406,149.1684888,29.998,0.02927616611123085,71,0,AUTO,True
2026-08-31 11:48:10,-35.3636406,149.1684888,29.998,0.029571563005447388,71,0,AUTO,True
2026-08-31 11:48:10,-35.3636406,149.1684888,29.997,0.028541509062051773,71,0,AUTO,True
2026-08-31 11:48:11,-35.3636406,149.1684888,29.997,0.0281189177185297,71,0,AUTO,True
2026-08-31 11:48:11,-35.3636406,149.1684888,29.996,0.02810988388955593,71,0,AUTO,True
2026-08-31 11:48:12,-35.3636406,149.1684888,29.996,0.027601927518844604,71,0,AUTO,True
2026-08-31 11:48:12,-35.3636406,149.1684888,29.996,0.026898078620433807,71,0,AUTO,True
2026-08-31 11:48:12,-35.3636406,149.1684888,29.996,0.02487623691558838,71,0,AUTO,True
2026-08-31 11:48:13,-35.3636406,149.1684888,29.996,0.024095870554447174,71,0,AUTO,True
2026-08-31 11:48:13,-35.3636406,149.1684888,29.997,0.02342003770172596,71,0,AUTO,True
2026-08-31 11:48:13,-35.3636406,149.1684888,29.998,0.02363365702331066,71,0,AUTO,True
2026-08-31 11:48:14,-35.3636406,149.1684888,29.998,0.022303685545921326,71,0,AUTO,True
2026-08-31 11:48:14,-35.3636406,149.1684888,29.998,0.020924074575304985,71,0,AUTO,True
2026-08-31 11:48:15,-35.3636406,149.1684888,29.998,0.020616130903363228,71,0,AUTO,True
2026-08-31 11:48:15,-35.3636406,149.1684888,29.998,0.020566310733556747,71,0,AUTO,True
2026-08-31 11:48:15,-35.3636406,149.1684888,29.997,0.020928967744112015,71,0,AUTO,True
2026-08-31 11:48:16,-35.3636406,149.1684888,29.997,0.02168395183980465,71,0,AUTO,True
2026-08-31 11:48:16,-35.3636406,149.1684888,29.996,0.0219270009547472,71,0,AUTO,True
2026-08-31 11:48:17,-35.3636406,149.1684888,29.996,0.022037262097001076,71,0,AUTO,True
2026-08-31 11:48:17,-35.3636406,149.1684888,29.996,0.02206231839954853,71,0,AUTO,True
2026-08-31 11:48:17,-35.3636406,149.1684888,29.996,0.02118561789393425,71,0,AUTO,True
2026-08-31 11:48:18,-35.3636406,149.1684888,29.996,0.021740498021245003,71,0,AUTO,True
2026-08-31 11:48:18,-35.3636406,149.1684888,29.996,0.023381976410746574,71,0,AUTO,True
2026-08-31 11:48:18,-35.3636406,149.1684888,29.997,0.025998692959547043,71,0,AUTO,True
2026-08-31 11:48:19,-35.3636406,149.1684888,29.998,0.026696201413869858,71,0,AUTO,True
2026-08-31 11:48:19,-35.3636406,149.1684888,29.998,0.026554306969046593,71,0,AUTO,True
2026-08-31 11:48:20,-35.3636406,149.1684888,29.998,0.026254629716277122,71,0,AUTO,True
2026-08-31 11:48:20,-35.3636406,149.1684888,29.998,0.025896510109305382,71,0,AUTO,True
2026-08-31 11:48:20,-35.3636406,149.1684888,29.997,0.025724010542035103,71,0,AUTO,True
2026-08-31 11:48:21,-35.3636406,149.1684888,29.997,0.025156637653708458,71,0,AUTO,True
2026-08-31 11:48:21,-35.3636406,149.1684888,29.996,0.024894678965210915,71,0,AUTO,True
2026-08-31 11:48:22,-35.3636406,149.1684888,29.996,0.024604354053735733,71,0,AUTO,True
2026-08-31 11:48:22,-35.3636406,149.1684888,29.996,0.025272702798247337,71,0,AUTO,True
2026-08-31 11:48:22,-35.3636406,149.1684888,29.996,0.025624355301260948,71,0,AUTO,True
2026-08-31 11:48:23,-35.3636406,149.1684888,29.996,0.025412222370505333,71,0,AUTO,True
2026-08-31 11:48:23,-35.3636406,149.1684888,29.996,0.023365546017885208,71,0,AUTO,True
2026-08-31 11:48:23,-35.3636406,149.1684888,29.997,0.02250833995640278,71,0,AUTO,True
2026-08-31 11:48:24,-35.3636406,149.1684888,29.997,0.024587146937847137,71,0,AUTO,True
2026-08-31 11:48:24,-35.3636406,149.1684888,29.998,0.024643639102578163,71,0,AUTO,True
2026-08-31 11:48:25,-35.3636406,149.1684888,29.998,0.02469741180539131,71,0,AUTO,True
2026-08-31 11:48:25,-35.3636406,149.1684888,29.998,0.025402436032891273,71,0,AUTO,True
2026-08-31 11:48:25,-35.3636406,149.1684888,29.998,0.024456560611724854,71,0,AUTO,True
2026-08-31 11:48:26,-35.3636406,149.1684888,29.997,0.024345919489860535,71,0,AUTO,True
2026-08-31 11:48:26,-35.3636406,149.1684888,29.997,0.02443167380988598,71,0,AUTO,True
2026-08-31 11:48:27,-35.3636406,149.1684888,29.997,0.024604573845863342,71,0,AUTO,True
2026-08-31 11:48:27,-35.3636406,149.1684888,29.996,0.024255361407995224,71,0,AUTO,True
2026-08-31 11:48:27,-35.3636406,149.1684888,29.996,0.023604054003953934,71,0,AUTO,True
2026-08-31 11:48:28,-35.3636406,149.1684888,29.996,0.023261846974492073,71,0,AUTO,True
2026-08-31 11:48:28,-35.3636406,149.1684888,29.996,0.023981573060154915,71,0,AUTO,True
2026-08-31 11:48:28,-35.3636406,149.1684888,29.996,0.02583352103829384,71,0,AUTO,True
2026-08-31 11:48:29,-35.3636406,149.1684888,29.997,0.026067331433296204,71,0,AUTO,True
2026-08-31 11:48:29,-35.3636406,149.1684888,29.998,0.02566380798816681,71,0,AUTO,True
2026-08-31 11:48:29,-35.3636406,149.1684888,29.998,0.024724692106246948,71,0,AUTO,True
2026-08-31 11:48:30,-35.3636406,149.1684888,29.998,0.024147775024175644,71,0,AUTO,True
2026-08-31 11:48:30,-35.3636406,149.1684888,29.998,0.02402026578783989,71,0,AUTO,True
2026-08-31 11:48:31,-35.3636406,149.1684888,29.998,0.02445501647889614,71,0,AUTO,True
2026-08-31 11:48:31,-35.3636406,149.1684888,29.997,0.02432684600353241,71,0,AUTO,True
2026-08-31 11:48:31,-35.3636406,149.1684888,29.997,0.025063052773475647,71,0,AUTO,True
2026-08-31 11:48:32,-35.3636406,149.1684888,29.996,0.02520029805600643,71,0,AUTO,True
2026-08-31 11:48:32,-35.3636406,149.1684888,29.996,0.02301715314388275,71,0,AUTO,True
2026-08-31 11:48:33,-35.3636406,149.1684888,29.996,0.022102991119027138,71,0,AUTO,True
2026-08-31 11:48:33,-35.3636406,149.1684888,29.996,0.021207671612501144,71,0,AUTO,True
2026-08-31 11:48:33,-35.3636406,149.1684888,29.996,0.02135396935045719,71,0,AUTO,True
2026-08-31 11:48:34,-35.3636406,149.1684888,29.997,0.02235051617026329,71,0,AUTO,True
2026-08-31 11:48:34,-35.3636406,149.1684888,29.997,0.023043625056743622,71,0,AUTO,True
2026-08-31 11:48:34,-35.3636406,149.1684888,29.998,0.022592710331082344,71,0,AUTO,True
2026-08-31 11:48:35,-35.3636406,149.1684888,29.998,0.022146839648485184,71,0,AUTO,True
2026-08-31 11:48:35,-35.3636406,149.1684888,29.998,0.021344944834709167,71,0,AUTO,True
2026-08-31 11:48:36,-35.3636406,149.1684888,29.998,0.021391360089182854,71,0,AUTO,True
2026-08-31 11:48:36,-35.3636406,149.1684888,29.998,0.02262031100690365,71,0,AUTO,True
2026-08-31 11:48:36,-35.3636406,149.1684888,29.997,0.023328449577093124,71,0,AUTO,True
2026-08-31 11:48:37,-35.3636406,149.1684888,29.997,0.025722075253725052,71,0,AUTO,True
2026-08-31 11:48:37,-35.3636406,149.1684888,29.996,0.0264691561460495,71,0,AUTO,True
2026-08-31 11:48:37,-35.3636406,149.1684888,29.996,0.02648741565644741,71,0,AUTO,True
2026-08-31 11:48:38,-35.3636406,149.1684888,29.996,0.027040895074605942,71,0,AUTO,True
2026-08-31 11:48:38,-35.3636406,149.1684888,29.997,0.027746209874749184,71,0,AUTO,True
2026-08-31 11:48:39,-35.3636406,149.1684888,29.997,0.028373196721076965,71,0,AUTO,True
2026-08-31 11:48:39,-35.3636406,149.1684888,29.998,0.029530422762036324,71,0,AUTO,True
2026-08-31 11:48:40,-35.3636406,149.1684888,29.998,0.02857234515249729,71,0,AUTO,True
2026-08-31 11:48:40,-35.3636406,149.1684888,29.998,0.02815050072968006,71,0,AUTO,True
2026-08-31 11:48:40,-35.3636406,149.1684888,29.997,0.02815050072968006,71,0,AUTO,True
2026-08-31 11:48:41,-35.3636406,149.1684888,29.997,0.025793708860874176,71,0,AUTO,True
2026-08-31 11:48:41,-35.3636406,149.1684888,29.996,0.025556394830346107,71,0,AUTO,True
2026-08-31 11:48:41,-35.3636406,149.1684888,29.996,0.023904690518975258,71,0,AUTO,True
2026-08-31 11:48:42,-35.3636406,149.1684888,29.996,0.02207348681986332,71,0,AUTO,True
2026-08-31 11:48:42,-35.3636406,149.1684888,29.996,0.0187354888767004,71,0,AUTO,True
2026-08-31 11:48:42,-35.3636406,149.1684888,29.997,0.018511898815631866,71,0,AUTO,True
2026-08-31 11:48:43,-35.3636406,149.1684888,29.997,0.020477619022130966,71,0,AUTO,True
2026-08-31 11:48:43,-35.3636406,149.1684888,29.998,0.02052501030266285,71,0,AUTO,True
2026-08-31 11:48:44,-35.3636406,149.1684888,29.998,0.021570924669504166,71,0,AUTO,True
2026-08-31 11:48:44,-35.3636406,149.1684888,29.998,0.022333061322569847,71,0,AUTO,True
2026-08-31 11:48:44,-35.3636406,149.1684888,29.998,0.02178855612874031,71,0,AUTO,True
2026-08-31 11:48:45,-35.3636406,149.1684888,29.997,0.022150201722979546,71,0,AUTO,True
2026-08-31 11:48:45,-35.3636406,149.1684888,29.997,0.02331548184156418,71,0,AUTO,True
2026-08-31 11:48:45,-35.3636406,149.1684888,29.997,0.0245361328125,71,0,AUTO,True
2026-08-31 11:48:46,-35.3636406,149.1684888,29.996,0.026897156611084938,71,0,AUTO,True
2026-08-31 11:48:46,-35.3636406,149.1684888,29.996,0.02605327032506466,71,0,AUTO,True
2026-08-31 11:48:47,-35.3636406,149.1684888,29.996,0.025506997480988503,71,0,AUTO,True
2026-08-31 11:48:47,-35.3636406,149.1684888,29.996,0.025471076369285583,71,0,AUTO,True
2026-08-31 11:48:47,-35.3636406,149.1684888,29.996,0.024346789345145226,71,0,AUTO,True
2026-08-31 11:48:48,-35.3636406,149.1684888,29.997,0.025250032544136047,71,0,AUTO,True
2026-08-31 11:48:48,-35.3636406,149.1684888,29.997,0.025553585961461067,71,0,AUTO,True
2026-08-31 11:48:49,-35.3636406,149.1684888,29.998,0.02538604475557804,71,0,AUTO,True
2026-08-31 11:48:49,-35.3636406,149.1684888,29.998,0.02468279004096985,71,0,AUTO,True
2026-08-31 11:48:49,-35.3636406,149.1684888,29.998,0.02334800735116005,71,0,AUTO,True
2026-08-31 11:48:50,-35.3636406,149.1684888,29.998,0.021988289430737495,71,0,AUTO,True
2026-08-31 11:48:50,-35.3636406,149.1684888,29.997,0.021747088059782982,71,0,AUTO,True
2026-08-31 11:48:50,-35.3636406,149.1684888,29.997,0.02046913281083107,71,0,AUTO,True
2026-08-31 11:48:51,-35.3636406,149.1684888,29.996,0.020240746438503265,71,0,AUTO,True
2026-08-31 11:48:51,-35.3636406,149.1684888,29.996,0.021816542372107506,71,0,AUTO,True
2026-08-31 11:48:52,-35.3636406,149.1684888,29.996,0.022285733371973038,71,0,AUTO,True
2026-08-31 11:48:52,-35.3636406,149.1684888,29.996,0.022530734539031982,71,0,AUTO,True
2026-08-31 11:48:52,-35.3636406,149.1684888,29.996,0.02337547019124031,71,0,AUTO,True
2026-08-31 11:48:53,-35.3636406,149.1684888,29.996,0.02562645636498928,71,0,AUTO,True
2026-08-31 11:48:53,-35.3636406,149.1684888,29.997,0.026720022782683372,71,0,AUTO,True
2026-08-31 11:48:53,-35.3636406,149.1684888,29.998,0.02796746790409088,71,0,AUTO,True
2026-08-31 11:48:54,-35.3636406,149.1684888,29.998,0.028768228366971016,71,0,AUTO,True
2026-08-31 11:48:54,-35.3636406,149.1684888,29.998,0.028661971911787987,71,0,AUTO,True
2026-08-31 11:48:55,-35.3636406,149.1684888,29.998,0.028029318898916245,71,0,AUTO,True
2026-08-31 11:48:55,-35.3636406,149.1684888,29.997,0.028023838996887207,71,0,AUTO,True
2026-08-31 11:48:55,-35.3636406,149.1684888,29.997,0.02778817154467106,71,0,AUTO,True
2026-08-31 11:48:56,-35.3636406,149.1684888,29.996,0.026246892288327217,71,0,AUTO,True
2026-08-31 11:48:56,-35.3636406,149.1684888,29.996,0.02539275400340557,71,0,AUTO,True
2026-08-31 11:48:56,-35.3636406,149.1684888,29.996,0.024201197549700737,71,0,AUTO,True
2026-08-31 11:48:57,-35.3636406,149.1684888,29.996,0.02487553283572197,71,0,AUTO,True
2026-08-31 11:48:57,-35.3636406,149.1684888,29.997,0.024141015484929085,71,0,AUTO,True
2026-08-31 11:48:58,-35.3636406,149.1684888,29.997,0.023739786818623543,71,0,AUTO,True
2026-08-31 11:48:58,-35.3636406,149.1684888,29.998,0.022917363792657852,71,0,AUTO,True
2026-08-31 11:48:59,-35.3636406,149.1684888,29.998,0.022129001095891,71,0,AUTO,True
2026-08-31 11:48:59,-35.3636406,149.1684888,29.998,0.020451173186302185,71,0,AUTO,True
2026-08-31 11:48:59,-35.3636406,149.1684888,29.997,0.019988378509879112,71,0,AUTO,True
2026-08-31 11:49:00,-35.3636406,149.1684888,29.997,0.020246101543307304,71,0,AUTO,True
2026-08-31 11:49:00,-35.3636406,149.1684888,29.997,0.020722240209579468,71,0,AUTO,True
2026-08-31 11:49:00,-35.3636406,149.1684888,29.996,0.0214910376816988,71,0,AUTO,True
2026-08-31 11:49:01,-35.3636406,149.1684888,29.996,0.02162068523466587,71,0,AUTO,True
2026-08-31 11:49:01,-35.3636406,149.1684888,29.996,0.022221913561224937,71,0,AUTO,True
2026-08-31 11:49:01,-35.3636406,149.1684888,29.996,0.02280878648161888,71,0,AUTO,True
2026-08-31 11:49:02,-35.3636406,149.1684888,29.996,0.024356022477149963,71,0,AUTO,True
2026-08-31 11:49:02,-35.3636406,149.1684888,29.997,0.024553341791033745,71,0,AUTO,True
2026-08-31 11:49:03,-35.3636406,149.1684888,29.998,0.026745369657874107,71,0,AUTO,True
2026-08-31 11:49:03,-35.3636406,149.1684888,29.998,0.027142660692334175,71,0,AUTO,True
2026-08-31 11:49:03,-35.3636406,149.1684888,29.998,0.025796735659241676,71,0,AUTO,True
2026-08-31 11:49:04,-35.3636406,149.1684888,29.998,0.025485094636678696,71,0,AUTO,True
2026-08-31 11:49:04,-35.3636406,149.1684888,29.997,0.02417822740972042,71,0,AUTO,True
2026-08-31 11:49:05,-35.3636406,149.1684888,29.997,0.024603044614195824,71,0,AUTO,True
2026-08-31 11:49:05,-35.3636406,149.1684888,29.997,0.026154009625315666,71,0,AUTO,True
2026-08-31 11:49:05,-35.3636406,149.1684888,29.996,0.025440284982323647,71,0,AUTO,True
2026-08-31 11:49:06,-35.3636406,149.1684888,29.996,0.02514837309718132,71,0,AUTO,True
2026-08-31 11:49:06,-35.3636406,149.1684888,29.996,0.024652348831295967,71,0,AUTO,True
2026-08-31 11:49:06,-35.3636406,149.1684888,29.996,0.02206953801214695,71,0,AUTO,True
2026-08-31 11:49:07,-35.3636406,149.1684888,29.997,0.022349650040268898,71,0,AUTO,True
2026-08-31 11:49:07,-35.3636406,149.1684888,29.997,0.024260759353637695,71,0,AUTO,True
2026-08-31 11:49:08,-35.3636406,149.1684888,29.998,0.024714361876249313,71,0,AUTO,True
2026-08-31 11:49:08,-35.3636406,149.1684888,29.998,0.02554161101579666,71,0,AUTO,True
2026-08-31 11:49:08,-35.3636406,149.1684888,29.998,0.025054603815078735,71,0,AUTO,True
2026-08-31 11:49:09,-35.3636406,149.1684888,29.998,0.024472303688526154,71,0,AUTO,True
2026-08-31 11:49:09,-35.3636406,149.1684888,29.997,0.024231091141700745,71,0,AUTO,True
2026-08-31 11:49:09,-35.3636406,149.1684888,29.997,0.02461083047091961,71,0,AUTO,True
2026-08-31 11:49:10,-35.3636406,149.1684888,29.996,0.02488851547241211,71,0,AUTO,True
2026-08-31 11:49:10,-35.3636406,149.1684888,29.996,0.026193294674158096,71,0,AUTO,True
2026-08-31 11:49:11,-35.3636406,149.1684888,29.996,0.026883212849497795,71,0,AUTO,True
2026-08-31 11:49:11,-35.3636406,149.1684888,29.996,0.02671266905963421,71,0,AUTO,True
2026-08-31 11:49:11,-35.3636406,149.1684888,29.996,0.025937000289559364,71,0,AUTO,True
2026-08-31 11:49:12,-35.3636406,149.1684888,29.996,0.024661382660269737,71,0,AUTO,True
2026-08-31 11:49:12,-35.3636406,149.1684888,29.998,0.02402355708181858,71,0,AUTO,True
2026-08-31 11:49:13,-35.3636406,149.1684888,29.998,0.02421429194509983,71,0,AUTO,True
2026-08-31 11:49:13,-35.3636406,149.1684888,29.998,0.0249217189848423,71,0,AUTO,True
2026-08-31 11:49:13,-35.3636406,149.1684888,29.998,0.02447846718132496,71,0,AUTO,True
2026-08-31 11:49:14,-35.3636406,149.1684888,29.998,0.024865897372364998,71,0,AUTO,True
2026-08-31 11:49:14,-35.3636406,149.1684888,29.997,0.02437466010451317,71,0,AUTO,True
2026-08-31 11:49:14,-35.3636406,149.1684888,29.997,0.024586206302046776,71,0,AUTO,True
2026-08-31 11:49:15,-35.3636406,149.1684888,29.997,0.02326052077114582,71,0,AUTO,True
2026-08-31 11:49:15,-35.3636406,149.1684888,29.996,0.022242331877350807,71,0,AUTO,True
2026-08-31 11:49:16,-35.3636406,149.1684888,29.996,0.020693063735961914,71,0,AUTO,True
2026-08-31 11:49:16,-35.3636406,149.1684888,29.996,0.02088041417300701,71,0,AUTO,True
2026-08-31 11:49:16,-35.3636406,149.1684888,29.996,0.02209271863102913,71,0,AUTO,True
2026-08-31 11:49:17,-35.3636406,149.1684888,29.997,0.02235691249370575,71,0,AUTO,True
2026-08-31 11:49:17,-35.3636406,149.1684888,29.998,0.02220577374100685,71,0,AUTO,True
2026-08-31 11:49:17,-35.3636406,149.1684888,29.998,0.021177025511860847,71,0,AUTO,True
2026-08-31 11:49:18,-35.3636406,149.1684888,29.998,0.02092917077243328,71,0,AUTO,True
2026-08-31 11:49:18,-35.3636406,149.1684888,29.998,0.021584922447800636,71,0,AUTO,True
2026-08-31 11:49:19,-35.3636406,149.1684888,29.998,0.022061986848711967,71,0,AUTO,True
2026-08-31 11:49:19,-35.3636406,149.1684888,29.997,0.022873904556035995,71,0,AUTO,True
2026-08-31 11:49:19,-35.3636406,149.1684888,29.997,0.025207294151186943,71,0,AUTO,True
2026-08-31 11:49:20,-35.3636406,149.1684888,29.996,0.025954559445381165,71,0,AUTO,True
2026-08-31 11:49:20,-35.3636406,149.1684888,29.996,0.026212794706225395,71,0,AUTO,True
2026-08-31 11:49:20,-35.3636406,149.1684888,29.996,0.026101259514689445,71,0,AUTO,True
2026-08-31 11:49:21,-35.3636406,149.1684888,29.996,0.0263348575681448,71,0,AUTO,True
2026-08-31 11:49:21,-35.3636406,149.1684888,29.996,0.025654127821326256,71,0,AUTO,True
2026-08-31 11:49:22,-35.3636406,149.1684888,29.996,0.025010284036397934,71,0,AUTO,True
2026-08-31 11:49:22,-35.3636406,149.1684888,29.997,0.025168826803565025,71,0,AUTO,True
2026-08-31 11:49:22,-35.3636406,149.1684888,29.998,0.02609090320765972,71,0,AUTO,True
2026-08-31 11:49:23,-35.3636406,149.1684888,29.998,0.026504965499043465,71,0,AUTO,True
2026-08-31 11:49:23,-35.3636406,149.1684888,29.998,0.027351703494787216,71,0,AUTO,True
2026-08-31 11:49:24,-35.3636406,149.1684888,29.998,0.028075505048036575,71,0,AUTO,True
2026-08-31 11:49:24,-35.3636406,149.1684888,29.997,0.027926944196224213,71,0,AUTO,True
2026-08-31 11:49:24,-35.3636406,149.1684888,29.997,0.026615414768457413,71,0,AUTO,True
2026-08-31 11:49:25,-35.3636406,149.1684888,29.996,0.02491416409611702,71,0,AUTO,True
2026-08-31 11:49:25,-35.3636406,149.1684888,29.996,0.024043546989560127,71,0,AUTO,True
2026-08-31 11:49:25,-35.3636406,149.1684888,29.996,0.024786271154880524,71,0,AUTO,True
2026-08-31 11:49:26,-35.3636406,149.1684888,29.996,0.024931292980909348,71,0,AUTO,True
2026-08-31 11:49:26,-35.3636406,149.1684888,29.996,0.021783949807286263,71,0,AUTO,True
2026-08-31 11:49:27,-35.3636406,149.1684888,29.997,0.020308179780840874,71,0,AUTO,True
2026-08-31 11:49:27,-35.3636406,149.1684888,29.997,0.02049325220286846,71,0,AUTO,True
2026-08-31 11:49:27,-35.3636406,149.1684888,29.998,0.020757919177412987,71,0,AUTO,True
2026-08-31 11:49:28,-35.3636406,149.1684888,29.998,0.021753152832388878,71,0,AUTO,True
2026-08-31 11:49:28,-35.3636406,149.1684888,29.998,0.022328943014144897,71,0,AUTO,True
2026-08-31 11:49:28,-35.3636406,149.1684888,29.998,0.023074312135577202,71,0,AUTO,True
2026-08-31 11:49:29,-35.3636406,149.1684888,29.997,0.02361343987286091,71,0,AUTO,True
2026-08-31 11:49:29,-35.3636406,149.1684888,29.997,0.0251438207924366,71,0,AUTO,True
2026-08-31 11:49:30,-35.3636406,149.1684888,29.997,0.025650832802057266,71,0,AUTO,True
2026-08-31 11:49:30,-35.3636406,149.1684888,29.996,0.02747560478746891,71,0,AUTO,True
2026-08-31 11:49:30,-35.3636406,149.1684888,29.996,0.026674741879105568,71,0,AUTO,True
2026-08-31 11:49:31,-35.3636406,149.1684888,29.996,0.024869775399565697,71,0,AUTO,True
2026-08-31 11:49:31,-35.3636406,149.1684888,29.996,0.024539630860090256,71,0,AUTO,True
2026-08-31 11:49:32,-35.3636406,149.1684888,29.996,0.02428468130528927,71,0,AUTO,True
2026-08-31 11:49:32,-35.3636406,149.1684888,29.997,0.02461407333612442,71,0,AUTO,True
2026-08-31 11:49:32,-35.3636406,149.1684888,29.997,0.024992436170578003,71,0,AUTO,True
2026-08-31 11:49:33,-35.3636406,149.1684888,29.998,0.025683661922812462,71,0,AUTO,True
2026-08-31 11:49:33,-35.3636406,149.1684888,29.998,0.024074262008070946,71,0,AUTO,True
2026-08-31 11:49:34,-35.3636406,149.1684888,29.998,0.02227829582989216,71,0,AUTO,True
2026-08-31 11:49:34,-35.3636406,149.1684888,29.998,0.02243714965879917,71,0,AUTO,True
2026-08-31 11:49:34,-35.3636406,149.1684888,29.997,0.02208990789949894,71,0,AUTO,True
2026-08-31 11:49:35,-35.3636406,149.1684888,29.997,0.021167149767279625,71,0,AUTO,True
2026-08-31 11:49:35,-35.3636406,149.1684888,29.996,0.021469639614224434,71,0,AUTO,True
2026-08-31 11:49:35,-35.3636406,149.1684888,29.996,0.022367039695382118,71,0,AUTO,True
2026-08-31 11:49:36,-35.3636406,149.1684888,29.996,0.022816834971308708,71,0,AUTO,True
2026-08-31 11:49:36,-35.3636406,149.1684888,29.996,0.021403057500720024,71,0,AUTO,True
2026-08-31 11:49:37,-35.3636406,149.1684888,29.997,0.021287856623530388,71,0,AUTO,True
2026-08-31 11:49:37,-35.3636406,149.1684888,29.997,0.023358410224318504,71,0,AUTO,True
2026-08-31 11:49:37,-35.3636406,149.1684888,29.998,0.023897912353277206,71,0,AUTO,True
2026-08-31 11:49:38,-35.3636406,149.1684888,29.998,0.0265826266258955,71,0,AUTO,True
2026-08-31 11:49:38,-35.3636406,149.1684888,29.998,0.027470160275697708,71,0,AUTO,True
2026-08-31 11:49:38,-35.3636406,149.1684888,29.998,0.029154624789953232,71,0,AUTO,True
2026-08-31 11:49:39,-35.3636406,149.1684888,29.997,0.02967727556824684,71,0,AUTO,True
2026-08-31 11:49:39,-35.3636406,149.1684888,29.997,0.028745967894792557,71,0,AUTO,True
2026-08-31 11:49:40,-35.3636406,149.1684888,29.996,0.02829892188310623,71,0,AUTO,True
2026-08-31 11:49:40,-35.3636406,149.1684888,29.996,0.028125755488872528,71,0,AUTO,True
2026-08-31 11:49:40,-35.3636406,149.1684888,29.996,0.027549054473638535,71,0,AUTO,True
2026-08-31 11:49:41,-35.3636406,149.1684888,29.996,0.027180172502994537,71,0,AUTO,True
2026-08-31 11:49:41,-35.3636406,149.1684888,29.996,0.027305006980895996,71,0,AUTO,True
2026-08-31 11:49:41,-35.3636406,149.1684888,29.996,0.026018600910902023,71,0,AUTO,True
2026-08-31 11:49:42,-35.3636406,149.1684888,29.997,0.024703534319996834,71,0,AUTO,True
2026-08-31 11:49:42,-35.3636406,149.1684888,29.998,0.021414656192064285,71,0,AUTO,True
2026-08-31 11:49:43,-35.3636406,149.1684888,29.998,0.02006739377975464,71,0,AUTO,True
2026-08-31 11:49:43,-35.3636406,149.1684888,29.998,0.019457872956991196,71,0,AUTO,True
2026-08-31 11:49:43,-35.3636406,149.1684888,29.998,0.019689375534653664,71,0,AUTO,True
2026-08-31 11:49:44,-35.3636406,149.1684888,29.997,0.020287716761231422,71,0,AUTO,True
2026-08-31 11:49:44,-35.3636406,149.1684888,29.996,0.02119140326976776,71,0,AUTO,True
2026-08-31 11:49:45,-35.3636406,149.1684888,29.996,0.021133625879883766,71,0,AUTO,True
2026-08-31 11:49:45,-35.3636406,149.1684888,29.996,0.02102052979171276,71,0,AUTO,True
2026-08-31 11:49:45,-35.3636406,149.1684888,29.996,0.02070346102118492,71,0,AUTO,True
2026-08-31 11:49:46,-35.3636406,149.1684888,29.996,0.02152901515364647,71,0,AUTO,True
2026-08-31 11:49:46,-35.3636406,149.1684888,29.996,0.02479211427271366,71,0,AUTO,True
2026-08-31 11:49:47,-35.3636406,149.1684888,29.996,0.02600669115781784,71,0,AUTO,True
2026-08-31 11:49:47,-35.3636406,149.1684888,29.997,0.027459347620606422,71,0,AUTO,True
2026-08-31 11:49:47,-35.3636406,149.1684888,29.998,0.026947692036628723,71,0,AUTO,True
2026-08-31 11:49:48,-35.3636406,149.1684888,29.998,0.025375496596097946,71,0,AUTO,True
2026-08-31 11:49:48,-35.3636406,149.1684888,29.998,0.02503037452697754,71,0,AUTO,True
2026-08-31 11:49:48,-35.3636406,149.1684888,29.998,0.0246442798525095,71,0,AUTO,True
2026-08-31 11:49:49,-35.3636406,149.1684888,29.997,0.024188030511140823,71,0,AUTO,True
2026-08-31 11:49:49,-35.3636406,149.1684888,29.997,0.02414339780807495,71,0,AUTO,True
2026-08-31 11:49:49,-35.3636406,149.1684888,29.996,0.024019654840230942,71,0,AUTO,True
2026-08-31 11:49:50,-35.3636406,149.1684888,29.996,0.023183299228549004,71,0,AUTO,True
2026-08-31 11:49:50,-35.3636406,149.1684888,29.996,0.022678334265947342,71,0,AUTO,True
2026-08-31 11:49:51,-35.3636406,149.1684888,29.996,0.022432969883084297,71,0,AUTO,True
2026-08-31 11:49:51,-35.3636406,149.1684888,29.996,0.021977411583065987,71,0,AUTO,True
2026-08-31 11:49:51,-35.3636406,149.1684888,29.997,0.022255705669522285,71,0,AUTO,True
2026-08-31 11:49:52,-35.3636406,149.1684888,29.997,0.022044703364372253,71,0,AUTO,True
2026-08-31 11:49:52,-35.3636406,149.1684888,29.998,0.02113759145140648,71,0,AUTO,True
2026-08-31 11:49:53,-35.3636406,149.1684888,29.998,0.021055202931165695,71,0,AUTO,True
2026-08-31 11:49:53,-35.3636406,149.1684888,29.998,0.022396262735128403,71,0,AUTO,True
2026-08-31 11:49:53,-35.3636406,149.1684888,29.997,0.023570381104946136,71,0,AUTO,True
2026-08-31 11:49:54,-35.3636406,149.1684888,29.997,0.02470506727695465,71,0,AUTO,True
2026-08-31 11:49:54,-35.3636406,149.1684888,29.996,0.02595342881977558,71,0,AUTO,True
2026-08-31 11:49:54,-35.3636406,149.1684888,29.996,0.027942728251218796,71,0,AUTO,True
2026-08-31 11:49:55,-35.3636406,149.1684888,29.996,0.02799885906279087,71,0,AUTO,True
2026-08-31 11:49:55,-35.3636406,149.1684888,29.996,0.028482351452112198,71,0,AUTO,True
2026-08-31 11:49:56,-35.3636406,149.1684888,29.996,0.028321243822574615,71,0,AUTO,True
2026-08-31 11:49:56,-35.3636406,149.1684888,29.996,0.02786211669445038,71,0,AUTO,True
2026-08-31 11:49:56,-35.3636406,149.1684888,29.996,0.027589935809373856,71,0,AUTO,True
2026-08-31 11:49:57,-35.3636406,149.1684888,29.997,0.027509065344929695,71,0,AUTO,True
2026-08-31 11:49:57,-35.3636406,149.1684888,29.997,0.027378026396036148,71,0,AUTO,True
2026-08-31 11:49:57,-35.3636406,149.1684888,29.998,0.024812718853354454,71,0,AUTO,True
2026-08-31 11:49:58,-35.3636406,149.1684888,29.998,0.02410559356212616,71,0,AUTO,True
2026-08-31 11:49:58,-35.3636406,149.1684888,29.998,0.023646175861358643,71,0,AUTO,True
2026-08-31 11:49:59,-35.3636406,149.1684888,29.997,0.024723490700125694,71,0,AUTO,True
2026-08-31 11:49:59,-35.3636406,149.1684888,29.997,0.023171283304691315,71,0,AUTO,True
2026-08-31 11:49:59,-35.3636406,149.1684888,29.996,0.021752526983618736,71,0,AUTO,True
2026-08-31 11:50:00,-35.3636406,149.1684888,29.996,0.020061619579792023,71,0,AUTO,True
2026-08-31 11:50:00,-35.3636406,149.1684888,29.996,0.01998336985707283,71,0,AUTO,True
2026-08-31 11:50:00,-35.3636406,149.1684888,29.996,0.020617393776774406,71,0,AUTO,True
2026-08-31 11:50:01,-35.3636406,149.1684888,29.996,0.02093457616865635,71,0,AUTO,True
2026-08-31 11:50:01,-35.3636406,149.1684888,29.997,0.020699305459856987,71,0,AUTO,True
2026-08-31 11:50:02,-35.3636406,149.1684888,29.998,0.020841263234615326,71,0,AUTO,True
2026-08-31 11:50:02,-35.3636406,149.1684888,29.998,0.021921105682849884,71,0,AUTO,True
2026-08-31 11:50:03,-35.3636406,149.1684888,29.998,0.02183983102440834,71,0,AUTO,True
2026-08-31 11:50:03,-35.3636406,149.1684888,29.998,0.02371518686413765,71,0,AUTO,True
2026-08-31 11:50:03,-35.3636406,149.1684888,29.997,0.024333447217941284,71,0,AUTO,True
2026-08-31 11:50:04,-35.3636406,149.1684888,29.997,0.02646488882601261,71,0,AUTO,True
2026-08-31 11:50:04,-35.3636406,149.1684888,29.997,0.026768438518047333,71,0,AUTO,True
2026-08-31 11:50:04,-35.3636406,149.1684888,29.996,0.02632802166044712,71,0,AUTO,True
2026-08-31 11:50:05,-35.3636406,149.1684888,29.996,0.025943869724869728,71,0,AUTO,True
2026-08-31 11:50:05,-35.3636406,149.1684888,29.996,0.025142252445220947,71,0,AUTO,True
2026-08-31 11:50:06,-35.3636406,149.1684888,29.996,0.025211075320839882,71,0,AUTO,True
2026-08-31 11:50:06,-35.3636406,149.1684888,29.997,0.02510506473481655,71,0,AUTO,True
2026-08-31 11:50:06,-35.3636406,149.1684888,29.998,0.024693110957741737,71,0,AUTO,True
2026-08-31 11:50:07,-35.3636406,149.1684888,29.998,0.025135686621069908,71,0,AUTO,True
2026-08-31 11:50:07,-35.3636406,149.1684888,29.998,0.025914469733834267,71,0,AUTO,True
2026-08-31 11:50:07,-35.3636406,149.1684888,29.998,0.02603529766201973,71,0,AUTO,True
2026-08-31 11:50:08,-35.3636406,149.1684888,29.998,0.0252580214291811,71,0,AUTO,True
2026-08-31 11:50:08,-35.3636406,149.1684888,29.997,0.022095615044236183,71,0,AUTO,True
2026-08-31 11:50:09,-35.3636406,149.1684888,29.997,0.021096302196383476,71,0,AUTO,True
2026-08-31 11:50:09,-35.3636406,149.1684888,29.996,0.020820261910557747,71,0,AUTO,True
2026-08-31 11:50:09,-35.3636406,149.1684888,29.996,0.021214939653873444,71,0,AUTO,True
2026-08-31 11:50:10,-35.3636406,149.1684888,29.996,0.024116184562444687,71,0,AUTO,True
2026-08-31 11:50:10,-35.3636406,149.1684888,29.996,0.025418423116207123,71,0,AUTO,True
2026-08-31 11:50:10,-35.3636406,149.1684888,29.997,0.02559734508395195,71,0,AUTO,True
2026-08-31 11:50:11,-35.3636406,149.1684888,29.997,0.025206517428159714,71,0,AUTO,True
2026-08-31 11:50:11,-35.3636406,149.1684888,29.998,0.02461533062160015,71,0,AUTO,True
2026-08-31 11:50:12,-35.3636406,149.1684888,29.998,0.024397388100624084,71,0,AUTO,True
2026-08-31 11:50:12,-35.3636406,149.1684888,29.998,0.023766499012708664,71,0,AUTO,True
2026-08-31 11:50:12,-35.3636406,149.1684888,29.998,0.023826733231544495,71,0,AUTO,True
2026-08-31 11:50:13,-35.3636406,149.1684888,29.997,0.02709033153951168,71,0,AUTO,True
2026-08-31 11:50:13,-35.3636406,149.1684888,29.997,0.027774767950177193,71,0,AUTO,True
2026-08-31 11:50:13,-35.3636406,149.1684888,29.996,0.02637277916073799,71,0,AUTO,True
2026-08-31 11:50:14,-35.3636406,149.1684888,29.996,0.025575943291187286,71,0,AUTO,True
2026-08-31 11:50:14,-35.3636406,149.1684888,29.996,0.02382068522274494,71,0,AUTO,True
2026-08-31 11:50:15,-35.3636406,149.1684888,29.996,0.023576874285936356,71,0,AUTO,True
2026-08-31 11:50:15,-35.3636406,149.1684888,29.996,0.02358122728765011,71,0,AUTO,True
2026-08-31 11:50:15,-35.3636406,149.1684888,29.997,0.023499436676502228,71,0,AUTO,True
2026-08-31 11:50:16,-35.3636406,149.1684888,29.998,0.024530066177248955,71,0,AUTO,True
2026-08-31 11:50:16,-35.3636406,149.1684888,29.998,0.025230979546904564,71,0,AUTO,True
2026-08-31 11:50:16,-35.3636406,149.1684888,29.998,0.025551695376634598,71,0,AUTO,True
2026-08-31 11:50:17,-35.3636406,149.1684888,29.998,0.025407586246728897,71,0,AUTO,True
2026-08-31 11:50:17,-35.3636406,149.1684888,29.998,0.023278554901480675,71,0,AUTO,True
2026-08-31 11:50:18,-35.3636406,149.1684888,29.997,0.021386170759797096,71,0,AUTO,True
2026-08-31 11:50:18,-35.3636406,149.1684888,29.997,0.02012418583035469,71,0,AUTO,True
2026-08-31 11:50:18,-35.3636406,149.1684888,29.996,0.020340384915471077,71,0,AUTO,True
2026-08-31 11:50:19,-35.3636406,149.1684888,29.996,0.02172071300446987,71,0,AUTO,True
2026-08-31 11:50:19,-35.3636406,149.1684888,29.996,0.022176332771778107,71,0,AUTO,True
2026-08-31 11:50:20,-35.3636406,149.1684888,29.996,0.021351782605051994,71,0,AUTO,True
2026-08-31 11:50:20,-35.3636406,149.1684888,29.997,0.022114399820566177,71,0,AUTO,True
2026-08-31 11:50:20,-35.3636406,149.1684888,29.998,0.0224709864705801,71,0,AUTO,True
2026-08-31 11:50:21,-35.3636406,149.1684888,29.998,0.022312410175800323,71,0,AUTO,True
2026-08-31 11:50:21,-35.3636406,149.1684888,29.998,0.02270258218050003,71,0,AUTO,True
2026-08-31 11:50:21,-35.3636406,149.1684888,29.998,0.02311679907143116,71,0,AUTO,True
2026-08-31 11:50:22,-35.3636406,149.1684888,29.998,0.026613635942339897,71,0,AUTO,True
2026-08-31 11:50:22,-35.3636406,149.1684888,29.997,0.027178235352039337,71,0,AUTO,True
2026-08-31 11:50:23,-35.3636406,149.1684888,29.997,0.02646956406533718,71,0,AUTO,True
2026-08-31 11:50:23,-35.3636406,149.1684888,29.996,0.0267927348613739,71,0,AUTO,True
2026-08-31 11:50:23,-35.3636406,149.1684888,29.996,0.025424949824810028,71,0,AUTO,True
2026-08-31 11:50:24,-35.3636406,149.1684888,29.996,0.025380652397871017,71,0,AUTO,True
2026-08-31 11:50:24,-35.3636406,149.1684888,29.996,0.026221368461847305,71,0,AUTO,True
2026-08-31 11:50:25,-35.3636406,149.1684888,29.997,0.026833705604076385,71,0,AUTO,True
2026-08-31 11:50:25,-35.3636406,149.1684888,29.997,0.02914530038833618,71,0,AUTO,True
2026-08-31 11:50:25,-35.3636406,149.1684888,29.998,0.02948158234357834,71,0,AUTO,True
2026-08-31 11:50:26,-35.3636406,149.1684888,29.998,0.0276908241212368,71,0,AUTO,True
2026-08-31 11:50:26,-35.3636406,149.1684888,29.998,0.02608373574912548,71,0,AUTO,True
2026-08-31 11:50:26,-35.3636406,149.1684888,29.998,0.02377333864569664,71,0,AUTO,True
2026-08-31 11:50:27,-35.3636406,149.1684888,29.997,0.023962903767824173,71,0,AUTO,True
2026-08-31 11:50:27,-35.3636406,149.1684888,29.997,0.024352362379431725,71,0,AUTO,True
2026-08-31 11:50:28,-35.3636406,149.1684888,29.996,0.0237822737544775,71,0,AUTO,True
2026-08-31 11:50:28,-35.3636406,149.1684888,29.996,0.022276947274804115,71,0,AUTO,True
2026-08-31 11:50:28,-35.3636406,149.1684888,29.996,0.021095726639032364,71,0,AUTO,True
2026-08-31 11:50:29,-35.3636406,149.1684888,29.996,0.01913018710911274,71,0,AUTO,True
2026-08-31 11:50:29,-35.3636406,149.1684888,29.996,0.019532088190317154,71,0,AUTO,True
2026-08-31 11:50:29,-35.3636406,149.1684888,29.997,0.021015506237745285,71,0,AUTO,True
2026-08-31 11:50:30,-35.3636406,149.1684888,29.998,0.022551823407411575,71,0,AUTO,True
2026-08-31 11:50:30,-35.3636406,149.1684888,29.998,0.024785151705145836,71,0,AUTO,True
2026-08-31 11:50:31,-35.3636406,149.1684888,29.998,0.024968748912215233,71,0,AUTO,True
2026-08-31 11:50:31,-35.3636406,149.1684888,29.998,0.024902626872062683,71,0,AUTO,True
2026-08-31 11:50:31,-35.3636406,149.1684888,29.997,0.025112703442573547,71,0,AUTO,True
2026-08-31 11:50:32,-35.3636406,149.1684888,29.997,0.026150427758693695,71,0,AUTO,True
2026-08-31 11:50:32,-35.3636406,149.1684888,29.996,0.026400316506624222,71,0,AUTO,True
2026-08-31 11:50:32,-35.3636406,149.1684888,29.996,0.025346694514155388,71,0,AUTO,True
2026-08-31 11:50:33,-35.3636406,149.1684888,29.996,0.024481482803821564,71,0,AUTO,True
2026-08-31 11:50:33,-35.3636406,149.1684888,29.996,0.024250969290733337,71,0,AUTO,True
2026-08-31 11:50:34,-35.3636406,149.1684888,29.996,0.024852879345417023,71,0,AUTO,True
2026-08-31 11:50:34,-35.3636406,149.1684888,29.997,0.025831755250692368,71,0,AUTO,True
2026-08-31 11:50:34,-35.3636406,149.1684888,29.998,0.024650460109114647,71,0,AUTO,True
2026-08-31 11:50:35,-35.3636406,149.1684888,29.998,0.02213345840573311,71,0,AUTO,True
2026-08-31 11:50:35,-35.3636406,149.1684888,29.998,0.021416930481791496,71,0,AUTO,True
2026-08-31 11:50:35,-35.3636406,149.1684888,29.998,0.021275263279676437,71,0,AUTO,True
2026-08-31 11:50:36,-35.3636406,149.1684888,29.997,0.021824480965733528,71,0,AUTO,True
2026-08-31 11:50:36,-35.3636406,149.1684888,29.997,0.02262500859797001,71,0,AUTO,True
2026-08-31 11:50:37,-35.3636406,149.1684888,29.997,0.02231864258646965,71,0,AUTO,True
2026-08-31 11:50:37,-35.3636406,149.1684888,29.996,0.022266177460551262,71,0,AUTO,True
2026-08-31 11:50:37,-35.3636406,149.1684888,29.996,0.022189537063241005,71,0,AUTO,True
2026-08-31 11:50:38,-35.3636406,149.1684888,29.996,0.02198108099400997,71,0,AUTO,True
2026-08-31 11:50:38,-35.3636406,149.1684888,29.996,0.021813401952385902,71,0,AUTO,True
2026-08-31 11:50:39,-35.3636406,149.1684888,29.997,0.024962659925222397,71,0,AUTO,True
2026-08-31 11:50:39,-35.3636406,149.1684888,29.997,0.027071233838796616,71,0,AUTO,True
2026-08-31 11:50:39,-35.3636406,149.1684888,29.998,0.02825438231229782,71,0,AUTO,True
2026-08-31 11:50:40,-35.3636406,149.1684888,29.998,0.02910822071135044,71,0,AUTO,True
2026-08-31 11:50:40,-35.3636406,149.1684888,29.998,0.030111953616142273,71,0,AUTO,True
2026-08-31 11:50:41,-35.3636406,149.1684888,29.998,0.02986854501068592,71,0,AUTO,True
2026-08-31 11:50:41,-35.3636406,149.1684888,29.997,0.027582505717873573,71,0,AUTO,True
2026-08-31 11:50:41,-35.3636406,149.1684888,29.997,0.026430031284689903,71,0,AUTO,True
2026-08-31 11:50:42,-35.3636406,149.1684888,29.997,0.026449844241142273,71,0,AUTO,True
2026-08-31 11:50:42,-35.3636406,149.1684888,29.996,0.026994599029421806,71,0,AUTO,True
2026-08-31 11:50:42,-35.3636406,149.1684888,29.996,0.025311745703220367,71,0,AUTO,True
2026-08-31 11:50:43,-35.3636406,149.1684888,29.996,0.025027135387063026,71,0,AUTO,True
2026-08-31 11:50:43,-35.3636406,149.1684888,29.996,0.022051002830266953,71,0,AUTO,True
2026-08-31 11:50:44,-35.3636406,149.1684888,29.996,0.020195957273244858,71,0,AUTO,True
2026-08-31 11:50:44,-35.3636406,149.1684888,29.997,0.02020817995071411,71,0,AUTO,True
2026-08-31 11:50:44,-35.3636406,149.1684888,29.997,0.019927896559238434,71,0,AUTO,True
2026-08-31 11:50:45,-35.3636405,149.1684888,29.998,0.019279565662145615,71,0,AUTO,True
2026-08-31 11:50:45,-35.3636405,149.1684888,29.998,0.018164368346333504,71,0,AUTO,True
2026-08-31 11:50:45,-35.3636405,149.1684888,29.998,0.013611619360744953,71,0,AUTO,True
2026-08-31 11:50:46,-35.3636405,149.1684888,29.997,0.012478852644562721,71,0,AUTO,True
2026-08-31 11:50:46,-35.3636405,149.1684888,29.997,0.011914022266864777,71,0,AUTO,True
2026-08-31 11:50:47,-35.3636405,149.1684888,29.996,0.011861477978527546,71,0,AUTO,True
2026-08-31 11:50:47,-35.3636405,149.1684888,29.996,0.012389111332595348,71,0,AUTO,True
2026-08-31 11:50:47,-35.3636405,149.1684888,29.996,0.012425745837390423,71,0,AUTO,True
2026-08-31 11:50:48,-35.3636405,149.1684888,29.996,0.011699340306222439,71,0,AUTO,True
2026-08-31 11:50:48,-35.3636405,149.1684888,29.996,0.011709796264767647,71,0,AUTO,True
2026-08-31 11:50:48,-35.3636405,149.1684888,29.996,0.011546147987246513,71,0,AUTO,True
2026-08-31 11:50:49,-35.3636405,149.1684888,29.997,0.011599346064031124,71,0,AUTO,True
2026-08-31 11:50:49,-35.3636405,149.1684888,29.997,0.01176417712122202,71,0,AUTO,True
2026-08-31 11:50:50,-35.3636405,149.1684888,29.998,0.011678677052259445,71,0,AUTO,True
2026-08-31 11:50:50,-35.3636405,149.1684888,29.998,0.011747150681912899,71,0,AUTO,True
2026-08-31 11:50:50,-35.3636405,149.1684888,29.998,0.01270744577050209,71,0,AUTO,True
2026-08-31 11:50:51,-35.3636405,149.1684888,29.998,0.01288233045488596,71,0,AUTO,True
2026-08-31 11:50:51,-35.3636405,149.1684888,29.997,0.011205721646547318,71,0,AUTO,True
2026-08-31 11:50:52,-35.3636405,149.1684888,29.996,0.007879678159952164,71,0,AUTO,True
2026-08-31 11:50:52,-35.3636405,149.1684889,29.996,0.008711060509085655,71,0,AUTO,True
2026-08-31 11:50:53,-35.3636405,149.1684889,29.996,0.0077944183722138405,71,0,AUTO,True
2026-08-31 11:50:53,-35.3636405,149.1684889,29.996,0.00690823420882225,71,0,AUTO,True
2026-08-31 11:50:53,-35.3636405,149.1684889,29.996,0.0065264031291007996,71,0,AUTO,True
2026-08-31 11:50:54,-35.3636405,149.1684889,29.997,0.006818640511482954,71,0,AUTO,True
2026-08-31 11:50:54,-35.3636405,149.1684889,29.997,0.005345745477825403,71,0,AUTO,True
2026-08-31 11:50:54,-35.3636404,149.1684889,29.998,0.00445989053696394,71,0,AUTO,True
2026-08-31 11:50:55,-35.3636404,149.1684889,29.998,0.0018742041429504752,71,0,AUTO,True
2026-08-31 11:50:55,-35.3636404,149.1684889,29.998,0.0016237617237493396,71,0,AUTO,True
2026-08-31 11:50:55,-35.3636404,149.1684889,29.998,0.0032864517997950315,71,0,AUTO,True
2026-08-31 11:50:56,-35.3636404,149.1684889,29.997,0.0035487033892422915,71,0,AUTO,True
2026-08-31 11:50:56,-35.3636404,149.1684889,29.997,0.0028354190289974213,71,0,AUTO,True
2026-08-31 11:50:57,-35.3636404,149.1684889,29.996,0.0025615752674639225,71,0,AUTO,True
2026-08-31 11:50:57,-35.3636404,149.1684889,29.996,0.0022042274940758944,71,0,AUTO,True
2026-08-31 11:50:57,-35.3636404,149.1684889,29.996,0.003172154538333416,71,0,AUTO,True
2026-08-31 11:50:58,-35.3636404,149.1684889,29.996,0.0036617228761315346,71,0,AUTO,True
2026-08-31 11:50:58,-35.3636404,149.1684889,29.997,0.0031295884400606155,71,0,AUTO,True
2026-08-31 11:50:58,-35.3636404,149.1684889,29.997,0.004391645081341267,71,0,AUTO,True
2026-08-31 11:50:59,-35.3636404,149.1684889,29.998,0.0057927812449634075,71,0,AUTO,True
2026-08-31 11:50:59,-35.3636404,149.1684889,29.998,0.008006957359611988,71,0,AUTO,True
2026-08-31 11:51:00,-35.3636404,149.1684889,29.998,0.008243062533438206,71,0,AUTO,True
2026-08-31 11:51:00,-35.3636404,149.1684889,29.998,0.008101526647806168,71,0,AUTO,True
2026-08-31 11:51:00,-35.3636404,149.1684889,29.997,0.008028049021959305,71,0,AUTO,True
2026-08-31 11:51:01,-35.3636404,149.1684889,29.997,0.0077833072282373905,71,0,AUTO,True
2026-08-31 11:51:01,-35.3636404,149.1684889,29.996,0.00806446187198162,71,0,AUTO,True
2026-08-31 11:51:01,-35.3636404,149.1684889,29.996,0.0073927477933466434,71,0,AUTO,True
2026-08-31 11:51:02,-35.3636404,149.1684889,29.996,0.006500266958028078,71,0,AUTO,True
2026-08-31 11:51:02,-35.3636404,149.1684889,29.996,0.006122805178165436,71,0,AUTO,True
2026-08-31 11:51:03,-35.3636403,149.1684889,29.996,0.00755724124610424,71,0,AUTO,True
2026-08-31 11:51:03,-35.3636403,149.1684889,29.997,0.010978950187563896,71,0,AUTO,True
2026-08-31 11:51:03,-35.3636403,149.1684889,29.998,0.011813953518867493,71,0,AUTO,True
2026-08-31 11:51:04,-35.3636403,149.1684889,29.998,0.01268847193568945,71,0,AUTO,True
2026-08-31 11:51:04,-35.3636403,149.168489,29.998,0.012829531915485859,71,0,AUTO,True
2026-08-31 11:51:05,-35.3636403,149.168489,29.998,0.012855571694672108,71,0,AUTO,True
2026-08-31 11:51:05,-35.3636403,149.168489,29.997,0.01297288853675127,71,0,AUTO,True
2026-08-31 11:51:05,-35.3636403,149.168489,29.997,0.012095599435269833,71,0,AUTO,True
2026-08-31 11:51:06,-35.3636403,149.168489,29.997,0.011489194817841053,71,0,AUTO,True
2026-08-31 11:51:06,-35.3636403,149.168489,29.996,0.01164706889539957,71,0,AUTO,True
2026-08-31 11:51:06,-35.3636403,149.168489,29.996,0.011670052073895931,71,0,AUTO,True
2026-08-31 11:51:07,-35.3636403,149.168489,29.996,0.01132983434945345,71,0,AUTO,True
2026-08-31 11:51:07,-35.3636403,149.168489,29.996,0.01221691444516182,71,0,AUTO,True
2026-08-31 11:51:08,-35.3636403,149.168489,29.996,0.012529509142041206,71,0,AUTO,True
2026-08-31 11:51:08,-35.3636403,149.168489,29.997,0.012970497831702232,71,0,AUTO,True
2026-08-31 11:51:08,-35.3636403,149.168489,29.997,0.012933002784848213,71,0,AUTO,True
2026-08-31 11:51:09,-35.3636403,149.168489,29.998,0.013056138530373573,71,0,AUTO,True
2026-08-31 11:51:09,-35.3636403,149.168489,29.998,0.012516612187027931,71,0,AUTO,True
2026-08-31 11:51:10,-35.3636403,149.168489,29.998,0.012469311244785786,71,0,AUTO,True
2026-08-31 11:51:10,-35.3636403,149.168489,29.998,0.013769242912530899,71,0,AUTO,True
2026-08-31 11:51:10,-35.3636403,149.168489,29.997,0.013410097919404507,71,0,AUTO,True
2026-08-31 11:51:11,-35.3636403,149.168489,29.997,0.014242330566048622,71,0,AUTO,True
2026-08-31 11:51:11,-35.3636403,149.168489,29.996,0.015401806682348251,71,0,AUTO,True
2026-08-31 11:51:11,-35.3636403,149.168489,29.996,0.01550094410777092,71,0,AUTO,True
2026-08-31 11:51:12,-35.3636403,149.168489,29.996,0.015383228659629822,71,0,AUTO,True
2026-08-31 11:51:12,-35.3636403,149.168489,29.996,0.014528452418744564,71,0,AUTO,True
2026-08-31 11:51:13,-35.3636403,149.168489,29.996,0.013909044675529003,71,0,AUTO,True
2026-08-31 11:51:13,-35.3636403,149.168489,29.996,0.01464113313704729,71,0,AUTO,True
2026-08-31 11:51:13,-35.3636403,149.168489,29.997,0.015519445762038231,71,0,AUTO,True
2026-08-31 11:51:14,-35.3636403,149.168489,29.998,0.0163336843252182,71,0,AUTO,True
2026-08-31 11:51:14,-35.3636403,149.168489,29.998,0.01619729958474636,71,0,AUTO,True
2026-08-31 11:51:14,-35.3636403,149.168489,29.998,0.01588934101164341,71,0,AUTO,True
2026-08-31 11:51:15,-35.3636403,149.168489,29.998,0.016035348176956177,71,0,AUTO,True
2026-08-31 11:51:15,-35.3636403,149.168489,29.998,0.015820765867829323,71,0,AUTO,True
2026-08-31 11:51:16,-35.3636403,149.168489,29.997,0.015423555858433247,71,0,AUTO,True
2026-08-31 11:51:16,-35.3636403,149.168489,29.997,0.01505888532847166,71,0,AUTO,True
2026-08-31 11:51:16,-35.3636403,149.168489,29.996,0.015305138193070889,71,0,AUTO,True
2026-08-31 11:51:17,-35.3636403,149.168489,29.996,0.016510166227817535,71,0,AUTO,True
2026-08-31 11:51:17,-35.3636403,149.168489,29.996,0.01761532574892044,71,0,AUTO,True
2026-08-31 11:51:17,-35.3636403,149.168489,29.997,0.019434796646237373,71,0,AUTO,True
2026-08-31 11:51:18,-35.3636403,149.168489,29.998,0.019873671233654022,71,0,AUTO,True
2026-08-31 11:51:18,-35.3636403,149.168489,29.998,0.020398974418640137,71,0,AUTO,True
2026-08-31 11:51:19,-35.3636403,149.168489,29.998,0.020540734753012657,71,0,AUTO,True
2026-08-31 11:51:19,-35.3636403,149.168489,29.998,0.020274830982089043,71,0,AUTO,True
2026-08-31 11:51:19,-35.3636403,149.1684891,29.998,0.019689226523041725,71,0,AUTO,True
2026-08-31 11:51:20,-35.3636403,149.1684891,29.998,0.02034435234963894,71,0,AUTO,True
2026-08-31 11:51:20,-35.3636403,149.1684891,29.997,0.02141178585588932,71,0,AUTO,True
2026-08-31 11:51:21,-35.3636403,149.1684891,29.997,0.022392023354768753,71,0,AUTO,True
2026-08-31 11:51:21,-35.3636403,149.1684891,29.996,0.022539621219038963,71,0,AUTO,True
2026-08-31 11:51:21,-35.3636403,149.1684891,29.996,0.02199232578277588,71,0,AUTO,True
2026-08-31 11:51:22,-35.3636403,149.1684891,29.996,0.022070160135626793,71,0,AUTO,True
2026-08-31 11:51:22,-35.3636403,149.1684891,29.996,0.023051554337143898,71,0,AUTO,True
2026-08-31 11:51:22,-35.3636403,149.1684891,29.996,0.022235313430428505,71,0,AUTO,True
2026-08-31 11:51:23,-35.3636403,149.1684891,29.997,0.01907968521118164,71,0,AUTO,True
2026-08-31 11:51:23,-35.3636403,149.1684891,29.998,0.019144879654049873,71,0,AUTO,True
2026-08-31 11:51:23,-35.3636403,149.1684891,29.998,0.019277092069387436,71,0,AUTO,True
2026-08-31 11:51:24,-35.3636403,149.1684891,29.998,0.01909334398806095,71,0,AUTO,True
2026-08-31 11:51:24,-35.3636403,149.1684891,29.998,0.01880846545100212,71,0,AUTO,True
2026-08-31 11:51:25,-35.3636403,149.1684891,29.997,0.018547633662819862,71,0,AUTO,True
2026-08-31 11:51:25,-35.3636403,149.1684891,29.997,0.02052794210612774,71,0,AUTO,True
2026-08-31 11:51:25,-35.3636403,149.1684891,29.996,0.020298125222325325,71,0,AUTO,True
2026-08-31 11:51:26,-35.3636403,149.1684891,29.996,0.019323015585541725,71,0,AUTO,True
2026-08-31 11:51:26,-35.3636403,149.1684891,29.996,0.017436740919947624,71,0,AUTO,True
2026-08-31 11:51:27,-35.3636403,149.1684891,29.996,0.016097424551844597,71,0,AUTO,True
2026-08-31 11:51:27,-35.3636403,149.1684891,29.996,0.015852976590394974,71,0,AUTO,True
2026-08-31 11:51:27,-35.3636403,149.1684891,29.996,0.015910392627120018,71,0,AUTO,True
2026-08-31 11:51:28,-35.3636403,149.1684891,29.997,0.016604047268629074,71,0,AUTO,True
2026-08-31 11:51:28,-35.3636403,149.1684891,29.997,0.01725444197654724,71,0,AUTO,True
2026-08-31 11:51:29,-35.3636403,149.1684891,29.998,0.017758391797542572,71,0,AUTO,True
2026-08-31 11:51:29,-35.3636403,149.1684891,29.998,0.02100434899330139,71,0,AUTO,True
2026-08-31 11:51:29,-35.3636403,149.1684891,29.998,0.022120211273431778,71,0,AUTO,True
2026-08-31 11:51:30,-35.3636403,149.1684891,29.998,0.02437516860663891,71,0,AUTO,True
2026-08-31 11:51:30,-35.3636403,149.1684891,29.997,0.02576647885143757,71,0,AUTO,True
2026-08-31 11:51:30,-35.3636403,149.1684891,29.997,0.025542117655277252,71,0,AUTO,True
2026-08-31 11:51:31,-35.3636403,149.1684891,29.996,0.024237757548689842,71,0,AUTO,True
2026-08-31 11:51:31,-35.3636403,149.1684891,29.996,0.024405023083090782,71,0,AUTO,True
2026-08-31 11:51:32,-35.3636403,149.1684891,29.996,0.02443806082010269,71,0,AUTO,True
2026-08-31 11:51:32,-35.3636403,149.1684891,29.996,0.02467476949095726,71,0,AUTO,True
2026-08-31 11:51:32,-35.3636403,149.1684891,29.996,0.02414807677268982,71,0,AUTO,True
2026-08-31 11:51:33,-35.3636403,149.1684891,29.997,0.021491117775440216,71,0,AUTO,True
2026-08-31 11:51:33,-35.3636403,149.1684891,29.998,0.02021673694252968,71,0,AUTO,True
2026-08-31 11:51:33,-35.3636403,149.1684891,29.998,0.019438033923506737,71,0,AUTO,True
2026-08-31 11:51:34,-35.3636403,149.1684891,29.998,0.019614527001976967,71,0,AUTO,True
2026-08-31 11:51:34,-35.3636403,149.1684891,29.998,0.020493078976869583,71,0,AUTO,True
2026-08-31 11:51:35,-35.3636403,149.1684891,29.997,0.020464053377509117,71,0,AUTO,True
2026-08-31 11:51:35,-35.3636403,149.1684891,29.997,0.021142467856407166,71,0,AUTO,True
2026-08-31 11:51:35,-35.3636403,149.1684891,29.997,0.02109447866678238,71,0,AUTO,True
2026-08-31 11:51:36,-35.3636403,149.1684891,29.996,0.020515628159046173,71,0,AUTO,True
2026-08-31 11:51:36,-35.3636403,149.1684891,29.996,0.020939931273460388,71,0,AUTO,True
2026-08-31 11:51:36,-35.3636403,149.1684891,29.996,0.019524231553077698,71,0,AUTO,True
2026-08-31 11:51:37,-35.3636403,149.1684891,29.997,0.019191985949873924,71,0,AUTO,True
2026-08-31 11:51:37,-35.3636403,149.1684891,29.997,0.02127091959118843,71,0,AUTO,True
2026-08-31 11:51:38,-35.3636403,149.1684891,29.998,0.022736256942152977,71,0,AUTO,True
2026-08-31 11:51:38,-35.3636403,149.1684891,29.998,0.024484306573867798,71,0,AUTO,True
2026-08-31 11:51:38,-35.3636403,149.1684891,29.998,0.024435561150312424,71,0,AUTO,True
2026-08-31 11:51:39,-35.3636403,149.1684891,29.998,0.024660572409629822,71,0,AUTO,True
2026-08-31 11:51:39,-35.3636403,149.1684891,29.997,0.02471235953271389,71,0,AUTO,True
2026-08-31 11:51:39,-35.3636403,149.1684891,29.997,0.02309860661625862,71,0,AUTO,True
2026-08-31 11:51:40,-35.3636403,149.1684891,29.997,0.02281126193702221,71,0,AUTO,True
2026-08-31 11:51:40,-35.3636403,149.1684891,29.996,0.022940238937735558,71,0,AUTO,True
2026-08-31 11:51:41,-35.3636403,149.1684891,29.996,0.023195551708340645,71,0,AUTO,True
2026-08-31 11:51:41,-35.3636403,149.1684891,29.996,0.02458997629582882,71,0,AUTO,True
2026-08-31 11:51:41,-35.3636403,149.1684891,29.996,0.024527091532945633,71,0,AUTO,True
2026-08-31 11:51:42,-35.3636403,149.1684891,29.996,0.02384345792233944,71,0,AUTO,True
2026-08-31 11:51:42,-35.3636403,149.1684891,29.998,0.022894833236932755,71,0,AUTO,True
2026-08-31 11:51:43,-35.3636403,149.1684891,29.998,0.020396316424012184,71,0,AUTO,True
2026-08-31 11:51:43,-35.3636403,149.1684891,29.998,0.02001201920211315,71,0,AUTO,True
2026-08-31 11:51:44,-35.3636403,149.1684891,29.998,0.019938485696911812,71,0,AUTO,True
2026-08-31 11:51:44,-35.3636403,149.1684891,29.998,0.02014799602329731,71,0,AUTO,True
2026-08-31 11:51:44,-35.3636403,149.1684891,29.997,0.020401518791913986,71,0,AUTO,True
2026-08-31 11:51:45,-35.3636403,149.1684891,29.997,0.02065429650247097,71,0,AUTO,True
2026-08-31 11:51:45,-35.3636403,149.1684891,29.996,0.022289883345365524,71,0,AUTO,True
2026-08-31 11:51:45,-35.3636403,149.1684891,29.996,0.021581074222922325,71,0,AUTO,True
2026-08-31 11:51:46,-35.3636403,149.1684891,29.996,0.021743517369031906,71,0,AUTO,True
2026-08-31 11:51:46,-35.3636403,149.1684891,29.996,0.022505706176161766,71,0,AUTO,True
2026-08-31 11:51:46,-35.3636403,149.1684891,29.996,0.024008143693208694,71,0,AUTO,True
2026-08-31 11:51:47,-35.3636403,149.1684891,29.997,0.02413470670580864,71,0,AUTO,True
2026-08-31 11:51:47,-35.3636403,149.1684891,29.997,0.024766189977526665,71,0,AUTO,True
2026-08-31 11:51:48,-35.3636403,149.1684891,29.998,0.025455335155129433,71,0,AUTO,True
2026-08-31 11:51:48,-35.3636403,149.1684891,29.998,0.02532937005162239,71,0,AUTO,True
2026-08-31 11:51:48,-35.3636403,149.1684891,29.998,0.02423127554357052,71,0,AUTO,True
2026-08-31 11:51:49,-35.3636403,149.1684891,29.998,0.02426830306649208,71,0,AUTO,True
2026-08-31 11:51:49,-35.3636403,149.1684891,29.997,0.024795791134238243,71,0,AUTO,True
2026-08-31 11:51:49,-35.3636403,149.1684891,29.997,0.02463933452963829,71,0,AUTO,True
2026-08-31 11:51:50,-35.3636403,149.1684891,29.996,0.024351533502340317,71,0,AUTO,True
2026-08-31 11:51:50,-35.3636403,149.1684891,29.996,0.022969111800193787,71,0,AUTO,True
2026-08-31 11:51:51,-35.3636403,149.1684891,29.996,0.02334369346499443,71,0,AUTO,True
2026-08-31 11:51:51,-35.3636403,149.1684891,29.996,0.025191491469740868,71,0,AUTO,True
2026-08-31 11:51:51,-35.3636403,149.1684891,29.996,0.02430107817053795,71,0,AUTO,True
2026-08-31 11:51:52,-35.3636403,149.1684891,29.997,0.02358406037092209,71,0,AUTO,True
2026-08-31 11:51:52,-35.3636403,149.1684891,29.997,0.022966453805565834,71,0,AUTO,True
2026-08-31 11:51:52,-35.3636403,149.1684891,29.998,0.022362051531672478,71,0,AUTO,True
2026-08-31 11:51:53,-35.3636403,149.1684891,29.998,0.021528620272874832,71,0,AUTO,True
2026-08-31 11:51:53,-35.3636403,149.1684891,29.998,0.02072952874004841,71,0,AUTO,True
2026-08-31 11:51:54,-35.3636403,149.1684891,29.998,0.021118229255080223,71,0,AUTO,True
2026-08-31 11:51:54,-35.3636403,149.1684891,29.998,0.021182170137763023,71,0,AUTO,True
2026-08-31 11:51:54,-35.3636403,149.1684891,29.997,0.02053014561533928,71,0,AUTO,True
2026-08-31 11:51:55,-35.3636403,149.1684891,29.997,0.020219754427671432,71,0,AUTO,True
2026-08-31 11:51:55,-35.3636403,149.1684891,29.996,0.021820468828082085,71,0,AUTO,True
2026-08-31 11:51:55,-35.3636403,149.1684891,29.996,0.024629322811961174,71,0,AUTO,True
2026-08-31 11:51:56,-35.3636403,149.1684891,29.996,0.025912515819072723,71,0,AUTO,True
2026-08-31 11:51:56,-35.3636403,149.1684891,29.996,0.02526088058948517,71,0,AUTO,True
2026-08-31 11:51:57,-35.3636402,149.1684891,29.996,0.02435496263206005,71,0,AUTO,True
2026-08-31 11:51:57,-35.3636402,149.1684891,29.997,0.026122067123651505,71,0,AUTO,True
2026-08-31 11:51:57,-35.3636402,149.1684891,29.997,0.02765061892569065,71,0,AUTO,True
2026-08-31 11:51:58,-35.3636402,149.1684891,29.998,0.02984517253935337,71,0,AUTO,True
2026-08-31 11:51:58,-35.3636402,149.1684891,29.998,0.030693799257278442,71,0,AUTO,True
2026-08-31 11:51:59,-35.3636402,149.1684891,29.998,0.031061580404639244,71,0,AUTO,True
2026-08-31 11:51:59,-35.3636402,149.1684891,29.997,0.031263720244169235,71,0,AUTO,True
2026-08-31 11:52:00,-35.3636402,149.1684891,29.997,0.025602513924241066,71,0,AUTO,True
2026-08-31 11:52:00,-35.3636402,149.1684891,29.997,0.02395729348063469,71,0,AUTO,True
2026-08-31 11:52:00,-35.3636402,149.1684891,29.997,0.023273879662156105,71,0,AUTO,True
2026-08-31 11:52:01,-35.3636402,149.1684891,29.996,0.022330958396196365,71,0,AUTO,True
2026-08-31 11:52:01,-35.3636402,149.1684891,29.996,0.02055562473833561,71,0,AUTO,True
2026-08-31 11:52:01,-35.3636402,149.1684891,29.996,0.019956042990088463,71,0,AUTO,True
2026-08-31 11:52:02,-35.3636402,149.1684891,29.997,0.0190507173538208,71,0,AUTO,True
2026-08-31 11:52:02,-35.3636402,149.1684891,29.998,0.018615620210766792,71,0,AUTO,True
2026-08-31 11:52:02,-35.3636402,149.1684891,29.998,0.01770641654729843,71,0,AUTO,True
2026-08-31 11:52:03,-35.3636402,149.1684891,29.998,0.018038861453533173,71,0,AUTO,True
2026-08-31 11:52:03,-35.3636402,149.1684891,29.998,0.017765026539564133,71,0,AUTO,True
2026-08-31 11:52:04,-35.3636402,149.1684891,29.998,0.018305400386452675,71,0,AUTO,True
2026-08-31 11:52:04,-35.3636402,149.1684891,29.998,0.021380489692091942,71,0,AUTO,True
2026-08-31 11:52:04,-35.3636402,149.1684891,29.997,0.022589052096009254,71,0,AUTO,True
2026-08-31 11:52:05,-35.3636402,149.1684891,29.997,0.023801609873771667,71,0,AUTO,True
2026-08-31 11:52:05,-35.3636402,149.1684891,29.996,0.02458580583333969,71,0,AUTO,True
2026-08-31 11:52:05,-35.3636402,149.1684891,29.996,0.025877365842461586,71,0,AUTO,True
2026-08-31 11:52:06,-35.3636402,149.1684891,29.996,0.02592620626091957,71,0,AUTO,True
2026-08-31 11:52:06,-35.3636402,149.1684891,29.996,0.025461900979280472,71,0,AUTO,True
2026-08-31 11:52:07,-35.3636402,149.1684891,29.996,0.02481776475906372,71,0,AUTO,True
2026-08-31 11:52:07,-35.3636402,149.1684891,29.997,0.02717108279466629,71,0,AUTO,True
2026-08-31 11:52:08,-35.3636402,149.1684891,29.996,0.024129675701260567,71,0,AUTO,True
2026-08-31 11:52:08,-35.3636402,149.1684891,29.996,0.02280145138502121,71,0,AUTO,True
2026-08-31 11:52:08,-35.3636402,149.1684891,29.996,0.020926209166646004,71,0,AUTO,True
2026-08-31 11:52:09,-35.3636402,149.1684891,29.996,0.019539514556527138,71,0,AUTO,True
2026-08-31 11:52:09,-35.3636402,149.1684891,29.996,0.019087154418230057,71,0,AUTO,True
2026-08-31 11:52:10,-35.3636402,149.1684891,29.996,0.019738372415304184,71,0,AUTO,True
2026-08-31 11:52:10,-35.3636402,149.1684891,29.996,0.020348478108644485,71,0,AUTO,True
2026-08-31 11:52:10,-35.3636402,149.1684891,29.996,0.020993055775761604,71,0,AUTO,True
2026-08-31 11:52:11,-35.3636402,149.1684891,29.996,0.020790282636880875,71,0,AUTO,True
2026-08-31 11:52:11,-35.3636402,149.1684891,29.996,0.020767085254192352,71,0,AUTO,True
2026-08-31 11:52:11,-35.3636402,149.1684891,29.997,0.020752308890223503,71,0,AUTO,True
2026-08-31 11:52:12,-35.3636402,149.1684891,29.997,0.020926203578710556,71,0,AUTO,True
2026-08-31 11:52:12,-35.3636402,149.1684891,29.998,0.020625559613108635,71,0,AUTO,True
2026-08-31 11:52:13,-35.3636402,149.1684891,29.998,0.019951455295085907,71,0,AUTO,True
2026-08-31 11:52:13,-35.3636402,149.1684891,29.998,0.01887531578540802,71,0,AUTO,True
2026-08-31 11:52:13,-35.3636402,149.1684891,29.998,0.018640948459506035,71,0,AUTO,True
2026-08-31 11:52:14,-35.3636402,149.1684891,29.998,0.01938219927251339,71,0,AUTO,True
2026-08-31 11:52:14,-35.3636402,149.1684891,29.998,0.020079048350453377,71,0,AUTO,True
2026-08-31 11:52:15,-35.3636402,149.1684891,29.997,0.02110513299703598,71,0,AUTO,True
2026-08-31 11:52:15,-35.3636402,149.1684891,29.997,0.021798213943839073,71,0,AUTO,True
2026-08-31 11:52:15,-35.3636402,149.1684891,29.997,0.022681934759020805,71,0,AUTO,True
2026-08-31 11:52:16,-35.3636402,149.1684891,29.996,0.02318764105439186,71,0,AUTO,True
2026-08-31 11:52:16,-35.3636402,149.1684891,29.996,0.024157308042049408,71,0,AUTO,True
2026-08-31 11:52:16,-35.3636402,149.1684891,29.996,0.02430909313261509,71,0,AUTO,True
2026-08-31 11:52:17,-35.3636402,149.1684891,29.996,0.025663919746875763,71,0,AUTO,True
2026-08-31 11:52:17,-35.3636402,149.1684891,29.996,0.026562629267573357,71,0,AUTO,True
2026-08-31 11:52:18,-35.3636402,149.1684891,29.997,0.025871042162179947,71,0,AUTO,True
2026-08-31 11:52:18,-35.3636402,149.1684891,29.998,0.02538870833814144,71,0,AUTO,True
2026-08-31 11:52:18,-35.3636402,149.1684891,29.998,0.024227583780884743,71,0,AUTO,True
2026-08-31 11:52:19,-35.3636402,149.1684891,29.998,0.02396485023200512,71,0,AUTO,True
2026-08-31 11:52:19,-35.3636402,149.1684891,29.998,0.02748386189341545,71,0,AUTO,True
2026-08-31 11:52:19,-35.3636402,149.1684891,29.997,0.02885095402598381,71,0,AUTO,True
2026-08-31 11:52:20,-35.3636402,149.1684891,29.997,0.030924949795007706,71,0,GUIDED,True
2026-08-31 11:52:20,-35.3636402,149.1684891,29.997,0.0291632991284132,71,0,GUIDED,True
2026-08-31 11:52:21,-35.3636402,149.1684891,29.997,0.01426845882087946,71,0,GUIDED,True
2026-08-31 11:52:21,-35.3636402,149.1684891,29.997,0.01490869466215372,71,0,GUIDED,True
2026-08-31 11:52:21,-35.3636402,149.1684891,29.997,0.020707976073026657,71,0,GUIDED,True
2026-08-31 11:52:22,-35.3636402,149.1684891,29.996,0.021937629207968712,71,0,GUIDED,True
2026-08-31 11:52:22,-35.3636402,149.1684891,29.996,0.021055685356259346,71,0,GUIDED,True
2026-08-31 11:52:23,-35.3636402,149.1684891,29.996,0.02036462537944317,71,0,GUIDED,True
2026-08-31 11:52:23,-35.3636402,149.1684891,29.996,0.01937614567577839,71,0,GUIDED,True
2026-08-31 11:52:23,-35.3636402,149.1684891,29.996,0.018205072730779648,71,0,GUIDED,True
2026-08-31 11:52:24,-35.3636402,149.1684892,29.996,0.018396681174635887,71,0,GUIDED,True
2026-08-31 11:52:24,-35.3636401,149.1684892,29.998,0.019452696666121483,71,0,GUIDED,True
2026-08-31 11:52:25,-35.3636401,149.1684892,29.998,0.026202362030744553,71,0,GUIDED,True
2026-08-31 11:52:25,-35.3636401,149.1684892,29.998,0.02669735625386238,71,0,GUIDED,True
2026-08-31 11:52:25,-35.3636401,149.1684892,29.998,0.02675524540245533,71,0,GUIDED,True
2026-08-31 11:52:26,-35.3636401,149.1684892,29.998,0.026650890707969666,71,0,GUIDED,True
2026-08-31 11:52:26,-35.3636401,149.1684892,29.997,0.025957750156521797,71,0,GUIDED,True
2026-08-31 11:52:26,-35.3636401,149.1684892,29.997,0.02548501268029213,71,0,GUIDED,True
2026-08-31 11:52:27,-35.3636401,149.1684892,29.997,0.02493262104690075,71,0,GUIDED,True
2026-08-31 11:52:27,-35.3636401,149.1684892,29.997,0.025532713159918785,71,0,GUIDED,True
2026-08-31 11:52:28,-35.3636401,149.1684892,29.997,0.026545530185103416,71,0,GUIDED,True
2026-08-31 11:52:28,-35.3636401,149.1684892,29.997,0.027372658252716064,71,0,GUIDED,True
2026-08-31 11:52:29,-35.3636401,149.1684892,29.997,0.02744893543422222,71,0,GUIDED,True
2026-08-31 11:52:29,-35.3636401,149.1684892,29.997,0.027189968153834343,71,0,AUTO,True
2026-08-31 11:52:29,-35.3636401,149.1684892,29.996,0.026836024597287178,71,0,AUTO,True
2026-08-31 11:52:30,-35.3636401,149.1684892,29.996,0.021330010145902634,71,0,AUTO,True
2026-08-31 11:52:30,-35.3636399,149.1684893,29.996,0.03212589770555496,71,0,AUTO,True
2026-08-31 11:52:30,-35.3636393,149.1684895,29.995,0.1461285501718521,71,0,AUTO,True
2026-08-31 11:52:31,-35.3636384,149.1684898,29.995,0.3132922351360321,71,0,AUTO,True
2026-08-31 11:52:31,-35.3636351,149.168491,29.995,0.5222988724708557,71,0,AUTO,True
2026-08-31 11:52:32,-35.3636325,149.1684919,29.995,1.0551403760910034,54,0,AUTO,True
2026-08-31 11:52:32,-35.3636197,149.1684965,29.996,1.3780124187469482,37,0,AUTO,True
2026-08-31 11:52:32,-35.3636136,149.1684987,29.996,2.616025924682617,12,0,AUTO,True
2026-08-31 11:52:33,-35.3635978,149.1685045,29.997,3.1259076595306396,15,0,AUTO,True
2026-08-31 11:52:33,-35.3635882,149.168508,29.997,4.19119119644165,16,0,AUTO,True
2026-08-31 11:52:34,-35.3635657,149.1685162,29.999,4.709812641143799,16,0,AUTO,True
2026-08-31 11:52:34,-35.3635527,149.1685209,29.998,5.751871109008789,16,0,AUTO,True
2026-08-31 11:52:34,-35.3635233,149.1685317,29.998,6.286140441894531,16,0,AUTO,True
2026-08-31 11:52:35,-35.3635071,149.1685376,29.999,7.310172080993652,16,0,AUTO,True
2026-08-31 11:52:35,-35.3634722,149.1685503,30.0,7.737091541290283,16,0,AUTO,True
2026-08-31 11:52:36,-35.3634537,149.1685571,29.999,8.455592155456543,16,0,AUTO,True
2026-08-31 11:52:36,-35.363415,149.1685713,29.998,8.75057601928711,16,0,AUTO,True
2026-08-31 11:52:36,-35.3633949,149.1685787,29.999,9.202672958374023,16,0,AUTO,True
2026-08-31 11:52:37,-35.363354,149.1685937,30.002,9.354716300964355,16,0,AUTO,True
2026-08-31 11:52:37,-35.3633334,149.1686012,30.004,9.502847671508789,16,0,AUTO,True
2026-08-31 11:52:37,-35.3632921,149.1686164,30.007,9.524216651916504,16,0,AUTO,True
2026-08-31 11:52:38,-35.3632713,149.168624,30.008,9.59124755859375,16,0,AUTO,True
2026-08-31 11:52:38,-35.3632296,149.1686393,30.011,9.631129264831543,16,0,AUTO,True
2026-08-31 11:52:39,-35.3632085,149.168647,30.012,9.701899528503418,16,0,AUTO,True
2026-08-31 11:52:39,-35.3631663,149.1686625,30.013,9.729342460632324,16,0,AUTO,True
2026-08-31 11:52:39,-35.3631452,149.1686702,30.014,9.771514892578125,16,0,AUTO,True
2026-08-31 11:52:40,-35.363103,149.1686856,30.016,9.788891792297363,16,0,AUTO,True
2026-08-31 11:52:40,-35.363082,149.1686933,30.016,9.809011459350586,16,0,AUTO,True
2026-08-31 11:52:40,-35.3630396,149.1687087,30.014,9.823333740234375,16,0,AUTO,True
2026-08-31 11:52:41,-35.3630183,149.1687165,30.013,9.865607261657715,16,0,AUTO,True
2026-08-31 11:52:41,-35.3629762,149.1687319,30.016,9.857486724853516,16,0,AUTO,True
2026-08-31 11:52:41,-35.3629557,149.1687394,30.018,9.630209922790527,16,0,AUTO,True
2026-08-31 11:52:42,-35.3629163,149.1687538,30.019,9.416736602783203,16,0,AUTO,True
2026-08-31 11:52:42,-35.3628977,149.1687605,30.017,8.818840026855469,16,0,AUTO,True
2026-08-31 11:52:43,-35.3628631,149.1687732,30.011,8.436877250671387,16,0,AUTO,True
2026-08-31 11:52:43,-35.3628475,149.1687789,30.006,7.4817795753479,16,0,AUTO,True
2026-08-31 11:52:43,-35.3628203,149.1687889,29.994,6.908109664916992,16,0,AUTO,True
2026-08-31 11:52:44,-35.3628087,149.1687929,29.99,5.641666412353516,16,0,AUTO,True
2026-08-31 11:52:44,-35.3627901,149.1687982,29.988,4.954665184020996,15,0,AUTO,True
2026-08-31 11:52:44,-35.3627832,149.1687991,29.99,3.460641622543335,9,0,AUTO,True
2026-08-31 11:52:45,-35.3627744,149.1687966,29.996,2.691373348236084,2,0,AUTO,True
2026-08-31 11:52:45,-35.3627723,149.1687928,29.999,1.6626113653182983,334,0,AUTO,True
2026-08-31 11:52:46,-35.3627723,149.1687799,30.001,1.8297227621078491,319,0,AUTO,True
2026-08-31 11:52:46,-35.362774,149.1687707,30.001,3.116211175918579,291,0,AUTO,True
2026-08-31 11:52:46,-35.3627802,149.1687473,30.0,3.861516237258911,276,0,AUTO,True
2026-08-31 11:52:47,-35.3627843,149.1687332,29.998,5.125082969665527,249,0,AUTO,True
2026-08-31 11:52:47,-35.3627935,149.1687011,29.99,5.666049003601074,248,0,AUTO,True
2026-08-31 11:52:48,-35.3627985,149.168683,29.986,6.649040699005127,251,0,AUTO,True
2026-08-31 11:52:48,-35.3628093,149.1686433,29.982,7.124444007873535,251,0,AUTO,True
2026-08-31 11:52:48,-35.3628151,149.1686219,29.982,7.947669506072998,251,0,AUTO,True
2026-08-31 11:52:49,-35.3628271,149.1685768,29.985,8.286301612854004,251,0,AUTO,True
2026-08-31 11:52:49,-35.3628333,149.1685531,29.987,8.844453811645508,251,0,AUTO,True
2026-08-31 11:52:49,-35.3628462,149.1685045,29.992,9.064635276794434,251,0,AUTO,True
2026-08-31 11:52:50,-35.3628527,149.1684797,29.995,9.374747276306152,251,0,AUTO,True
2026-08-31 11:52:50,-35.3628658,149.1684297,30.001,9.461884498596191,251,0,AUTO,True
2026-08-31 11:52:51,-35.3628723,149.1684047,30.003,9.51865291595459,251,0,AUTO,True
2026-08-31 11:52:51,-35.3628855,149.1683541,30.004,9.548325538635254,251,0,AUTO,True
2026-08-31 11:52:51,-35.3628921,149.1683288,30.005,9.637807846069336,251,0,AUTO,True
2026-08-31 11:52:52,-35.3629052,149.1682779,30.008,9.674010276794434,251,0,AUTO,True
2026-08-31 11:52:52,-35.3629119,149.1682523,30.008,9.745410919189453,251,0,AUTO,True
2026-08-31 11:52:52,-35.3629251,149.168201,30.009,9.775516510009766,251,0,AUTO,True
2026-08-31 11:52:53,-35.3629318,149.1681752,30.009,9.819385528564453,251,0,AUTO,True
2026-08-31 11:52:53,-35.3629451,149.1681233,30.009,9.83538818359375,251,0,AUTO,True
2026-08-31 11:52:54,-35.3629518,149.1680973,30.009,9.860489845275879,251,0,AUTO,True
2026-08-31 11:52:54,-35.3629651,149.1680453,30.009,9.869735717773438,251,0,AUTO,True
2026-08-31 11:52:54,-35.3629718,149.1680194,30.009,9.887378692626953,251,0,AUTO,True
2026-08-31 11:52:55,-35.3629851,149.1679675,30.009,9.888757705688477,252,0,AUTO,True
2026-08-31 11:52:55,-35.3629918,149.1679414,30.009,9.895354270935059,252,0,AUTO,True
2026-08-31 11:52:55,-35.3630051,149.1678893,30.009,9.903106689453125,252,0,AUTO,True
2026-08-31 11:52:56,-35.3630118,149.1678633,30.009,9.914494514465332,252,0,AUTO,True
2026-08-31 11:52:56,-35.3630251,149.1678112,30.009,9.926813125610352,252,0,AUTO,True
2026-08-31 11:52:56,-35.3630318,149.1677851,30.01,9.950347900390625,252,0,AUTO,True
2026-08-31 11:52:57,-35.363045,149.1677336,30.015,9.924620628356934,252,0,AUTO,True
2026-08-31 11:52:57,-35.3630515,149.1677083,30.017,9.65988540649414,252,0,AUTO,True
2026-08-31 11:52:58,-35.3630637,149.1676602,30.02,9.429149627685547,252,0,AUTO,True
2026-08-31 11:52:58,-35.3630695,149.1676375,30.019,8.798870086669922,252,0,AUTO,True
2026-08-31 11:52:58,-35.3630802,149.1675957,30.013,8.398250579833984,252,0,AUTO,True
2026-08-31 11:52:59,-35.363085,149.1675769,30.007,7.40602445602417,252,0,AUTO,True
2026-08-31 11:52:59,-35.3630934,149.1675442,29.996,6.816345691680908,252,0,AUTO,True
2026-08-31 11:52:59,-35.3630972,149.1675306,29.992,5.527790069580078,251,0,AUTO,True
2026-08-31 11:53:00,-35.3631044,149.1675095,29.99,4.840652942657471,249,0,AUTO,True
2026-08-31 11:53:00,-35.3631081,149.1675023,29.992,3.4094247817993164,241,0,AUTO,True
2026-08-31 11:53:01,-35.3631162,149.1674952,29.997,2.7258365154266357,232,0,AUTO,True
2026-08-31 11:53:01,-35.3631209,149.1674952,29.999,2.039980411529541,204,0,AUTO,True
2026-08-31 11:53:01,-35.3631324,149.1675017,30.0,2.298039436340332,189,0,AUTO,True
2026-08-31 11:53:02,-35.3631393,149.167508,30.0,3.5398306846618652,161,0,AUTO,True
2026-08-31 11:53:02,-35.3631559,149.1675253,29.998,4.2251386642456055,146,0,AUTO,True
2026-08-31 11:53:03,-35.3631655,149.1675358,29.996,5.449223518371582,138,0,AUTO,True
2026-08-31 11:53:03,-35.3631874,149.1675596,29.991,5.999277591705322,139,0,AUTO,True
2026-08-31 11:53:03,-35.3631998,149.1675728,29.989,7.0305328369140625,139,0,AUTO,True
2026-08-31 11:53:04,-35.363227,149.1676013,29.987,7.507030487060547,139,0,AUTO,True
2026-08-31 11:53:04,-35.3632416,149.1676165,29.986,8.291282653808594,139,0,AUTO,True
2026-08-31 11:53:05,-35.3632882,149.1676647,29.987,9.112754821777344,139,0,AUTO,True
2026-08-31 11:53:05,-35.3633207,149.1676983,29.99,9.293567657470703,139,0,AUTO,True
2026-08-31 11:53:05,-35.3633373,149.1677154,29.993,9.521714210510254,139,0,AUTO,True
2026-08-31 11:53:06,-35.3633705,149.1677493,29.997,9.567713737487793,139,0,AUTO,True
2026-08-31 11:53:06,-35.363387,149.1677663,29.997,9.596129417419434,139,0,AUTO,True
2026-08-31 11:53:07,-35.3634374,149.1678176,29.998,9.64064884185791,139,0,AUTO,True
2026-08-31 11:53:07,-35.3634543,149.1678347,29.999,9.77149486541748,139,0,AUTO,True
2026-08-31 11:53:07,-35.3634714,149.1678521,30.0,9.799346923828125,139,0,AUTO,True
2026-08-31 11:53:08,-35.3634884,149.1678694,30.0,9.819241523742676,139,0,AUTO,True
2026-08-31 11:53:08,-35.3635226,149.1679041,30.001,9.832048416137695,139,0,AUTO,True
2026-08-31 11:53:08,-35.3635397,149.1679215,30.002,9.850549697875977,139,0,AUTO,True
2026-08-31 11:53:09,-35.363574,149.1679562,30.004,9.85593318939209,139,0,AUTO,True
2026-08-31 11:53:09,-35.3635911,149.1679735,30.004,9.86114501953125,139,0,AUTO,True
2026-08-31 11:53:10,-35.3636255,149.1680083,30.005,9.863966941833496,139,0,AUTO,True
2026-08-31 11:53:10,-35.3636427,149.1680257,30.006,9.873788833618164,139,0,AUTO,True
2026-08-31 11:53:10,-35.363677,149.1680603,30.007,9.878066062927246,139,0,AUTO,True
2026-08-31 11:53:11,-35.363694,149.1680776,30.009,9.838384628295898,139,0,AUTO,True
2026-08-31 11:53:11,-35.3637273,149.1681116,30.011,9.748868942260742,140,0,AUTO,True
2026-08-31 11:53:11,-35.3637437,149.1681287,30.011,9.571538925170898,139,0,AUTO,True
2026-08-31 11:53:12,-35.3637754,149.1681631,30.011,9.490857124328613,139,0,AUTO,True
2026-08-31 11:53:12,-35.3637907,149.1681804,30.011,9.311241149902344,138,0,AUTO,True
2026-08-31 11:53:13,-35.3638198,149.1682156,30.01,9.216132164001465,137,0,AUTO,True
2026-08-31 11:53:13,-35.3638336,149.1682337,30.009,9.03231430053711,134,0,AUTO,True
2026-08-31 11:53:13,-35.3638599,149.1682711,30.007,8.982746124267578,133,0,AUTO,True
2026-08-31 11:53:14,-35.3638725,149.1682906,30.006,8.984612464904785,129,0,AUTO,True
2026-08-31 11:53:14,-35.3638961,149.1683308,30.006,8.980208396911621,128,0,AUTO,True
2026-08-31 11:53:15,-35.3639072,149.1683516,30.005,8.979097366333008,125,0,AUTO,True
2026-08-31 11:53:15,-35.3639285,149.1683948,30.002,9.032516479492188,123,0,AUTO,True
2026-08-31 11:53:15,-35.3639387,149.1684171,30.001,9.245780944824219,120,0,AUTO,True
2026-08-31 11:53:16,-35.3639586,149.168463,30.002,9.345130920410156,119,0,AUTO,True
2026-08-31 11:53:16,-35.3639685,149.1684867,30.002,9.535638809204102,117,0,AUTO,True
2026-08-31 11:53:16,-35.363988,149.1685346,30.001,9.63284683227539,117,0,AUTO,True
2026-08-31 11:53:17,-35.3639978,149.1685589,30.0,9.816072463989258,116,0,AUTO,True
2026-08-31 11:53:17,-35.3640176,149.168608,30.001,9.90068531036377,116,0,AUTO,True
2026-08-31 11:53:18,-35.3640275,149.1686326,30.003,9.954183578491211,116,0,AUTO,True
2026-08-31 11:53:18,-35.3640475,149.1686821,30.004,9.960129737854004,116,0,AUTO,True
2026-08-31 11:53:18,-35.3640575,149.1687069,30.004,9.997666358947754,116,0,AUTO,True
2026-08-31 11:53:19,-35.3640777,149.1687565,30.004,10.014225959777832,116,0,AUTO,True
2026-08-31 11:53:19,-35.3640878,149.1687813,30.005,10.027780532836914,116,0,AUTO,True
2026-08-31 11:53:19,-35.3641079,149.1688306,30.009,10.021134376525879,116,0,AUTO,True
2026-08-31 11:53:20,-35.3641177,149.1688546,30.012,9.839339256286621,116,0,AUTO,True
2026-08-31 11:53:20,-35.3641368,149.1689012,30.016,9.646612167358398,116,0,AUTO,True
2026-08-31 11:53:21,-35.3641459,149.1689233,30.016,9.089529037475586,116,0,AUTO,True
2026-08-31 11:53:21,-35.3641628,149.1689643,30.012,8.72624397277832,116,0,AUTO,True
2026-08-31 11:53:21,-35.3641705,149.168983,30.008,7.81839656829834,116,0,AUTO,True
2026-08-31 11:53:22,-35.364184,149.1690158,29.997,7.268388271331787,116,0,AUTO,True
2026-08-31 11:53:22,-35.3641897,149.16903,29.993,6.025474548339844,116,0,AUTO,True
2026-08-31 11:53:22,-35.364198,149.169054,29.989,5.370687007904053,115,0,AUTO,True
2026-08-31 11:53:23,-35.3642004,149.1690638,29.989,3.9992294311523438,109,0,AUTO,True
2026-08-31 11:53:23,-35.3642008,149.1690788,29.994,3.3190484046936035,102,0,AUTO,True
2026-08-31 11:53:24,-35.3641985,149.1690844,29.997,2.3280088901519775,78,0,AUTO,True
2026-08-31 11:53:24,-35.3641887,149.1690925,30.0,2.3120789527893066,63,0,AUTO,True
2026-08-31 11:53:24,-35.3641812,149.1690955,30.001,3.2260520458221436,35,0,AUTO,True
2026-08-31 11:53:25,-35.3641614,149.1691005,30.0,3.894470691680908,20,0,AUTO,True
2026-08-31 11:53:25,-35.3641493,149.1691029,29.999,5.160946846008301,10,0,AUTO,True
2026-08-31 11:53:25,-35.3641213,149.1691081,29.995,5.740185260772705,10,0,AUTO,True
2026-08-31 11:53:26,-35.3641056,149.1691112,29.993,6.819993495941162,9,0,AUTO,True
2026-08-31 11:53:26,-35.3640526,149.1691223,29.991,7.323343276977539,9,0,AUTO,True
2026-08-31 11:53:27,-35.3640334,149.1691264,29.991,8.511396408081055,9,0,AUTO,True
2026-08-31 11:53:27,-35.3639934,149.1691351,29.992,8.80393123626709,9,0,AUTO,True
2026-08-31 11:53:28,-35.3639727,149.1691396,29.993,9.278054237365723,9,0,AUTO,True
2026-08-31 11:53:28,-35.3639517,149.1691443,29.994,9.449992179870605,10,0,AUTO,True
2026-08-31 11:53:28,-35.3639305,149.169149,29.995,9.573244094848633,10,0,AUTO,True
2026-08-31 11:53:29,-35.363866,149.1691635,29.996,9.64557933807373,10,0,AUTO,True
2026-08-31 11:53:29,-35.3638444,149.1691685,29.995,9.708239555358887,10,0,AUTO,True
2026-08-31 11:53:30,-35.3638011,149.1691784,29.994,9.740967750549316,10,0,AUTO,True
2026-08-31 11:53:30,-35.3637793,149.1691834,29.994,9.788140296936035,10,0,AUTO,True
2026-08-31 11:53:30,-35.363714,149.1691985,29.997,9.799055099487305,10,0,AUTO,True
2026-08-31 11:53:31,-35.3636923,149.1692036,29.997,9.82231616973877,10,0,AUTO,True
2026-08-31 11:53:31,-35.3636487,149.1692137,29.998,9.83007526397705,10,0,AUTO,True
2026-08-31 11:53:31,-35.3636269,149.1692188,29.999,9.857442855834961,10,0,AUTO,True
2026-08-31 11:53:32,-35.3635832,149.169229,30.001,9.869125366210938,10,0,AUTO,True
2026-08-31 11:53:32,-35.3635615,149.169234,30.001,9.880142211914062,10,0,AUTO,True
2026-08-31 11:53:33,-35.3635177,149.1692443,30.002,9.886881828308105,10,0,AUTO,True
2026-08-31 11:53:33,-35.3634959,149.1692494,30.002,9.899191856384277,10,0,AUTO,True
2026-08-31 11:53:33,-35.3634527,149.1692595,30.006,9.896223068237305,10,0,AUTO,True
2026-08-31 11:53:34,-35.3634314,149.1692645,30.009,9.729033470153809,10,0,AUTO,True
2026-08-31 11:53:34,-35.3633897,149.1692744,30.01,9.593313217163086,10,0,AUTO,True
2026-08-31 11:53:34,-35.3633691,149.1692793,30.009,9.355620384216309,10,0,AUTO,True
2026-08-31 11:53:35,-35.3633288,149.1692891,30.008,9.238168716430664,10,0,AUTO,True
2026-08-31 11:53:35,-35.3633091,149.1692939,30.008,8.979697227478027,10,0,AUTO,True
2026-08-31 11:53:36,-35.3632706,149.1693036,30.006,8.843568801879883,10,0,AUTO,True
2026-08-31 11:53:36,-35.3632517,149.1693085,30.005,8.630558967590332,11,0,AUTO,True
2026-08-31 11:53:36,-35.3632139,149.1693186,30.003,8.61412525177002,11,0,AUTO,True
2026-08-31 11:53:37,-35.3631949,149.1693238,30.004,8.609684944152832,11,0,AUTO,True
2026-08-31 11:53:37,-35.3631573,149.1693343,30.005,8.592424392700195,12,0,AUTO,True
2026-08-31 11:53:37,-35.3631387,149.1693396,30.005,8.555232048034668,12,0,AUTO,True
2026-08-31 11:53:38,-35.3631014,149.1693505,30.005,8.546496391296387,12,0,AUTO,True
2026-08-31 11:53:38,-35.3630827,149.169356,30.005,8.54880428314209,12,0,AUTO,True
2026-08-31 11:53:39,-35.3630453,149.1693672,30.005,8.555886268615723,13,0,AUTO,True
2026-08-31 11:53:39,-35.3630266,149.1693729,30.005,8.574590682983398,13,0,AUTO,True
2026-08-31 11:53:39,-35.3629891,149.1693842,30.004,8.58154296875,13,0,AUTO,True
2026-08-31 11:53:40,-35.3629703,149.1693899,30.003,8.588542938232422,13,0,AUTO,True
2026-08-31 11:53:40,-35.3629332,149.1694011,30.004,8.574165344238281,13,0,AUTO,True
2026-08-31 11:53:41,-35.3629153,149.1694066,30.006,8.350658416748047,13,0,AUTO,True
2026-08-31 11:53:41,-35.3628807,149.169417,30.006,8.140514373779297,13,0,AUTO,True
2026-08-31 11:53:41,-35.3628646,149.1694219,30.005,7.549217700958252,13,0,AUTO,True
2026-08-31 11:53:42,-35.3628351,149.1694308,29.999,7.166059494018555,13,0,AUTO,True
2026-08-31 11:53:42,-35.3628222,149.1694348,29.995,6.211448669433594,13,0,AUTO,True
2026-08-31 11:53:43,-35.3627914,149.1694442,29.988,5.633649826049805,13,0,AUTO,True
2026-08-31 11:53:43,-35.3627838,149.1694465,29.989,3.724388360977173,13,0,AUTO,True
2026-08-31 11:53:43,-35.3627778,149.1694483,29.992,3.072239875793457,13,0,AUTO,True
2026-08-31 11:53:44,-35.362773,149.1694498,29.995,2.437601327896118,13,0,AUTO,True
2026-08-31 11:53:44,-35.362767,149.1694516,29.998,1.859473705291748,13,0,AUTO,True
2026-08-31 11:53:44,-35.3627654,149.1694521,29.999,0.9069761037826538,13,0,AUTO,True
2026-08-31 11:53:45,-35.3627643,149.1694524,29.998,0.5329317450523376,13,0,AUTO,True
2026-08-31 11:53:45,-35.3627645,149.1694523,29.997,0.006505665834993124,13,0,AUTO,True
2026-08-31 11:53:45,-35.3627654,149.1694521,29.995,0.15872180461883545,13,0,AUTO,True
2026-08-31 11:53:46,-35.362766,149.1694519,29.994,0.25292497873306274,13,0,AUTO,True
2026-08-31 11:53:46,-35.3627667,149.1694516,29.992,0.216051384806633,13,0,AUTO,True
2026-08-31 11:53:47,-35.3627667,149.1694515,29.991,0.02145574986934662,13,0,AUTO,True
2026-08-31 11:53:47,-35.3627656,149.1694516,29.989,0.20190128684043884,13,0,AUTO,True
2026-08-31 11:53:48,-35.3627654,149.1694516,29.988,0.16054031252861023,13,0,AUTO,True
2026-08-31 11:53:48,-35.3627654,149.1694516,29.988,0.0635601133108139,13,0,AUTO,True
2026-08-31 11:53:48,-35.3627657,149.1694515,29.988,0.0724048912525177,13,0,AUTO,True
2026-08-31 11:53:49,-35.3627661,149.1694514,29.988,0.14910712838172913,13,0,AUTO,True
2026-08-31 11:53:49,-35.3627663,149.1694514,29.987,0.11263859272003174,13,0,AUTO,True
2026-08-31 11:53:49,-35.3627666,149.1694514,29.985,0.08561192452907562,13,0,AUTO,True
2026-08-31 11:53:50,-35.3627666,149.1694514,29.985,0.05236867442727089,13,0,AUTO,True
2026-08-31 11:53:50,-35.3627667,149.1694514,29.985,0.05137869715690613,13,0,AUTO,True
2026-08-31 11:53:50,-35.3627668,149.1694514,29.985,0.05227486416697502,13,0,AUTO,True
2026-08-31 11:53:51,-35.3627669,149.1694513,29.986,0.052352651953697205,13,0,AUTO,True
2026-08-31 11:53:51,-35.3627669,149.1694513,29.986,0.05072954297065735,13,0,AUTO,True
2026-08-31 11:53:52,-35.362767,149.1694513,29.986,0.04908574000000954,13,0,AUTO,True
2026-08-31 11:53:52,-35.362767,149.1694513,29.986,0.04835430160164833,13,0,AUTO,True
2026-08-31 11:53:52,-35.3627671,149.1694513,29.986,0.04759834334254265,13,0,AUTO,True
2026-08-31 11:53:53,-35.3627672,149.1694513,29.987,0.04529280588030815,13,0,AUTO,True
2026-08-31 11:53:53,-35.3627672,149.1694513,29.987,0.043363042175769806,13,0,AUTO,True
2026-08-31 11:53:54,-35.3627672,149.1694513,29.987,0.03886563330888748,13,0,AUTO,True
2026-08-31 11:53:54,-35.3627673,149.1694513,29.987,0.03718921169638634,13,0,AUTO,True
2026-08-31 11:53:54,-35.3627673,149.1694513,29.987,0.033846817910671234,13,0,AUTO,True
2026-08-31 11:53:55,-35.3627673,149.1694513,29.987,0.033443138003349304,13,0,AUTO,True
2026-08-31 11:53:55,-35.3627673,149.1694513,29.987,0.03271448612213135,13,0,AUTO,True
2026-08-31 11:53:55,-35.3627673,149.1694513,29.987,0.03203326836228371,13,0,AUTO,True
2026-08-31 11:53:56,-35.3627674,149.1694513,29.987,0.03008870780467987,13,0,AUTO,True
2026-08-31 11:53:56,-35.3627674,149.1694513,29.987,0.030048569664359093,13,0,AUTO,True
2026-08-31 11:53:57,-35.3627674,149.1694513,29.987,0.029958590865135193,13,0,AUTO,True
2026-08-31 11:53:57,-35.3627674,149.1694513,29.987,0.029457813128829002,13,0,AUTO,True
2026-08-31 11:53:57,-35.3627674,149.1694513,29.987,0.027721727266907692,13,0,AUTO,True
2026-08-31 11:53:58,-35.3627674,149.1694513,29.988,0.026900384575128555,13,0,AUTO,True
2026-08-31 11:53:58,-35.3627674,149.1694513,29.988,0.025576595216989517,13,0,AUTO,True
2026-08-31 11:53:58,-35.3627674,149.1694513,29.989,0.025643086060881615,13,0,AUTO,True
2026-08-31 11:53:59,-35.3627674,149.1694513,29.989,0.02469499409198761,13,0,AUTO,True
2026-08-31 11:53:59,-35.3627674,149.1694513,29.99,0.024839889258146286,13,0,AUTO,True
2026-08-31 11:54:00,-35.3627674,149.1694513,29.99,0.024021055549383163,13,0,AUTO,True
2026-08-31 11:54:00,-35.3627674,149.1694513,29.99,0.02451506443321705,13,0,AUTO,True
2026-08-31 11:54:00,-35.3627674,149.1694513,29.99,0.02453683875501156,13,0,AUTO,True
2026-08-31 11:54:01,-35.3627674,149.1694513,29.99,0.02396845445036888,13,0,AUTO,True
2026-08-31 11:54:01,-35.3627674,149.1694513,29.99,0.023932889103889465,13,0,AUTO,True
2026-08-31 11:54:01,-35.3627674,149.1694513,29.99,0.02380450628697872,13,0,AUTO,True
2026-08-31 11:54:02,-35.3627674,149.1694513,29.99,0.022411338984966278,13,0,AUTO,True
2026-08-31 11:54:02,-35.3627675,149.1694513,29.99,0.021915549412369728,13,0,AUTO,True
2026-08-31 11:54:03,-35.3627675,149.1694513,29.99,0.020801424980163574,13,0,AUTO,True
2026-08-31 11:54:03,-35.3627675,149.1694513,29.991,0.02074429579079151,13,0,AUTO,True
2026-08-31 11:54:03,-35.3627675,149.1694513,29.991,0.020110489800572395,13,0,AUTO,True
2026-08-31 11:54:04,-35.3627675,149.1694513,29.991,0.01918051391839981,13,0,AUTO,True
2026-08-31 11:54:04,-35.3627675,149.1694513,29.991,0.018894687294960022,13,0,AUTO,True
2026-08-31 11:54:05,-35.3627675,149.1694512,29.991,0.019548935815691948,13,0,AUTO,True
2026-08-31 11:54:05,-35.3627675,149.1694512,29.991,0.02108582854270935,13,0,AUTO,True
2026-08-31 11:54:05,-35.3627675,149.1694512,29.991,0.0203092023730278,13,0,AUTO,True
2026-08-31 11:54:06,-35.3627675,149.1694512,29.991,0.020972996950149536,13,0,AUTO,True
2026-08-31 11:54:06,-35.3627675,149.1694512,29.992,0.021573062986135483,13,0,AUTO,True
2026-08-31 11:54:06,-35.3627675,149.1694512,29.993,0.022325534373521805,13,0,AUTO,True
2026-08-31 11:54:07,-35.3627675,149.1694512,29.993,0.022680962458252907,13,0,AUTO,True
2026-08-31 11:54:07,-35.3627675,149.1694512,29.993,0.02140280231833458,13,0,AUTO,True
2026-08-31 11:54:08,-35.3627675,149.1694512,29.993,0.02092777006328106,13,0,AUTO,True
2026-08-31 11:54:08,-35.3627675,149.1694512,29.993,0.0213300883769989,13,0,AUTO,True
2026-08-31 11:54:08,-35.3627675,149.1694512,29.993,0.021387353539466858,13,0,AUTO,True
2026-08-31 11:54:09,-35.3627675,149.1694512,29.993,0.021306999027729034,13,0,AUTO,True
2026-08-31 11:54:09,-35.3627675,149.1694512,29.993,0.021810617297887802,13,0,AUTO,True
2026-08-31 11:54:10,-35.3627675,149.1694512,29.994,0.021441064774990082,13,0,AUTO,True
2026-08-31 11:54:10,-35.3627675,149.1694512,29.994,0.02105088159441948,13,0,AUTO,True
2026-08-31 11:54:10,-35.3627675,149.1694512,29.994,0.020964624360203743,13,0,AUTO,True
2026-08-31 11:54:11,-35.3627674,149.1694512,29.994,0.021165672689676285,13,0,AUTO,True
2026-08-31 11:54:11,-35.3627674,149.1694512,29.994,0.02371346950531006,13,0,AUTO,True
2026-08-31 11:54:12,-35.3627674,149.1694512,29.994,0.023507222533226013,13,0,AUTO,True
2026-08-31 11:54:12,-35.3627674,149.1694512,29.994,0.02315208688378334,13,0,AUTO,True
2026-08-31 11:54:12,-35.3627674,149.1694512,29.995,0.02338029071688652,13,0,AUTO,True
2026-08-31 11:54:13,-35.3627674,149.1694512,29.995,0.022926457226276398,13,0,AUTO,True
2026-08-31 11:54:13,-35.3627674,149.1694512,29.995,0.0223770122975111,13,0,AUTO,True
2026-08-31 11:54:13,-35.3627675,149.1694512,29.996,0.022405002266168594,13,0,AUTO,True
2026-08-31 11:54:14,-35.3627675,149.1694512,29.996,0.022660359740257263,13,0,AUTO,True
2026-08-31 11:54:14,-35.3627675,149.1694512,29.996,0.022072333842515945,13,0,AUTO,True
2026-08-31 11:54:15,-35.3627675,149.1694512,29.996,0.02079848386347294,13,0,AUTO,True
2026-08-31 11:54:15,-35.3627675,149.1694512,29.996,0.01969018206000328,13,0,AUTO,True
2026-08-31 11:54:15,-35.3627675,149.1694512,29.996,0.019477959722280502,13,0,AUTO,True
2026-08-31 11:54:16,-35.3627675,149.1694512,29.996,0.019030502066016197,13,0,AUTO,True
2026-08-31 11:54:16,-35.3627675,149.1694512,29.996,0.018663330003619194,13,0,AUTO,True
2026-08-31 11:54:16,-35.3627675,149.1694512,29.996,0.01834961213171482,13,0,AUTO,True
2026-08-31 11:54:17,-35.3627675,149.1694512,29.996,0.018252329900860786,13,0,AUTO,True
2026-08-31 11:54:17,-35.3627675,149.1694512,29.996,0.018681222572922707,13,0,AUTO,True
2026-08-31 11:54:17,-35.3627675,149.1694512,29.996,0.019255416467785835,13,0,AUTO,True
2026-08-31 11:54:18,-35.3627675,149.1694512,29.996,0.019993837922811508,13,0,AUTO,True
2026-08-31 11:54:18,-35.3627675,149.1694512,29.996,0.02031955122947693,13,0,AUTO,True
2026-08-31 11:54:19,-35.3627675,149.1694512,29.996,0.020188329741358757,13,0,AUTO,True
2026-08-31 11:54:19,-35.3627675,149.1694512,29.995,0.020387548953294754,13,0,AUTO,True
2026-08-31 11:54:19,-35.3627675,149.1694512,29.994,0.020164435729384422,13,0,AUTO,True
2026-08-31 11:54:20,-35.3627675,149.1694512,29.994,0.02023453079164028,13,0,AUTO,True
2026-08-31 11:54:20,-35.3627675,149.1694512,29.994,0.022392356768250465,13,0,AUTO,True
2026-08-31 11:54:20,-35.3627675,149.1694512,29.995,0.022664355114102364,13,0,AUTO,True
2026-08-31 11:54:21,-35.3627675,149.1694512,29.996,0.02174161747097969,13,0,AUTO,True
2026-08-31 11:54:21,-35.3627675,149.1694512,29.996,0.02095833607017994,13,0,AUTO,True
2026-08-31 11:54:22,-35.3627675,149.1694512,29.996,0.020836850628256798,13,0,AUTO,True
2026-08-31 11:54:22,-35.3627675,149.1694512,29.996,0.02111053094267845,13,0,AUTO,True
2026-08-31 11:54:22,-35.3627675,149.1694512,29.996,0.020869137719273567,13,0,AUTO,True
2026-08-31 11:54:23,-35.3627675,149.1694512,29.996,0.02064829133450985,13,0,AUTO,True
2026-08-31 11:54:23,-35.3627675,149.1694512,29.996,0.020542237907648087,13,0,AUTO,True
2026-08-31 11:54:23,-35.3627675,149.1694512,29.996,0.02054428495466709,13,0,AUTO,True
2026-08-31 11:54:24,-35.3627675,149.1694512,29.996,0.01968037709593773,13,0,AUTO,True
2026-08-31 11:54:24,-35.3627675,149.1694512,29.996,0.019372334703803062,13,0,AUTO,True
2026-08-31 11:54:25,-35.3627675,149.1694512,29.996,0.018654467537999153,13,0,AUTO,True
2026-08-31 11:54:25,-35.3627675,149.1694512,29.996,0.01881876401603222,13,0,AUTO,True
2026-08-31 11:54:26,-35.3627675,149.1694512,29.996,0.019773678854107857,13,0,AUTO,True
2026-08-31 11:54:26,-35.3627675,149.1694512,29.996,0.020718028768897057,13,0,AUTO,True
2026-08-31 11:54:26,-35.3627675,149.1694512,29.996,0.022222796455025673,13,0,AUTO,True
2026-08-31 11:54:27,-35.3627675,149.1694512,29.996,0.02306482195854187,13,0,AUTO,True
2026-08-31 11:54:27,-35.3627675,149.1694512,29.996,0.023552026599645615,13,0,AUTO,True
2026-08-31 11:54:27,-35.3627675,149.1694512,29.996,0.0234988946467638,13,0,AUTO,True
2026-08-31 11:54:28,-35.3627675,149.1694512,29.996,0.023022612556815147,13,0,AUTO,True
2026-08-31 11:54:28,-35.3627675,149.1694512,29.996,0.02264256961643696,13,0,AUTO,True
2026-08-31 11:54:28,-35.3627675,149.1694512,29.996,0.022214923053979874,13,0,AUTO,True
2026-08-31 11:54:29,-35.3627675,149.1694512,29.996,0.02281956374645233,13,0,AUTO,True
2026-08-31 11:54:29,-35.3627675,149.1694512,29.996,0.022332966327667236,13,0,AUTO,True
2026-08-31 11:54:30,-35.3627675,149.1694512,29.996,0.020855218172073364,13,0,AUTO,True
2026-08-31 11:54:30,-35.3627675,149.1694512,29.996,0.018434595316648483,13,0,AUTO,True
2026-08-31 11:54:30,-35.3627675,149.1694512,29.996,0.018398819491267204,13,0,AUTO,True
2026-08-31 11:54:31,-35.3627675,149.1694512,29.996,0.018912281841039658,13,0,AUTO,True
2026-08-31 11:54:31,-35.3627675,149.1694512,29.996,0.019551096484065056,13,0,AUTO,True
2026-08-31 11:54:31,-35.3627675,149.1694512,29.996,0.019182246178388596,13,0,AUTO,True
2026-08-31 11:54:32,-35.3627675,149.1694512,29.996,0.018761705607175827,13,0,AUTO,True
2026-08-31 11:54:32,-35.3627675,149.1694512,29.996,0.018484970554709435,13,0,AUTO,True
2026-08-31 11:54:33,-35.3627675,149.1694512,29.996,0.018762370571494102,13,0,AUTO,True
2026-08-31 11:54:33,-35.3627675,149.1694512,29.996,0.020093970000743866,13,0,AUTO,True
2026-08-31 11:54:33,-35.3627675,149.1694512,29.996,0.020677682012319565,13,0,AUTO,True
2026-08-31 11:54:34,-35.3627675,149.1694512,29.996,0.021768314763903618,13,0,AUTO,True
2026-08-31 11:54:34,-35.3627675,149.1694512,29.996,0.021814806386828423,13,0,AUTO,True
2026-08-31 11:54:35,-35.3627675,149.1694512,29.996,0.021087776869535446,13,0,AUTO,True
2026-08-31 11:54:35,-35.3627675,149.1694512,29.996,0.020911740139126778,13,0,AUTO,True
2026-08-31 11:54:35,-35.3627675,149.1694512,29.996,0.019887851551175117,13,0,AUTO,True
2026-08-31 11:54:36,-35.3627675,149.1694512,29.996,0.019993646070361137,13,0,AUTO,True
2026-08-31 11:54:36,-35.3627675,149.1694512,29.996,0.02087652124464512,13,0,AUTO,True
2026-08-31 11:54:36,-35.3627675,149.1694512,29.996,0.021220829337835312,13,0,AUTO,True
2026-08-31 11:54:37,-35.3627675,149.1694512,29.996,0.020615192130208015,13,0,AUTO,True
2026-08-31 11:54:37,-35.3627675,149.1694512,29.996,0.02020915411412716,13,0,AUTO,True
2026-08-31 11:54:38,-35.3627675,149.1694512,29.996,0.019448913633823395,13,0,AUTO,True
2026-08-31 11:54:38,-35.3627675,149.1694512,29.996,0.01944396272301674,13,0,AUTO,True
2026-08-31 11:54:38,-35.3627675,149.1694512,29.996,0.019610578194260597,13,0,AUTO,True
2026-08-31 11:55:13,-35.3627675,149.1694512,29.997,0.019610578194260597,13,0,AUTO,True
2026-08-31 11:55:14,-35.3627675,149.1694512,29.997,0.02252385951578617,13,0,AUTO,True
2026-08-31 11:55:14,-35.3627675,149.1694512,29.997,0.024504391476511955,13,0,AUTO,True
2026-08-31 11:55:14,-35.3627675,149.1694512,29.996,0.024716144427657127,13,0,AUTO,True
2026-08-31 11:55:15,-35.3627675,149.1694512,29.996,0.023647567257285118,13,0,AUTO,True
2026-08-31 11:55:15,-35.3627675,149.1694512,29.996,0.02272464707493782,13,0,AUTO,True
2026-08-31 11:55:16,-35.3627675,149.1694512,29.996,0.022776780650019646,13,0,AUTO,True
2026-08-31 11:55:16,-35.3627675,149.1694512,29.996,0.02371344342827797,13,0,AUTO,True
2026-08-31 11:55:16,-35.3627675,149.1694512,29.997,0.02245844341814518,13,0,AUTO,True
2026-08-31 11:55:17,-35.3627675,149.1694512,29.998,0.02133178524672985,13,0,AUTO,True
2026-08-31 11:55:17,-35.3627675,149.1694512,29.998,0.020304223522543907,13,0,AUTO,True
2026-08-31 11:55:17,-35.3627675,149.1694512,29.998,0.020164739340543747,13,0,AUTO,True
2026-08-31 11:55:18,-35.3627675,149.1694512,29.999,0.01979370415210724,13,0,AUTO,True
2026-08-31 11:55:18,-35.3627675,149.1694512,29.999,0.019457198679447174,13,0,AUTO,True
2026-08-31 11:55:19,-35.3627675,149.1694512,29.998,0.019750777631998062,13,0,AUTO,True
2026-08-31 11:55:19,-35.3627675,149.1694512,29.997,0.02009626291692257,13,0,AUTO,True
2026-08-31 11:55:19,-35.3627675,149.1694512,29.997,0.02062004804611206,13,0,AUTO,True
2026-08-31 11:55:20,-35.3627675,149.1694512,29.997,0.020081177353858948,13,0,AUTO,True
2026-08-31 11:55:20,-35.3627675,149.1694512,29.997,0.019286656752228737,13,0,AUTO,True
2026-08-31 11:55:20,-35.3627675,149.1694512,29.996,0.018252644687891006,13,0,AUTO,True
2026-08-31 11:55:21,-35.3627675,149.1694512,29.996,0.01853247359395027,13,0,AUTO,True
2026-08-31 11:55:21,-35.3627675,149.1694512,29.997,0.019416771829128265,13,0,AUTO,True
2026-08-31 11:55:22,-35.3627675,149.1694512,29.997,0.019256852567195892,13,0,AUTO,True
2026-08-31 11:55:22,-35.3627675,149.1694512,29.998,0.019272495061159134,13,0,AUTO,True
2026-08-31 11:55:22,-35.3627675,149.1694512,29.998,0.019063198938965797,13,0,AUTO,True
2026-08-31 11:55:23,-35.3627675,149.1694512,29.999,0.018925873562693596,13,0,AUTO,True
2026-08-31 11:55:23,-35.3627675,149.1694512,29.999,0.019719639793038368,13,0,AUTO,True
2026-08-31 11:55:24,-35.3627675,149.1694512,29.998,0.02037118934094906,13,0,AUTO,True
2026-08-31 11:55:24,-35.3627675,149.1694512,29.997,0.020744390785694122,13,0,AUTO,True
2026-08-31 11:55:25,-35.3627675,149.1694512,29.997,0.020751964300870895,13,0,AUTO,True
2026-08-31 11:55:25,-35.3627675,149.1694512,29.997,0.019699702039361,13,0,AUTO,True
2026-08-31 11:55:25,-35.3627675,149.1694512,29.996,0.018804773688316345,13,0,AUTO,True
2026-08-31 11:55:25,-35.3627675,149.1694512,29.996,0.018205279484391212,13,0,AUTO,True
2026-08-31 11:55:26,-35.3627675,149.1694512,29.997,0.018864328041672707,13,0,AUTO,True
2026-08-31 11:55:26,-35.3627675,149.1694512,29.997,0.021171612665057182,13,0,AUTO,True
2026-08-31 11:55:27,-35.3627675,149.1694512,29.998,0.021454669535160065,13,0,AUTO,True
2026-08-31 11:55:27,-35.3627675,149.1694512,29.998,0.019817383959889412,13,0,AUTO,True
2026-08-31 11:55:27,-35.3627675,149.1694512,29.999,0.01958662085235119,13,0,AUTO,True
