timestamp,lat,lon,alt,groundspeed,heading,battery,mode,armed
2026-08-31 13:45:30,-35.3632622,149.1652375,0.003,0.02047029137611389,354,100,GUIDED,True
2026-08-31 13:45:30,-35.3632622,149.1652375,0.003,0.015756702050566673,354,100,GUIDED,True
2026-08-31 13:45:31,-35.3632622,149.1652375,0.003,0.01021395530551672,354,100,GUIDED,True
2026-08-31 13:45:31,-35.3632622,149.1652375,0.003,0.005227291490882635,354,100,GUIDED,True
2026-08-31 13:45:32,-35.3632622,149.1652375,0.003,0.0014236444840207696,354,100,GUIDED,True
2026-08-31 13:45:32,-35.3632622,149.1652375,0.003,0.0012174102012068033,354,100,GUIDED,True
2026-08-31 13:45:32,-35.3632622,149.1652375,0.003,0.0027845592703670263,354,100,GUIDED,True
2026-08-31 13:45:33,-35.3632622,149.1652375,0.003,0.0034463924821466208,354,100,GUIDED,True
2026-08-31 13:45:33,-35.3632622,149.1652375,0.003,0.003427824005484581,354,100,GUIDED,True
2026-08-31 13:45:33,-35.3632622,149.1652375,0.003,0.0023469426669180393,354,100,GUIDED,True
2026-08-31 13:45:34,-35.3632622,149.1652375,0.003,0.0014529783511534333,354,100,GUIDED,True
2026-08-31 13:45:34,-35.3632622,149.1652375,0.003,0.014934525825083256,354,100,GUIDED,True
2026-08-31 13:45:34,-35.3632622,149.1652375,0.003,0.01651637628674507,354,100,GUIDED,True
2026-08-31 13:45:35,-35.3632622,149.1652375,0.003,0.01816985197365284,354,100,GUIDED,True
2026-08-31 13:45:35,-35.3632622,149.1652375,0.003,0.019608374685049057,354,100,GUIDED,True
2026-08-31 13:45:36,-35.3632622,149.1652375,0.003,0.020949680358171463,354,100,GUIDED,True
2026-08-31 13:45:36,-35.3632622,149.1652375,0.003,0.022274039685726166,354,100,GUIDED,True
2026-08-31 13:45:36,-35.3632622,149.1652375,0.003,0.023803530260920525,354,100,GUIDED,True
2026-08-31 13:45:37,-35.3632622,149.1652375,0.003,0.024813728407025337,354,100,GUIDED,True
2026-08-31 13:45:37,-35.3632622,149.1652375,0.003,0.025662748143076897,354,100,GUIDED,True
2026-08-31 13:45:37,-35.3632622,149.1652375,0.003,0.026710672304034233,354,100,GUIDED,True
2026-08-31 13:45:38,-35.3632622,149.1652375,0.003,0.02789786085486412,354,100,GUIDED,True
2026-08-31 13:45:38,-35.3632622,149.1652375,0.003,0.02871794067323208,354,100,GUIDED,True
2026-08-31 13:45:39,-35.3632622,149.1652375,0.003,0.029171345755457878,354,99,GUIDED,True
2026-08-31 13:45:39,-35.3632622,149.1652375,0.003,0.029725855216383934,354,99,GUIDED,True
2026-08-31 13:45:39,-35.3632622,149.1652375,0.013,0.030338862910866737,354,99,GUIDED,True
2026-08-31 13:45:40,-35.3632622,149.1652375,0.057,0.031131969764828682,354,99,GUIDED,True
2026-08-31 13:45:40,-35.3632622,149.1652375,0.135,0.03180672600865364,354,99,GUIDED,True
2026-08-31 13:45:40,-35.3632622,149.1652375,0.395,0.03264530375599861,354,99,GUIDED,True
2026-08-31 13:45:41,-35.3632622,149.1652375,0.697,0.021883808076381683,354,99,GUIDED,True
2026-08-31 13:45:41,-35.3632621,149.1652374,1.374,0.0015061856247484684,354,99,GUIDED,True
2026-08-31 13:45:41,-35.3632621,149.1652373,1.803,0.0077643790282309055,354,99,GUIDED,True
2026-08-31 13:45:42,-35.363262,149.1652373,2.859,0.005351640749722719,354,99,GUIDED,True
2026-08-31 13:45:42,-35.3632621,149.1652373,3.472,0.031847499310970306,354,99,GUIDED,True
2026-08-31 13:45:43,-35.3632621,149.1652373,4.743,0.04085158929228783,352,99,GUIDED,True
2026-08-31 13:45:43,-35.3632621,149.1652373,5.378,0.04839926213026047,352,99,GUIDED,True
2026-08-31 13:45:43,-35.3632621,149.1652373,6.63,0.04764244705438614,352,98,GUIDED,True
2026-08-31 13:45:44,-35.3632621,149.1652373,7.25,0.04190082475543022,352,98,GUIDED,True
2026-08-31 13:45:44,-35.3632621,149.1652373,8.489,0.03857707977294922,352,98,GUIDED,True
2026-08-31 13:45:45,-35.3632621,149.1652374,9.11,0.036888740956783295,352,98,GUIDED,True
2026-08-31 13:45:45,-35.3632621,149.1652375,10.982,0.03679957240819931,352,98,GUIDED,True
2026-08-31 13:45:46,-35.3632621,149.1652375,11.606,0.032987263053655624,352,98,GUIDED,True
2026-08-31 13:45:46,-35.3632621,149.1652375,12.23,0.02920745313167572,352,98,GUIDED,True
2026-08-31 13:45:46,-35.3632622,149.1652375,12.855,0.024897996336221695,352,98,GUIDED,True
2026-08-31 13:45:47,-35.3632622,149.1652376,13.479,0.020801765844225883,352,98,GUIDED,True
2026-08-31 13:45:47,-35.3632622,149.1652376,14.726,0.020801765844225883,352,98,GUIDED,True
2026-08-31 13:45:47,-35.3632622,149.1652376,15.35,0.01237503346055746,352,97,GUIDED,True
2026-08-31 13:45:47,-35.3632622,149.1652376,16.591,0.010352342389523983,352,97,GUIDED,True
2026-08-31 13:45:48,-35.3632622,149.1652376,17.201,0.01070021465420723,352,97,GUIDED,True
2026-08-31 13:45:48,-35.3632622,149.1652376,18.283,0.011655299924314022,352,97,GUIDED,True
2026-08-31 13:45:49,-35.3632622,149.1652376,18.727,0.01171260979026556,352,97,GUIDED,True
2026-08-31 13:45:49,-35.3632622,149.1652376,19.41,0.011680263094604015,352,97,GUIDED,True
2026-08-31 13:45:49,-35.3632622,149.1652376,19.651,0.01208961196243763,352,97,GUIDED,True
2026-08-31 13:45:50,-35.3632622,149.1652376,19.941,0.012961642816662788,352,97,GUIDED,True
2026-08-31 13:45:50,-35.3632622,149.1652376,19.994,0.014202216640114784,352,97,GUIDED,True
2026-08-31 13:45:50,-35.3632622,149.1652376,19.98,0.01466345228254795,352,97,GUIDED,True
2026-08-31 13:45:51,-35.3632622,149.1652376,19.962,0.016058601438999176,352,97,GUIDED,True
2026-08-31 13:45:51,-35.3632622,149.1652376,19.948,0.016879726201295853,352,97,GUIDED,True
2026-08-31 13:45:52,-35.3632622,149.1652376,19.951,0.01655823551118374,352,96,GUIDED,True
2026-08-31 13:45:52,-35.3632622,149.1652375,19.965,0.016690224409103394,352,96,GUIDED,True
2026-08-31 13:45:53,-35.3632622,149.1652375,19.974,0.01850525289773941,352,96,GUIDED,True
2026-08-31 13:45:53,-35.3632621,149.1652374,19.984,0.02105807326734066,352,96,GUIDED,True
2026-08-31 13:45:53,-35.3632621,149.1652374,19.985,0.0267251618206501,352,96,GUIDED,True
2026-08-31 13:45:54,-35.3632621,149.1652374,19.987,0.029006771743297577,352,96,GUIDED,True
2026-08-31 13:45:54,-35.3632621,149.1652374,19.99,0.034857477992773056,352,96,AUTO,True
2026-08-31 13:45:55,-35.3632614,149.165238,20.004,0.03611089289188385,352,96,AUTO,True
2026-08-31 13:45:55,-35.3632606,149.1652387,20.015,0.34974560141563416,352,96,AUTO,True
2026-08-31 13:45:55,-35.3632577,149.1652414,20.054,0.5629428029060364,351,95,AUTO,True
2026-08-31 13:45:56,-35.3632555,149.1652435,20.084,1.1096805334091187,9,95,AUTO,True
2026-08-31 13:45:56,-35.3632491,149.1652496,20.171,1.4434832334518433,27,95,AUTO,True
2026-08-31 13:45:57,-35.3632447,149.1652538,20.23,2.2456653118133545,41,95,AUTO,True
2026-08-31 13:45:57,-35.3632333,149.1652646,20.385,2.7216567993164062,38,95,AUTO,True
2026-08-31 13:45:57,-35.3632261,149.1652713,20.482,3.7925429344177246,37,95,AUTO,True
2026-08-31 13:45:58,-35.3632087,149.1652874,20.713,4.328287601470947,37,95,AUTO,True
2026-08-31 13:45:58,-35.3631987,149.1652968,20.846,5.3870978355407715,37,95,AUTO,True
2026-08-31 13:45:58,-35.3631756,149.1653183,21.148,5.922202110290527,37,95,AUTO,True
2026-08-31 13:45:59,-35.3631626,149.1653303,21.317,7.002533435821533,37,95,AUTO,True
2026-08-31 13:45:59,-35.3631343,149.1653566,21.685,7.484861373901367,37,95,AUTO,True
2026-08-31 13:46:00,-35.3631191,149.1653707,21.88,8.26309585571289,37,94,AUTO,True
2026-08-31 13:46:00,-35.363071,149.1654154,22.5,9.081838607788086,37,94,AUTO,True
2026-08-31 13:46:01,-35.3630372,149.1654467,22.93,9.273725509643555,37,94,AUTO,True
2026-08-31 13:46:01,-35.3630201,149.1654626,23.146,9.516552925109863,37,94,AUTO,True
2026-08-31 13:46:02,-35.3629682,149.1655108,23.791,9.559761047363281,37,94,AUTO,True
2026-08-31 13:46:02,-35.3629507,149.1655269,24.005,9.662212371826172,37,94,AUTO,True
2026-08-31 13:46:02,-35.3629157,149.1655594,24.434,9.702218055725098,37,94,AUTO,True
2026-08-31 13:46:03,-35.3628981,149.1655757,24.65,9.761909484863281,37,93,AUTO,True
2026-08-31 13:46:03,-35.3628629,149.1656085,25.083,9.784503936767578,37,93,AUTO,True
2026-08-31 13:46:04,-35.3628452,149.1656249,25.3,9.81280517578125,37,93,AUTO,True
2026-08-31 13:46:04,-35.3628098,149.1656579,25.737,9.823671340942383,37,93,AUTO,True
2026-08-31 13:46:04,-35.3627921,149.1656743,25.957,9.843104362487793,37,93,AUTO,True
2026-08-31 13:46:05,-35.3627566,149.1657073,26.398,9.847837448120117,37,93,AUTO,True
2026-08-31 13:46:05,-35.3627389,149.1657237,26.62,9.854110717773438,37,93,AUTO,True
2026-08-31 13:46:05,-35.3627036,149.1657566,27.064,9.860054016113281,37,93,AUTO,True
2026-08-31 13:46:06,-35.3626859,149.165773,27.287,9.868639945983887,37,93,AUTO,True
2026-08-31 13:46:06,-35.3626508,149.1658056,27.733,9.874809265136719,37,93,AUTO,True
2026-08-31 13:46:07,-35.3626336,149.1658217,27.953,9.728253364562988,37,92,AUTO,True
2026-08-31 13:46:07,-35.3626002,149.1658526,28.375,9.551775932312012,37,92,AUTO,True
2026-08-31 13:46:07,-35.3625843,149.1658674,28.574,9.02598762512207,37,92,AUTO,True
2026-08-31 13:46:08,-35.3625547,149.165895,28.935,8.675804138183594,37,92,AUTO,True
2026-08-31 13:46:08,-35.3625411,149.1659076,29.095,7.79574728012085,37,92,AUTO,True
2026-08-31 13:46:08,-35.3625171,149.16593,29.369,7.258939743041992,37,92,AUTO,True
2026-08-31 13:46:09,-35.3625067,149.1659396,29.484,6.032691478729248,37,92,AUTO,True
2026-08-31 13:46:09,-35.3624896,149.1659548,29.674,5.380428314208984,37,92,AUTO,True
2026-08-31 13:46:10,-35.362483,149.1659601,29.751,3.8968424797058105,34,92,AUTO,True
2026-08-31 13:46:10,-35.3624737,149.1659649,29.87,3.0684287548065186,30,92,AUTO,True
2026-08-31 13:46:10,-35.362471,149.1659642,29.912,1.4558894634246826,10,92,AUTO,True
2026-08-31 13:46:11,-35.3624693,149.1659563,29.967,1.130022406578064,354,91,AUTO,True
2026-08-31 13:46:11,-35.3624699,149.165949,29.982,2.2842085361480713,325,91,AUTO,True
2026-08-31 13:46:11,-35.3624737,149.1659286,29.996,3.0998880863189697,311,91,AUTO,True
2026-08-31 13:46:12,-35.3624766,149.1659159,29.999,4.527392387390137,282,91,AUTO,True
2026-08-31 13:46:12,-35.3624833,149.1658867,29.999,5.069602012634277,266,91,AUTO,True
2026-08-31 13:46:13,-35.3624869,149.1658702,29.997,5.9813313484191895,250,91,AUTO,True
2026-08-31 13:46:13,-35.3624989,149.1658135,29.993,6.413980007171631,253,91,AUTO,True
2026-08-31 13:46:13,-35.3625033,149.1657924,29.993,7.699102401733398,255,91,AUTO,True
2026-08-31 13:46:14,-35.3625079,149.1657704,29.995,8.048308372497559,255,91,AUTO,True
2026-08-31 13:46:14,-35.3625127,149.1657477,29.996,8.357575416564941,255,91,AUTO,True
2026-08-31 13:46:15,-35.3625278,149.1656757,30.001,8.633210182189941,255,90,AUTO,True
2026-08-31 13:46:15,-35.3625329,149.1656509,30.002,9.210819244384766,255,90,AUTO,True
2026-08-31 13:46:15,-35.3625434,149.1656007,30.006,9.318897247314453,255,90,AUTO,True
2026-08-31 13:46:16,-35.3625591,149.1655247,30.008,9.410943031311035,255,90,AUTO,True
2026-08-31 13:46:16,-35.3625643,149.1654993,30.008,9.527325630187988,255,90,AUTO,True
2026-08-31 13:46:17,-35.3625696,149.1654737,30.009,9.527325630187988,255,90,AUTO,True
2026-08-31 13:46:17,-35.3625748,149.165448,30.009,9.617414474487305,255,90,AUTO,True
2026-08-31 13:46:17,-35.3625854,149.1653962,30.009,9.65552806854248,255,90,AUTO,True
2026-08-31 13:46:18,-35.3625907,149.1653702,30.01,9.724132537841797,255,90,AUTO,True
2026-08-31 13:46:18,-35.3626014,149.1653179,30.01,9.749687194824219,255,90,AUTO,True
2026-08-31 13:46:18,-35.3626067,149.1652917,30.01,9.792719841003418,255,89,AUTO,True
2026-08-31 13:46:19,-35.3626174,149.1652392,30.01,9.807634353637695,255,89,AUTO,True
2026-08-31 13:46:19,-35.3626227,149.1652129,30.01,9.829729080200195,255,89,AUTO,True
2026-08-31 13:46:20,-35.3626334,149.1651602,30.01,9.841606140136719,255,89,AUTO,True
2026-08-31 13:46:20,-35.3626388,149.1651338,30.01,9.862287521362305,255,89,AUTO,True
2026-08-31 13:46:20,-35.3626495,149.1650809,30.01,9.869437217712402,255,89,AUTO,True
2026-08-31 13:46:21,-35.3626549,149.1650546,30.01,9.8843412399292,255,89,AUTO,True
2026-08-31 13:46:21,-35.3626656,149.1650018,30.01,9.888226509094238,255,89,AUTO,True
2026-08-31 13:46:21,-35.3626709,149.1649753,30.011,9.911738395690918,255,89,AUTO,True
2026-08-31 13:46:22,-35.3626817,149.1649222,30.01,9.928913116455078,255,89,AUTO,True
2026-08-31 13:46:22,-35.3626871,149.1648956,30.01,9.952003479003906,255,88,AUTO,True
2026-08-31 13:46:23,-35.3626979,149.1648423,30.01,9.959921836853027,255,88,AUTO,True
2026-08-31 13:46:23,-35.3627033,149.1648156,30.01,9.965068817138672,255,88,AUTO,True
2026-08-31 13:46:23,-35.362714,149.1647623,30.009,9.963530540466309,255,88,AUTO,True
2026-08-31 13:46:24,-35.3627194,149.1647356,30.009,9.965441703796387,255,88,AUTO,True
2026-08-31 13:46:24,-35.3627303,149.1646822,30.009,9.966922760009766,255,88,AUTO,True
2026-08-31 13:46:24,-35.3627357,149.1646554,30.009,9.963769912719727,255,88,AUTO,True
2026-08-31 13:46:25,-35.3627465,149.164602,30.009,9.963297843933105,255,88,AUTO,True
2026-08-31 13:46:25,-35.3627519,149.1645753,30.009,9.956280708312988,255,88,AUTO,True
2026-08-31 13:46:26,-35.3627627,149.164522,30.009,9.953522682189941,255,88,AUTO,True
2026-08-31 13:46:26,-35.362768,149.1644953,30.009,9.955255508422852,255,87,AUTO,True
2026-08-31 13:46:26,-35.3627787,149.1644425,30.012,9.945783615112305,255,87,AUTO,True
2026-08-31 13:46:27,-35.3627839,149.1644167,30.015,9.751272201538086,255,87,AUTO,True
2026-08-31 13:46:27,-35.3627939,149.1643671,30.018,9.555580139160156,255,87,AUTO,True
2026-08-31 13:46:28,-35.3627987,149.1643435,30.018,9.009387969970703,255,87,AUTO,True
2026-08-31 13:46:28,-35.3628075,149.1642995,30.014,8.653118133544922,255,87,AUTO,True
2026-08-31 13:46:28,-35.3628115,149.1642794,30.01,7.749655723571777,255,87,AUTO,True
2026-08-31 13:46:29,-35.3628187,149.164244,29.999,7.194666862487793,255,87,AUTO,True
2026-08-31 13:46:29,-35.362822,149.1642289,29.994,5.932253360748291,255,87,AUTO,True
2026-08-31 13:46:29,-35.3628287,149.1642047,29.99,5.27459716796875,253,87,AUTO,True
2026-08-31 13:46:30,-35.3628323,149.1641958,29.992,3.9384655952453613,246,86,AUTO,True
2026-08-31 13:46:30,-35.3628409,149.1641846,29.997,3.3068346977233887,239,86,AUTO,True
2026-08-31 13:46:31,-35.3628462,149.1641823,29.999,2.5225064754486084,214,86,AUTO,True
2026-08-31 13:46:31,-35.3628595,149.1641835,30.002,2.6086697578430176,199,86,AUTO,True
2026-08-31 13:46:31,-35.3628677,149.1641867,30.001,3.570704698562622,171,86,AUTO,True
2026-08-31 13:46:32,-35.3628874,149.164197,29.998,4.200502872467041,162,86,AUTO,True
2026-08-31 13:46:32,-35.362899,149.1642038,29.996,5.414759635925293,157,86,AUTO,True
2026-08-31 13:46:32,-35.3629254,149.1642193,29.991,5.98976469039917,156,86,AUTO,True
2026-08-31 13:46:33,-35.3629403,149.1642278,29.989,7.079699993133545,155,86,AUTO,True
2026-08-31 13:46:33,-35.3629731,149.1642462,29.986,7.580086708068848,155,86,AUTO,True
2026-08-31 13:46:34,-35.3629906,149.1642559,29.985,8.400094985961914,155,86,AUTO,True
2026-08-31 13:46:34,-35.3630277,149.1642763,29.985,8.725747108459473,155,85,AUTO,True
2026-08-31 13:46:34,-35.3630469,149.1642869,29.985,9.233827590942383,155,85,AUTO,True
2026-08-31 13:46:35,-35.3630863,149.1643084,29.987,9.414947509765625,155,85,AUTO,True
2026-08-31 13:46:35,-35.3631064,149.1643193,29.989,9.629725456237793,155,85,AUTO,True
2026-08-31 13:46:36,-35.3631664,149.1643517,29.993,9.665884017944336,155,85,AUTO,True
2026-08-31 13:46:36,-35.3631866,149.1643626,29.993,9.70964241027832,155,85,AUTO,True
2026-08-31 13:46:36,-35.363227,149.1643843,29.994,9.70964241027832,155,85,AUTO,True
2026-08-31 13:46:37,-35.3632473,149.1643951,29.995,9.797061920166016,156,85,AUTO,True
2026-08-31 13:46:37,-35.3632878,149.1644168,29.998,9.814583778381348,156,85,AUTO,True
2026-08-31 13:46:37,-35.3633081,149.1644276,29.999,9.842212677001953,156,84,AUTO,True
2026-08-31 13:46:38,-35.3633488,149.1644493,30.001,9.877333641052246,156,84,AUTO,True
2026-08-31 13:46:38,-35.3633896,149.1644711,30.003,9.89333724975586,156,84,AUTO,True
2026-08-31 13:46:39,-35.3634099,149.1644819,30.005,9.879827499389648,156,84,AUTO,True
2026-08-31 13:46:39,-35.3634497,149.164503,30.011,9.78178596496582,156,84,AUTO,True
2026-08-31 13:46:39,-35.3634688,149.1645132,30.012,9.391024589538574,156,84,AUTO,True
2026-08-31 13:46:40,-35.3635053,149.1645329,30.012,9.1220703125,156,84,AUTO,True
2026-08-31 13:46:40,-35.3635226,149.1645427,30.01,8.573945045471191,155,84,AUTO,True
2026-08-31 13:46:41,-35.363555,149.1645623,30.006,8.292341232299805,155,84,AUTO,True
2026-08-31 13:46:41,-35.3635699,149.1645724,30.003,7.690466403961182,152,84,AUTO,True
2026-08-31 13:46:41,-35.3635973,149.1645936,30.0,7.405564785003662,150,84,AUTO,True
2026-08-31 13:46:42,-35.3636099,149.1646049,29.999,7.026432991027832,146,83,AUTO,True
2026-08-31 13:46:42,-35.3636333,149.1646299,29.999,6.941114902496338,143,83,AUTO,True
2026-08-31 13:46:42,-35.3636441,149.1646435,29.999,6.922969818115234,137,83,AUTO,True
2026-08-31 13:46:43,-35.3636645,149.1646734,29.999,6.961029052734375,133,83,AUTO,True
2026-08-31 13:46:43,-35.3636743,149.1646898,29.998,7.264726638793945,128,83,AUTO,True
2026-08-31 13:46:44,-35.3636938,149.1647257,29.995,7.53099250793457,126,83,AUTO,True
2026-08-31 13:46:44,-35.3637037,149.164745,29.994,8.156757354736328,123,83,AUTO,True
2026-08-31 13:46:44,-35.3637239,149.1647863,29.993,8.453683853149414,122,83,AUTO,True
2026-08-31 13:46:45,-35.3637343,149.164808,29.993,9.012273788452148,120,83,AUTO,True
2026-08-31 13:46:45,-35.363756,149.1648528,29.994,9.247140884399414,120,83,AUTO,True
2026-08-31 13:46:46,-35.3637672,149.1648759,29.994,9.600123405456543,120,82,AUTO,True
2026-08-31 13:46:46,-35.3637898,149.1649226,29.997,9.727066993713379,120,82,AUTO,True
2026-08-31 13:46:46,-35.3638012,149.1649461,29.997,9.854372024536133,120,82,AUTO,True
2026-08-31 13:46:47,-35.3638243,149.1649933,29.998,9.891693115234375,120,82,AUTO,True
2026-08-31 13:46:47,-35.363836,149.165017,29.998,9.985257148742676,120,82,AUTO,True
2026-08-31 13:46:47,-35.3638594,149.1650645,30.0,10.017122268676758,120,82,AUTO,True
2026-08-31 13:46:48,-35.3638711,149.1650881,30.001,10.050688743591309,120,82,AUTO,True
2026-08-31 13:46:48,-35.3638946,149.1651355,30.002,10.060262680053711,120,82,AUTO,True
2026-08-31 13:46:49,-35.3639064,149.1651592,30.002,10.073992729187012,120,82,AUTO,True
2026-08-31 13:46:49,-35.36393,149.1652067,30.002,10.076042175292969,121,82,AUTO,True
2026-08-31 13:46:49,-35.3639418,149.1652305,30.002,10.067831039428711,121,81,AUTO,True
2026-08-31 13:46:50,-35.3639655,149.165278,30.003,10.056815147399902,121,81,AUTO,True
2026-08-31 13:46:50,-35.3639773,149.1653016,30.003,10.030010223388672,121,81,AUTO,True
2026-08-31 13:46:50,-35.3640007,149.1653487,30.006,10.01408576965332,121,81,AUTO,True
2026-08-31 13:46:51,-35.3640122,149.1653717,30.008,9.858022689819336,121,81,AUTO,True
2026-08-31 13:46:51,-35.3640344,149.1654163,30.013,9.680344581604004,121,81,AUTO,True
2026-08-31 13:46:52,-35.364045,149.1654375,30.013,9.153029441833496,121,81,AUTO,True
2026-08-31 13:46:52,-35.3640648,149.1654772,30.011,8.81091594696045,121,81,AUTO,True
2026-08-31 13:46:52,-35.3640739,149.1654954,30.007,7.949212074279785,121,81,AUTO,True
2026-08-31 13:46:53,-35.3640899,149.1655278,29.997,7.425501346588135,121,81,AUTO,True
2026-08-31 13:46:53,-35.3640965,149.1655421,29.992,6.2291741371154785,120,80,AUTO,True
2026-08-31 13:46:53,-35.3641065,149.1655672,29.988,5.626719951629639,118,80,AUTO,True
2026-08-31 13:46:54,-35.3641095,149.1655783,29.988,4.483739376068115,111,80,AUTO,True
2026-08-31 13:46:54,-35.3641112,149.1655978,29.992,3.9729156494140625,105,80,AUTO,True
2026-08-31 13:46:55,-35.3641097,149.1656067,29.995,3.3142600059509277,86,80,AUTO,True
2026-08-31 13:46:55,-35.3641017,149.1656238,29.998,3.32779598236084,75,80,AUTO,True
2026-08-31 13:46:55,-35.3640954,149.1656325,29.999,4.023160457611084,55,80,AUTO,True
2026-08-31 13:46:56,-35.3640786,149.1656512,29.998,4.53269624710083,49,80,AUTO,True
2026-08-31 13:46:56,-35.3640683,149.1656615,29.997,5.629169940948486,42,80,AUTO,True
2026-08-31 13:46:57,-35.3640445,149.1656845,29.993,6.19409704208374,40,80,AUTO,True
2026-08-31 13:46:57,-35.3640312,149.1656975,29.992,7.32586145401001,39,80,AUTO,True
2026-08-31 13:46:57,-35.363987,149.1657415,29.991,7.8306169509887695,39,79,AUTO,True
2026-08-31 13:46:58,-35.3639712,149.1657573,29.991,8.921674728393555,39,79,AUTO,True
2026-08-31 13:46:58,-35.3639386,149.16579,29.992,9.167046546936035,39,79,AUTO,True
2026-08-31 13:46:59,-35.363922,149.1658069,29.992,9.531832695007324,39,79,AUTO,True
2026-08-31 13:46:59,-35.3638882,149.1658412,29.994,9.658880233764648,39,79,AUTO,True
2026-08-31 13:46:59,-35.3638712,149.1658585,29.995,9.7703275680542,39,79,AUTO,True
2026-08-31 13:47:00,-35.3638372,149.1658933,29.994,9.789175033569336,39,79,AUTO,True
2026-08-31 13:47:00,-35.3638201,149.1659109,29.994,9.84522819519043,39,79,AUTO,True
2026-08-31 13:47:00,-35.363786,149.1659461,29.996,9.87060832977295,39,79,AUTO,True
2026-08-31 13:47:01,-35.363769,149.1659637,29.996,9.894781112670898,39,78,AUTO,True
2026-08-31 13:47:01,-35.3637348,149.1659991,29.997,9.899970054626465,39,78,AUTO,True
2026-08-31 13:47:02,-35.3637178,149.1660168,29.998,9.908676147460938,39,78,AUTO,True
2026-08-31 13:47:02,-35.3636836,149.1660522,30.0,9.90909481048584,39,78,AUTO,True
2026-08-31 13:47:02,-35.3636666,149.1660698,30.001,9.909711837768555,39,78,AUTO,True
2026-08-31 13:47:03,-35.3636326,149.166105,30.002,9.906978607177734,39,78,AUTO,True
2026-08-31 13:47:03,-35.3636157,149.1661226,30.002,9.909722328186035,39,78,AUTO,True
2026-08-31 13:47:03,-35.3635816,149.166158,30.002,9.921528816223145,39,78,AUTO,True
2026-08-31 13:47:04,-35.3635646,149.1661757,30.002,9.946602821350098,39,78,AUTO,True
2026-08-31 13:47:04,-35.3635304,149.1662112,30.002,9.953306198120117,39,78,AUTO,True
2026-08-31 13:47:05,-35.3635133,149.166229,30.002,9.966869354248047,39,77,AUTO,True
2026-08-31 13:47:05,-35.3634792,149.1662645,30.003,9.966255187988281,39,77,AUTO,True
2026-08-31 13:47:05,-35.3634621,149.1662823,30.003,9.965988159179688,39,77,AUTO,True
2026-08-31 13:47:06,-35.3634279,149.1663179,30.003,9.96928596496582,39,77,AUTO,True
2026-08-31 13:47:06,-35.3634108,149.1663357,30.003,9.967484474182129,39,77,AUTO,True
2026-08-31 13:47:07,-35.3633607,149.1663879,30.012,9.645472526550293,39,77,AUTO,True
2026-08-31 13:47:07,-35.3633294,149.1664206,30.014,9.408914566040039,39,77,AUTO,True
2026-08-31 13:47:08,-35.3633146,149.1664359,30.013,8.772485733032227,39,77,AUTO,True
2026-08-31 13:47:08,-35.3632753,149.1664769,30.002,7.3755974769592285,40,77,AUTO,True
2026-08-31 13:47:09,-35.3632453,149.1665081,29.988,6.782931804656982,40,76,AUTO,True
2026-08-31 13:47:09,-35.3632375,149.1665159,29.986,4.816098213195801,39,76,AUTO,True
2026-08-31 13:47:09,-35.363231,149.166522,29.986,4.038632392883301,38,76,AUTO,True
2026-08-31 13:47:10,-35.3632259,149.1665263,29.988,3.1882917881011963,35,76,AUTO,True
2026-08-31 13:47:10,-35.3632188,149.1665269,29.998,2.280435800552368,31,76,AUTO,True
2026-08-31 13:47:11,-35.3632205,149.1665164,30.0,1.1624358892440796,349,76,AUTO,True
2026-08-31 13:47:11,-35.3632228,149.1665082,30.0,2.8173587322235107,320,76,AUTO,True
2026-08-31 13:47:12,-35.3632299,149.1664866,29.998,3.5927040576934814,307,76,AUTO,True
2026-08-31 13:47:12,-35.3632344,149.1664739,29.997,4.806917667388916,277,76,AUTO,True
2026-08-31 13:47:12,-35.3632445,149.1664453,29.996,5.254910469055176,261,76,AUTO,True
2026-08-31 13:47:13,-35.3632499,149.1664294,29.995,6.020827293395996,241,75,AUTO,True
2026-08-31 13:47:13,-35.3632615,149.1663943,29.993,6.427715301513672,244,75,AUTO,True
2026-08-31 13:47:14,-35.3632678,149.1663751,29.993,7.279002666473389,247,75,AUTO,True
2026-08-31 13:47:14,-35.3632813,149.1663343,29.994,7.661213397979736,247,75,AUTO,True
2026-08-31 13:47:14,-35.3632884,149.1663128,29.995,8.307971954345703,247,75,AUTO,True
2026-08-31 13:47:15,-35.3633032,149.1662678,29.997,8.579704284667969,247,75,AUTO,True
2026-08-31 13:47:15,-35.3633109,149.1662446,29.998,9.018402099609375,247,75,AUTO,True
2026-08-31 13:47:15,-35.3633265,149.1661973,30.0,9.170609474182129,247,75,AUTO,True
2026-08-31 13:47:16,-35.3633343,149.1661733,30.001,9.332852363586426,247,75,AUTO,True
2026-08-31 13:47:16,-35.3633501,149.1661253,29.999,9.359773635864258,247,75,AUTO,True
2026-08-31 13:47:17,-35.363358,149.1661011,29.998,9.43593692779541,247,74,AUTO,True
2026-08-31 13:47:17,-35.363374,149.1660522,29.998,9.485793113708496,247,74,AUTO,True
2026-08-31 13:47:17,-35.363382,149.1660276,29.998,9.569367408752441,247,74,AUTO,True
2026-08-31 13:47:18,-35.3633981,149.1659783,30.0,9.601759910583496,247,74,AUTO,True
2026-08-31 13:47:18,-35.3634061,149.1659536,30.001,9.658316612243652,247,74,AUTO,True
2026-08-31 13:47:18,-35.3634223,149.1659039,30.002,9.685320854187012,247,74,AUTO,True
2026-08-31 13:47:19,-35.3634304,149.165879,30.002,9.732882499694824,247,74,AUTO,True
2026-08-31 13:47:19,-35.3634466,149.1658291,30.002,9.753279685974121,247,74,AUTO,True
2026-08-31 13:47:20,-35.3634547,149.1658041,30.002,9.800765037536621,247,74,AUTO,True
2026-08-31 13:47:20,-35.3634711,149.1657538,30.002,9.825438499450684,247,74,AUTO,True
2026-08-31 13:47:20,-35.3634793,149.1657284,30.002,9.8694429397583,247,73,AUTO,True
2026-08-31 13:47:21,-35.3634958,149.1656778,30.003,9.881077766418457,247,73,AUTO,True
2026-08-31 13:47:21,-35.363504,149.1656525,30.003,9.8982572555542,247,73,AUTO,True
2026-08-31 13:47:21,-35.3635205,149.1656017,30.004,9.90424633026123,247,73,AUTO,True
2026-08-31 13:47:22,-35.3635287,149.1655763,30.004,9.912589073181152,247,73,AUTO,True
2026-08-31 13:47:22,-35.3635452,149.1655255,30.005,9.918159484863281,247,73,AUTO,True
2026-08-31 13:47:23,-35.3635534,149.1655,30.005,9.927103042602539,247,73,AUTO,True
2026-08-31 13:47:23,-35.36357,149.165449,30.005,9.929123878479004,247,73,AUTO,True
2026-08-31 13:47:23,-35.3635782,149.1654236,30.005,9.934988021850586,247,73,AUTO,True
2026-08-31 13:47:24,-35.3635947,149.1653729,30.005,9.932430267333984,247,73,AUTO,True
2026-08-31 13:47:24,-35.3636029,149.1653475,30.005,9.94458293914795,247,72,AUTO,True
2026-08-31 13:47:24,-35.3636194,149.1652965,30.005,9.957855224609375,247,72,AUTO,True
2026-08-31 13:47:25,-35.3636277,149.165271,30.005,9.974029541015625,247,72,AUTO,True
2026-08-31 13:47:25,-35.3636443,149.1652197,30.005,9.9811429977417,247,72,AUTO,True
2026-08-31 13:47:26,-35.3636526,149.1651942,30.005,9.984651565551758,247,72,AUTO,True
2026-08-31 13:47:26,-35.3636691,149.165143,30.005,9.981720924377441,247,72,AUTO,True
2026-08-31 13:47:26,-35.3636774,149.1651174,30.005,9.981982231140137,247,72,AUTO,True
2026-08-31 13:47:27,-35.363694,149.1650662,30.005,9.982800483703613,247,72,AUTO,True
2026-08-31 13:47:27,-35.3637023,149.1650405,30.005,9.978139877319336,247,72,AUTO,True
2026-08-31 13:47:27,-35.363719,149.1649893,30.005,9.977457046508789,247,72,AUTO,True
2026-08-31 13:47:28,-35.3637272,149.1649637,30.005,9.96684455871582,247,71,AUTO,True
2026-08-31 13:47:28,-35.3637438,149.1649126,30.005,9.961485862731934,247,71,AUTO,True
2026-08-31 13:47:29,-35.3637521,149.164887,30.005,9.960052490234375,247,71,AUTO,True
2026-08-31 13:47:29,-35.3637686,149.1648361,30.005,9.957547187805176,247,71,AUTO,True
2026-08-31 13:47:29,-35.3637769,149.1648106,30.005,9.95788860321045,247,71,AUTO,True
2026-08-31 13:47:30,-35.3637933,149.1647597,30.004,9.96285343170166,247,71,AUTO,True
2026-08-31 13:47:30,-35.3638016,149.1647342,30.004,9.983419418334961,247,71,AUTO,True
2026-08-31 13:47:30,-35.3638182,149.164683,30.003,9.995417594909668,247,71,AUTO,True
2026-08-31 13:47:31,-35.3638265,149.1646574,30.003,10.016157150268555,247,71,AUTO,True
2026-08-31 13:47:31,-35.3638432,149.1646059,30.003,10.01762866973877,247,71,AUTO,True
2026-08-31 13:47:32,-35.3638515,149.1645802,30.003,10.012679100036621,247,70,AUTO,True
2026-08-31 13:47:32,-35.3638681,149.1645289,30.003,10.005054473876953,247,70,AUTO,True
2026-08-31 13:47:32,-35.3638764,149.1645033,30.003,9.989115715026855,247,70,AUTO,True
2026-08-31 13:47:33,-35.363893,149.1644521,30.004,9.983758926391602,247,70,AUTO,True
2026-08-31 13:47:33,-35.3639013,149.1644265,30.005,9.970038414001465,247,70,AUTO,True
2026-08-31 13:47:33,-35.3639177,149.164376,30.009,9.938732147216797,247,70,AUTO,True
2026-08-31 13:47:34,-35.3639256,149.1643515,30.012,9.672059059143066,247,70,AUTO,True
2026-08-31 13:47:34,-35.3639408,149.1643045,30.013,9.443313598632812,247,70,AUTO,True
2026-08-31 13:47:35,-35.363948,149.1642823,30.012,8.823448181152344,248,70,AUTO,True
2026-08-31 13:47:35,-35.3639611,149.1642415,30.006,8.429065704345703,248,70,AUTO,True
2026-08-31 13:47:35,-35.3639671,149.1642231,30.001,7.45034646987915,248,70,AUTO,True
2026-08-31 13:47:36,-35.3639774,149.164191,29.991,6.867710113525391,248,69,AUTO,True
2026-08-31 13:47:36,-35.3639819,149.1641775,29.987,5.6018595695495605,247,69,AUTO,True
2026-08-31 13:47:36,-35.3639894,149.1641566,29.986,4.901913166046143,247,69,AUTO,True
2026-08-31 13:47:37,-35.3639925,149.1641496,29.988,3.294544219970703,243,69,AUTO,True
2026-08-31 13:47:37,-35.3639976,149.1641435,29.994,2.4126100540161133,237,69,AUTO,True
2026-08-31 13:47:38,-35.3639998,149.1641444,29.997,1.0341300964355469,211,69,AUTO,True
2026-08-31 13:47:38,-35.3640038,149.1641542,29.999,1.2912883758544922,195,69,AUTO,True
2026-08-31 13:47:38,-35.3640059,149.1641627,29.999,2.8559253215789795,167,69,AUTO,True
2026-08-31 13:47:39,-35.3640102,149.1641858,29.997,3.6454296112060547,153,69,AUTO,True
2026-08-31 13:47:39,-35.3640125,149.1641996,29.996,4.8989362716674805,122,69,AUTO,True
2026-08-31 13:47:39,-35.3640179,149.1642309,29.995,5.366115093231201,106,69,AUTO,True
2026-08-31 13:47:40,-35.3640212,149.1642481,29.993,6.193169593811035,98,68,AUTO,True
2026-08-31 13:47:40,-35.3640284,149.164286,29.989,6.623178958892822,101,68,AUTO,True
2026-08-31 13:47:41,-35.3640324,149.1643066,29.989,7.480681419372559,102,68,AUTO,True
2026-08-31 13:47:41,-35.3640409,149.1643506,29.989,7.852766513824463,102,68,AUTO,True
2026-08-31 13:47:41,-35.3640453,149.1643738,29.989,8.477485656738281,102,68,AUTO,True
2026-08-31 13:47:42,-35.3640546,149.1644219,29.99,8.731337547302246,102,68,AUTO,True
2026-08-31 13:47:42,-35.3640594,149.1644467,29.991,9.117706298828125,102,68,AUTO,True
2026-08-31 13:47:42,-35.3640691,149.1644968,29.993,9.244024276733398,102,68,AUTO,True
2026-08-31 13:47:43,-35.3640741,149.1645221,29.994,9.362542152404785,102,68,AUTO,True
2026-08-31 13:47:43,-35.3640839,149.1645728,29.994,9.38449764251709,102,68,AUTO,True
2026-08-31 13:47:44,-35.3640889,149.1645983,29.994,9.465521812438965,102,67,AUTO,True
2026-08-31 13:47:44,-35.364099,149.1646497,29.994,9.513200759887695,102,67,AUTO,True
2026-08-31 13:47:44,-35.3641041,149.1646754,29.995,9.589632987976074,102,67,AUTO,True
2026-08-31 13:47:45,-35.3641142,149.164727,29.996,9.620023727416992,102,67,AUTO,True
2026-08-31 13:47:45,-35.3641193,149.1647529,29.997,9.692142486572266,102,67,AUTO,True
2026-08-31 13:47:45,-35.3641296,149.1648051,29.998,9.726763725280762,102,67,AUTO,True
2026-08-31 13:47:46,-35.3641348,149.1648314,29.998,9.780952453613281,102,67,AUTO,True
2026-08-31 13:47:46,-35.3641452,149.164884,30.0,9.805255889892578,102,67,AUTO,True
2026-08-31 13:47:47,-35.3641504,149.1649104,30.001,9.834467887878418,102,67,AUTO,True
2026-08-31 13:47:47,-35.3641608,149.1649631,30.002,9.844705581665039,102,67,AUTO,True
2026-08-31 13:47:47,-35.3641661,149.1649896,30.003,9.868000030517578,102,66,AUTO,True
2026-08-31 13:47:48,-35.3641766,149.1650427,30.003,9.876755714416504,102,66,AUTO,True
2026-08-31 13:47:48,-35.3641818,149.1650692,30.002,9.894049644470215,103,66,AUTO,True
2026-08-31 13:47:48,-35.3641924,149.1651223,30.003,9.901494979858398,103,66,AUTO,True
2026-08-31 13:47:49,-35.3641977,149.1651489,30.003,9.906472206115723,103,66,AUTO,True
2026-08-31 13:47:49,-35.3642082,149.165202,30.004,9.908674240112305,103,66,AUTO,True
2026-08-31 13:47:50,-35.3642135,149.1652286,30.004,9.919881820678711,103,66,AUTO,True
2026-08-31 13:47:50,-35.364224,149.1652816,30.004,9.924415588378906,103,66,AUTO,True
2026-08-31 13:47:50,-35.3642293,149.1653081,30.004,9.932209968566895,103,66,AUTO,True
2026-08-31 13:47:51,-35.3642398,149.1653612,30.004,9.941741943359375,103,66,AUTO,True
2026-08-31 13:47:51,-35.3642451,149.1653878,30.004,9.97502613067627,103,65,AUTO,True
2026-08-31 13:47:51,-35.3642557,149.1654413,30.005,9.990389823913574,103,65,AUTO,True
2026-08-31 13:47:52,-35.364261,149.165468,30.005,10.004731178283691,103,65,AUTO,True
2026-08-31 13:47:52,-35.3642717,149.1655217,30.005,10.005831718444824,103,65,AUTO,True
2026-08-31 13:47:53,-35.3642771,149.1655485,30.005,10.000768661499023,103,65,AUTO,True
2026-08-31 13:47:53,-35.3642877,149.1656021,30.005,9.994260787963867,103,65,AUTO,True
2026-08-31 13:47:53,-35.364293,149.1656289,30.005,9.979365348815918,103,65,AUTO,True
2026-08-31 13:47:54,-35.3643037,149.1656823,30.005,9.975326538085938,103,65,AUTO,True
2026-08-31 13:47:54,-35.364309,149.1657091,30.005,9.967534065246582,103,65,AUTO,True
2026-08-31 13:47:54,-35.3643196,149.1657625,30.005,9.968758583068848,103,65,AUTO,True
2026-08-31 13:47:55,-35.3643249,149.1657892,30.005,9.967652320861816,103,64,AUTO,True
2026-08-31 13:47:55,-35.3643356,149.1658426,30.005,9.967926979064941,103,64,AUTO,True
2026-08-31 13:47:56,-35.3643409,149.1658692,30.005,9.974236488342285,103,64,AUTO,True
2026-08-31 13:47:56,-35.3643514,149.1659224,30.004,9.974724769592285,103,64,AUTO,True
2026-08-31 13:47:56,-35.3643567,149.1659491,30.004,9.983949661254883,103,64,AUTO,True
2026-08-31 13:47:57,-35.3643674,149.1660026,30.004,9.998175621032715,103,64,AUTO,True
2026-08-31 13:47:57,-35.3643727,149.1660292,30.006,9.992454528808594,103,64,AUTO,True
2026-08-31 13:47:57,-35.364383,149.1660813,30.012,9.908170700073242,103,64,AUTO,True
2026-08-31 13:47:58,-35.3643881,149.1661065,30.014,9.528548240661621,103,64,AUTO,True
2026-08-31 13:47:58,-35.3643976,149.1661543,30.014,9.2477388381958,103,64,AUTO,True
2026-08-31 13:47:59,-35.364402,149.1661766,30.012,8.518928527832031,103,64,AUTO,True
2026-08-31 13:47:59,-35.3644101,149.166217,30.003,8.063170433044434,103,63,AUTO,True
2026-08-31 13:47:59,-35.3644136,149.1662349,29.997,6.960329532623291,103,63,AUTO,True
2026-08-31 13:48:00,-35.3644197,149.1662655,29.987,6.332316875457764,103,63,AUTO,True
2026-08-31 13:48:00,-35.3644223,149.1662782,29.985,5.058781623840332,103,63,AUTO,True
2026-08-31 13:48:00,-35.3644263,149.1662984,29.986,4.4103546142578125,103,63,AUTO,True
2026-08-31 13:48:01,-35.3644277,149.1663058,29.988,3.078248977661133,103,63,AUTO,True
2026-08-31 13:48:01,-35.3644297,149.1663157,29.993,2.4215261936187744,103,63,AUTO,True
2026-08-31 13:48:02,-35.3644303,149.1663186,29.994,1.3064600229263306,103,63,AUTO,True
2026-08-31 13:48:02,-35.3644308,149.1663211,29.993,0.8594065308570862,103,63,AUTO,True
2026-08-31 13:48:02,-35.3644308,149.1663212,29.992,0.18477413058280945,103,63,AUTO,True
2026-08-31 13:48:03,-35.3644306,149.1663202,29.989,0.04092252999544144,103,63,AUTO,True
2026-08-31 13:48:03,-35.3644305,149.1663193,29.988,0.26294761896133423,103,62,AUTO,True
2026-08-31 13:48:03,-35.3644302,149.1663179,29.987,0.2659096121788025,103,62,AUTO,True
2026-08-31 13:48:04,-35.3644302,149.1663176,29.986,0.1454104632139206,103,62,AUTO,True
2026-08-31 13:48:04,-35.3644302,149.1663178,29.985,0.01568504050374031,103,62,AUTO,True
2026-08-31 13:48:05,-35.3644302,149.1663183,29.985,0.2250390648841858,103,62,AUTO,True
2026-08-31 13:48:05,-35.3644304,149.1663191,29.983,0.23352502286434174,103,62,AUTO,True
2026-08-31 13:48:05,-35.3644303,149.1663191,29.983,0.10532420128583908,103,62,AUTO,True
2026-08-31 13:48:06,-35.3644303,149.1663186,29.983,0.028451474383473396,103,62,AUTO,True
2026-08-31 13:48:06,-35.3644302,149.1663183,29.981,0.1282329112291336,103,62,AUTO,True
2026-08-31 13:48:06,-35.3644302,149.1663179,29.979,0.09465792030096054,103,62,AUTO,True
2026-08-31 13:48:07,-35.3644302,149.1663177,29.978,0.044194553047418594,103,61,AUTO,True
2026-08-31 13:48:07,-35.3644302,149.1663175,29.978,0.0332355834543705,103,61,AUTO,True
2026-08-31 13:48:08,-35.3644302,149.1663174,29.979,0.027261152863502502,103,61,AUTO,True
2026-08-31 13:48:08,-35.3644301,149.1663173,29.98,0.027591988444328308,103,61,AUTO,True
2026-08-31 13:48:08,-35.3644301,149.1663172,29.98,0.02670508436858654,103,61,AUTO,True
2026-08-31 13:48:09,-35.3644301,149.1663171,29.98,0.025979449972510338,103,61,AUTO,True
2026-08-31 13:48:09,-35.3644301,149.1663171,29.98,0.024733584374189377,103,61,AUTO,True
2026-08-31 13:48:10,-35.36443,149.166317,29.98,0.023499492555856705,103,61,AUTO,True
2026-08-31 13:48:10,-35.36443,149.1663169,29.979,0.02122773975133896,103,61,AUTO,True
2026-08-31 13:48:10,-35.36443,149.1663168,29.978,0.020440801978111267,103,61,AUTO,True
2026-08-31 13:48:11,-35.36443,149.1663167,29.978,0.01755402609705925,103,61,AUTO,True
2026-08-31 13:48:11,-35.36443,149.1663166,29.978,0.01682334952056408,103,60,AUTO,True
2026-08-31 13:48:12,-35.36443,149.1663166,29.978,0.01331652607768774,103,60,AUTO,True
2026-08-31 13:48:12,-35.36443,149.1663166,29.978,0.010557261295616627,103,60,AUTO,True
2026-08-31 13:48:12,-35.36443,149.1663166,29.978,0.007945982739329338,103,60,AUTO,True
2026-08-31 13:48:13,-35.36443,149.1663166,29.979,0.007074644789099693,103,60,AUTO,True
2026-08-31 13:48:13,-35.36443,149.1663166,29.979,0.011198184452950954,103,60,AUTO,True
2026-08-31 13:48:13,-35.36443,149.1663166,29.979,0.011173320934176445,103,60,AUTO,True
2026-08-31 13:48:14,-35.36443,149.1663165,29.98,0.011202903464436531,103,60,AUTO,True
2026-08-31 13:48:14,-35.36443,149.1663165,29.981,0.01077039260417223,103,60,AUTO,True
2026-08-31 13:48:15,-35.36443,149.1663165,29.982,0.006686061155050993,103,60,AUTO,True
2026-08-31 13:48:15,-35.36443,149.1663164,29.982,0.004569312557578087,103,60,AUTO,True
2026-08-31 13:48:15,-35.36443,149.1663164,29.982,0.006880492903292179,103,59,AUTO,True
2026-08-31 13:48:16,-35.36443,149.1663164,29.983,0.010694485157728195,103,59,AUTO,True
2026-08-31 13:48:16,-35.36443,149.1663164,29.982,0.01674891822040081,103,59,AUTO,True
2026-08-31 13:48:16,-35.36443,149.1663164,29.983,0.017131397500634193,103,59,AUTO,True
2026-08-31 13:48:17,-35.36443,149.1663163,29.983,0.016342435032129288,103,59,AUTO,True
2026-08-31 13:48:17,-35.36443,149.1663163,29.983,0.01636727713048458,103,59,AUTO,True
2026-08-31 13:48:18,-35.36443,149.1663163,29.983,0.018197622150182724,103,59,AUTO,True
2026-08-31 13:48:18,-35.36443,149.1663163,29.983,0.02015629969537258,103,59,AUTO,True
2026-08-31 13:48:18,-35.36443,149.1663163,29.983,0.021446622908115387,103,59,AUTO,True
2026-08-31 13:48:19,-35.36443,149.1663163,29.983,0.02059500850737095,103,59,AUTO,True
2026-08-31 13:48:19,-35.36443,149.1663163,29.983,0.01860218308866024,103,59,AUTO,True
2026-08-31 13:48:20,-35.3644299,149.1663163,29.984,0.019240640103816986,103,58,AUTO,True
2026-08-31 13:48:20,-35.3644299,149.1663163,29.985,0.021533677354454994,103,58,AUTO,True
2026-08-31 13:48:20,-35.3644299,149.1663163,29.986,0.021933147683739662,103,58,AUTO,True
2026-08-31 13:48:21,-35.3644299,149.1663163,29.986,0.015016613528132439,103,58,AUTO,True
2026-08-31 13:48:21,-35.3644299,149.1663163,29.986,0.011984006501734257,103,58,AUTO,True
2026-08-31 13:48:21,-35.3644299,149.1663163,29.986,0.009364265948534012,103,58,AUTO,True
2026-08-31 13:48:22,-35.3644299,149.1663163,29.986,0.007880986668169498,103,58,AUTO,True
2026-08-31 13:48:22,-35.3644299,149.1663163,29.986,0.009131237864494324,103,58,AUTO,True
2026-08-31 13:48:23,-35.3644299,149.1663163,29.986,0.010924680158495903,103,58,AUTO,True
2026-08-31 13:48:23,-35.3644299,149.1663163,29.986,0.016984060406684875,103,58,AUTO,True
2026-08-31 13:48:23,-35.3644299,149.1663163,29.986,0.017744120210409164,103,57,AUTO,True
2026-08-31 13:48:24,-35.3644299,149.1663163,29.987,0.01822468638420105,103,57,AUTO,True
2026-08-31 13:48:24,-35.3644299,149.1663163,29.988,0.018955722451210022,103,57,AUTO,True
2026-08-31 13:48:25,-35.3644299,149.1663163,29.988,0.020206309854984283,103,57,AUTO,True
2026-08-31 13:48:25,-35.3644299,149.1663163,29.989,0.020468607544898987,103,57,AUTO,True
2026-08-31 13:48:25,-35.3644299,149.1663163,29.989,0.019974932074546814,103,57,AUTO,True
2026-08-31 13:48:26,-35.3644299,149.1663163,29.989,0.01967712678015232,103,57,AUTO,True
2026-08-31 13:48:26,-35.3644299,149.1663163,29.989,0.023430924862623215,103,57,AUTO,True
2026-08-31 13:48:26,-35.3644299,149.1663163,29.989,0.024469899013638496,103,57,AUTO,True
2026-08-31 13:48:27,-35.3644299,149.1663163,29.989,0.024077605456113815,103,57,AUTO,True
2026-08-31 13:48:27,-35.3644299,149.1663163,29.989,0.023219328373670578,103,57,AUTO,True
2026-08-31 13:48:28,-35.3644299,149.1663163,29.989,0.020912781357765198,103,56,AUTO,True
2026-08-31 13:48:28,-35.3644299,149.1663163,29.989,0.02033594623208046,103,56,AUTO,True
2026-08-31 13:48:28,-35.3644299,149.1663163,29.989,0.021367331966757774,103,56,AUTO,True
2026-08-31 13:48:29,-35.3644299,149.1663163,29.989,0.022770754992961884,103,56,AUTO,True
2026-08-31 13:48:29,-35.3644299,149.1663163,29.989,0.024611489847302437,103,56,AUTO,True
2026-08-31 13:48:29,-35.3644299,149.1663163,29.99,0.02345111407339573,103,56,RTL,True
2026-08-31 13:48:30,-35.3644299,149.1663163,29.99,0.020659474655985832,103,56,RTL,True
2026-08-31 13:48:30,-35.3644299,149.1663163,29.98,0.019009895622730255,103,56,RTL,True
2026-08-31 13:48:31,-35.3644299,149.1663162,29.975,0.010266504250466824,103,56,RTL,True
2026-08-31 13:48:31,-35.3644296,149.166316,29.974,0.020678069442510605,103,56,RTL,True
2026-08-31 13:48:31,-35.3644291,149.1663155,29.974,0.20600827038288116,103,56,RTL,True
2026-08-31 13:48:32,-35.3644269,149.1663135,29.975,0.38592350482940674,103,56,RTL,True
2026-08-31 13:48:32,-35.3644251,149.1663119,29.975,0.867417573928833,103,55,RTL,True
2026-08-31 13:48:32,-35.3644197,149.1663069,29.975,1.1639513969421387,103,55,RTL,True
2026-08-31 13:48:33,-35.364416,149.1663035,29.975,1.8871604204177856,102,55,RTL,True
2026-08-31 13:48:33,-35.364406,149.1662942,29.974,2.320436716079712,102,55,RTL,True
2026-08-31 13:48:34,-35.3643995,149.1662883,29.974,3.3342161178588867,102,55,RTL,True
2026-08-31 13:48:34,-35.3643837,149.1662737,29.975,3.8793466091156006,101,55,RTL,True
2026-08-31 13:48:34,-35.3643743,149.1662651,29.975,4.939252853393555,101,55,RTL,True
2026-08-31 13:48:35,-35.3643527,149.1662453,29.972,5.467163562774658,101,55,RTL,True
2026-08-31 13:48:35,-35.3643404,149.166234,29.97,6.546594142913818,100,55,RTL,True
2026-08-31 13:48:35,-35.3643133,149.1662091,29.969,7.077303409576416,100,55,RTL,True
2026-08-31 13:48:36,-35.3642986,149.1661955,29.969,7.969415664672852,100,54,RTL,True
2026-08-31 13:48:36,-35.3642674,149.1661668,29.968,8.33610725402832,100,54,RTL,True
2026-08-31 13:48:37,-35.3642512,149.1661518,29.967,8.926769256591797,100,54,RTL,True
2026-08-31 13:48:37,-35.3642176,149.1661207,29.966,9.154592514038086,100,54,RTL,True
2026-08-31 13:48:37,-35.3642005,149.1661049,29.967,9.473116874694824,100,54,RTL,True
2026-08-31 13:48:38,-35.3641661,149.166073,29.969,9.552278518676758,100,54,RTL,True
2026-08-31 13:48:38,-35.3641489,149.166057,29.968,9.611007690429688,100,54,RTL,True
2026-08-31 13:48:38,-35.3641141,149.1660247,29.966,9.652873039245605,100,54,RTL,True
2026-08-31 13:48:39,-35.3640965,149.1660084,29.966,9.750141143798828,100,54,RTL,True
2026-08-31 13:48:39,-35.3640613,149.1659756,29.965,9.79104995727539,100,54,RTL,True
2026-08-31 13:48:40,-35.3640436,149.1659592,29.965,9.84310531616211,100,53,RTL,True
2026-08-31 13:48:40,-35.3640081,149.1659263,29.964,9.853911399841309,100,53,RTL,True
2026-08-31 13:48:40,-35.3639904,149.1659099,29.964,9.874332427978516,100,53,RTL,True
2026-08-31 13:48:41,-35.3639549,149.1658771,29.964,9.878802299499512,100,53,RTL,True
2026-08-31 13:48:41,-35.3639372,149.1658607,29.964,9.889065742492676,100,53,RTL,True
2026-08-31 13:48:41,-35.3639016,149.1658278,29.964,9.897156715393066,100,53,RTL,True
2026-08-31 13:48:42,-35.3638839,149.1658114,29.964,9.90948486328125,100,53,RTL,True
2026-08-31 13:48:42,-35.3638484,149.1657786,29.963,9.913996696472168,100,53,RTL,True
2026-08-31 13:48:43,-35.3638306,149.1657622,29.962,9.93138313293457,100,53,RTL,True
2026-08-31 13:48:43,-35.3637949,149.1657292,29.961,9.946563720703125,100,53,RTL,True
2026-08-31 13:48:43,-35.363777,149.1657127,29.961,9.971501350402832,100,52,RTL,True
2026-08-31 13:48:44,-35.3637412,149.1656797,29.961,9.979016304016113,100,52,RTL,True
2026-08-31 13:48:44,-35.3637233,149.1656631,29.961,9.98229694366455,100,52,RTL,True
2026-08-31 13:48:44,-35.3636874,149.16563,29.961,9.982144355773926,100,52,RTL,True
2026-08-31 13:48:45,-35.3636696,149.1656135,29.961,9.976268768310547,100,52,RTL,True
2026-08-31 13:48:45,-35.3636338,149.1655804,29.961,9.972712516784668,100,52,RTL,True
2026-08-31 13:48:46,-35.3636159,149.1655639,29.961,9.97532844543457,100,52,RTL,True
2026-08-31 13:48:46,-35.36358,149.1655308,29.961,9.97842788696289,100,52,RTL,True
2026-08-31 13:48:46,-35.3635621,149.1655142,29.962,9.979249000549316,100,52,RTL,True
2026-08-31 13:48:47,-35.3635264,149.1654813,29.962,9.976287841796875,100,52,RTL,True
2026-08-31 13:48:47,-35.3635086,149.1654648,29.962,9.972576141357422,100,51,RTL,True
2026-08-31 13:48:47,-35.3634728,149.1654317,29.962,9.982126235961914,100,51,RTL,True
2026-08-31 13:48:48,-35.363455,149.1654153,29.964,9.988696098327637,100,51,RTL,True
2026-08-31 13:48:48,-35.3634199,149.1653829,29.97,9.91914176940918,101,51,RTL,True
2026-08-31 13:48:49,-35.363403,149.1653672,29.973,9.563398361206055,101,51,RTL,True
2026-08-31 13:48:49,-35.3633709,149.1653375,29.975,9.288538932800293,102,51,RTL,True
2026-08-31 13:48:49,-35.3633559,149.1653236,29.974,8.559703826904297,102,51,RTL,True
2026-08-31 13:48:50,-35.3633286,149.1652983,29.968,8.106215476989746,103,51,RTL,True
2026-08-31 13:48:50,-35.3633166,149.1652871,29.963,7.007166862487793,103,51,RTL,True
2026-08-31 13:48:50,-35.363296,149.1652679,29.957,6.3709025382995605,103,51,RTL,True
2026-08-31 13:48:51,-35.3632874,149.1652599,29.956,5.079154968261719,103,51,RTL,True
2026-08-31 13:48:51,-35.3632738,149.1652473,29.958,4.432145595550537,103,50,RTL,True
2026-08-31 13:48:52,-35.3632688,149.1652426,29.96,3.1189303398132324,102,50,RTL,True
2026-08-31 13:48:52,-35.363262,149.1652363,29.965,2.46940279006958,102,50,RTL,True
2026-08-31 13:48:52,-35.3632599,149.1652344,29.966,1.3687074184417725,102,50,RTL,True
2026-08-31 13:48:53,-35.3632578,149.1652326,29.967,0.9334367513656616,103,50,RTL,True
2026-08-31 13:48:53,-35.3632575,149.1652324,29.967,0.2743389308452606,103,50,RTL,True
2026-08-31 13:48:53,-35.3632578,149.1652328,29.967,0.06041157990694046,103,50,RTL,True
2026-08-31 13:48:54,-35.3632583,149.1652333,29.967,0.19861306250095367,103,50,RTL,True
2026-08-31 13:48:54,-35.363259,149.1652341,29.967,0.213413804769516,103,50,RTL,True
2026-08-31 13:48:55,-35.3632593,149.1652344,29.968,0.14326077699661255,103,50,RTL,True
2026-08-31 13:48:55,-35.3632599,149.1652349,29.97,0.12135700136423111,103,50,RTL,True
2026-08-31 13:48:55,-35.3632601,149.1652351,29.972,0.10600537061691284,103,49,RTL,True
2026-08-31 13:48:56,-35.3632605,149.1652355,29.974,0.1032925546169281,103,49,RTL,True
2026-08-31 13:48:56,-35.3632607,149.1652357,29.976,0.0949728712439537,103,49,RTL,True
2026-08-31 13:48:56,-35.363261,149.165236,29.978,0.08783955872058868,103,49,RTL,True
2026-08-31 13:48:57,-35.3632612,149.1652361,29.978,0.07233160734176636,103,49,RTL,True
2026-08-31 13:48:57,-35.3632614,149.1652363,29.98,0.06616691499948502,103,49,RTL,True
2026-08-31 13:48:58,-35.3632615,149.1652364,29.98,0.05850745365023613,103,49,RTL,True
2026-08-31 13:48:58,-35.3632616,149.1652366,29.981,0.05570418760180473,103,49,RTL,True
2026-08-31 13:48:58,-35.3632617,149.1652367,29.981,0.050914134830236435,103,49,RTL,True
2026-08-31 13:48:59,-35.3632618,149.1652368,29.982,0.048422716557979584,103,49,RTL,True
2026-08-31 13:48:59,-35.3632618,149.1652368,29.979,0.04260680079460144,103,49,RTL,True
2026-08-31 13:48:59,-35.3632619,149.1652369,29.837,0.04091189429163933,103,48,RTL,True
2026-08-31 13:49:00,-35.3632619,149.1652369,29.665,0.03887725621461868,103,48,RTL,True
2026-08-31 13:49:00,-35.3632619,149.165237,29.111,0.038132112473249435,103,48,RTL,True
2026-08-31 13:49:01,-35.363262,149.165237,28.742,0.036559730768203735,103,48,RTL,True
2026-08-31 13:49:01,-35.363262,149.1652371,27.948,0.03524145111441612,103,48,RTL,True
2026-08-31 13:49:01,-35.363262,149.1652371,27.557,0.03240198269486427,103,48,RTL,True
2026-08-31 13:49:02,-35.363262,149.1652371,26.797,0.030689919367432594,103,48,RTL,True
2026-08-31 13:49:02,-35.3632621,149.1652371,26.425,0.028266098350286484,103,48,RTL,True
2026-08-31 13:49:02,-35.3632621,149.1652371,25.685,0.027040934190154076,103,48,RTL,True
2026-08-31 13:49:03,-35.3632621,149.1652371,25.313,0.02688049152493477,103,48,RTL,True
2026-08-31 13:49:03,-35.3632621,149.1652371,24.568,0.02748621441423893,103,48,RTL,True
2026-08-31 13:49:04,-35.3632621,149.1652371,24.194,0.027820786461234093,103,48,RTL,True
2026-08-31 13:49:04,-35.3632622,149.1652371,23.447,0.028164707124233246,103,47,RTL,True
2026-08-31 13:49:04,-35.3632622,149.1652371,23.073,0.028534457087516785,103,47,RTL,True
2026-08-31 13:49:05,-35.3632622,149.1652372,22.327,0.029004132375121117,103,47,RTL,True
2026-08-31 13:49:05,-35.3632622,149.1652372,21.954,0.026988064870238304,103,47,RTL,True
2026-08-31 13:49:05,-35.3632622,149.1652372,21.21,0.02503698132932186,103,47,RTL,True
2026-08-31 13:49:06,-35.3632622,149.1652372,20.836,0.023306967690587044,103,47,RTL,True
2026-08-31 13:49:06,-35.3632622,149.1652372,20.088,0.02327929064631462,103,47,RTL,True
2026-08-31 13:49:07,-35.3632622,149.1652372,19.714,0.023866258561611176,103,47,RTL,True
2026-08-31 13:49:07,-35.3632622,149.1652372,18.963,0.024646900594234467,103,47,RTL,True
2026-08-31 13:49:07,-35.3632623,149.1652372,18.587,0.025653542950749397,103,47,RTL,True
2026-08-31 13:49:08,-35.3632623,149.1652372,17.835,0.02577919512987137,103,47,RTL,True
2026-08-31 13:49:08,-35.3632623,149.1652372,17.459,0.026016464456915855,103,46,RTL,True
2026-08-31 13:49:09,-35.3632623,149.1652372,16.708,0.02653282880783081,103,46,RTL,True
2026-08-31 13:49:09,-35.3632623,149.1652372,16.333,0.027822986245155334,103,46,RTL,True
2026-08-31 13:49:09,-35.3632623,149.1652372,15.581,0.02852609008550644,103,46,RTL,True
2026-08-31 13:49:10,-35.3632623,149.1652372,15.206,0.02843867428600788,103,46,RTL,True
2026-08-31 13:49:10,-35.3632623,149.1652372,14.457,0.028601830825209618,103,46,RTL,True
2026-08-31 13:49:10,-35.3632623,149.1652372,14.083,0.02853870950639248,103,46,RTL,True
2026-08-31 13:49:11,-35.3632623,149.1652373,13.336,0.0280752070248127,103,46,RTL,True
2026-08-31 13:49:11,-35.3632623,149.1652373,12.963,0.025255316868424416,103,46,RTL,True
2026-08-31 13:49:12,-35.3632623,149.1652373,12.214,0.022800089791417122,103,46,RTL,True
2026-08-31 13:49:12,-35.3632623,149.1652373,11.84,0.018021462485194206,103,46,RTL,True
2026-08-31 13:49:13,-35.3632623,149.1652373,10.797,0.017004989087581635,103,46,LAND,True
2026-08-31 13:49:13,-35.3632623,149.1652373,10.552,0.018560487776994705,103,45,LAND,True
2026-08-31 13:49:13,-35.3632623,149.1652373,10.376,0.018924642354249954,103,45,LAND,True
2026-08-31 13:49:14,-35.3632623,149.1652373,10.247,0.01981232315301895,103,45,LAND,True
2026-08-31 13:49:14,-35.3632623,149.1652373,10.032,0.020787619054317474,103,45,LAND,True
2026-08-31 13:49:14,-35.3632623,149.1652373,9.921,0.02384733036160469,103,45,LAND,True
2026-08-31 13:49:15,-35.3632623,149.1652372,9.554,0.02538326196372509,103,45,LAND,True
2026-08-31 13:49:15,-35.3632623,149.1652372,9.426,0.02797900326550007,103,45,LAND,True
2026-08-31 13:49:15,-35.3632623,149.1652372,9.17,0.027105899527668953,103,45,LAND,True
2026-08-31 13:49:16,-35.3632623,149.1652372,9.043,0.026680512353777885,103,45,LAND,True
2026-08-31 13:49:16,-35.3632623,149.1652372,8.791,0.026395078748464584,103,45,LAND,True
2026-08-31 13:49:17,-35.3632623,149.1652372,8.666,0.025691695511341095,103,44,LAND,True
2026-08-31 13:49:17,-35.3632623,149.1652372,8.415,0.026051685214042664,103,44,LAND,True
2026-08-31 13:49:17,-35.3632623,149.1652372,8.29,0.02703949064016342,103,44,LAND,True
2026-08-31 13:49:18,-35.3632623,149.1652372,8.039,0.027929384261369705,103,44,LAND,True
2026-08-31 13:49:18,-35.3632623,149.1652372,7.914,0.029791666194796562,103,44,LAND,True
2026-08-31 13:49:18,-35.3632623,149.1652372,7.663,0.02965588867664337,103,44,LAND,True
2026-08-31 13:49:19,-35.3632623,149.1652372,7.538,0.029511291533708572,103,44,LAND,True
2026-08-31 13:49:19,-35.3632623,149.1652372,7.287,0.029563508927822113,103,44,LAND,True
2026-08-31 13:49:20,-35.3632623,149.1652372,7.161,0.028072109445929527,103,44,LAND,True
2026-08-31 13:49:20,-35.3632623,149.1652372,6.911,0.02764192968606949,103,44,LAND,True
2026-08-31 13:49:20,-35.3632623,149.1652372,6.786,0.026324408128857613,103,44,LAND,True
2026-08-31 13:49:21,-35.3632623,149.1652372,6.536,0.02542259357869625,103,44,LAND,True
2026-08-31 13:49:21,-35.3632623,149.1652372,6.411,0.025218039751052856,103,43,LAND,True
2026-08-31 13:49:22,-35.3632623,149.1652372,6.16,0.024876553565263748,103,43,LAND,True
2026-08-31 13:49:22,-35.3632623,149.1652372,6.035,0.025202201679348946,103,43,LAND,True
2026-08-31 13:49:22,-35.3632623,149.1652372,5.785,0.0249673742800951,103,43,LAND,True
2026-08-31 13:49:23,-35.3632623,149.1652372,5.66,0.02402399107813835,103,43,LAND,True
2026-08-31 13:49:23,-35.3632623,149.1652372,5.409,0.02403351292014122,103,43,LAND,True
2026-08-31 13:49:23,-35.3632623,149.1652372,5.284,0.025878462940454483,103,43,LAND,True
2026-08-31 13:49:24,-35.3632623,149.1652372,5.033,0.026280390098690987,103,43,LAND,True
2026-08-31 13:49:24,-35.3632623,149.1652372,4.908,0.02553476206958294,103,43,LAND,True
2026-08-31 13:49:25,-35.3632623,149.1652372,4.657,0.02486039511859417,103,43,LAND,True
2026-08-31 13:49:25,-35.3632623,149.1652372,4.532,0.024311689659953117,103,42,LAND,True
2026-08-31 13:49:25,-35.3632623,149.1652372,4.282,0.024416308850049973,103,42,LAND,True
2026-08-31 13:49:26,-35.3632623,149.1652372,4.157,0.026217075064778328,103,42,LAND,True
2026-08-31 13:49:26,-35.3632623,149.1652373,3.908,0.026918865740299225,103,42,LAND,True
2026-08-31 13:49:26,-35.3632623,149.1652373,3.783,0.025412144139409065,103,42,LAND,True
2026-08-31 13:49:27,-35.3632623,149.1652373,3.533,0.024782154709100723,103,42,LAND,True
2026-08-31 13:49:27,-35.3632623,149.1652373,3.408,0.02448725886642933,103,42,LAND,True
2026-08-31 13:49:28,-35.3632623,149.1652372,3.158,0.02394779585301876,103,42,LAND,True
2026-08-31 13:49:28,-35.3632623,149.1652372,3.032,0.023750275373458862,103,42,LAND,True
2026-08-31 13:49:29,-35.3632623,149.1652372,2.657,0.023753082379698753,103,42,LAND,True
2026-08-31 13:49:29,-35.3632623,149.1652372,2.532,0.02536328323185444,103,42,LAND,True
2026-08-31 13:49:29,-35.3632623,149.1652372,2.282,0.026619503274559975,103,41,LAND,True
2026-08-31 13:49:30,-35.3632623,149.1652372,2.157,0.027117252349853516,103,41,LAND,True
2026-08-31 13:49:30,-35.3632623,149.1652372,2.032,0.02756321430206299,103,41,LAND,True
2026-08-31 13:49:30,-35.3632623,149.1652372,1.906,0.027538204565644264,103,41,LAND,True
2026-08-31 13:49:31,-35.3632623,149.1652372,1.531,0.02710615284740925,103,41,LAND,True
2026-08-31 13:49:31,-35.3632623,149.1652372,1.406,0.026051070541143417,103,41,LAND,True
2026-08-31 13:49:31,-35.3632623,149.1652372,1.157,0.024976255372166634,103,41,LAND,True
2026-08-31 13:49:32,-35.3632623,149.1652372,1.032,0.02511180378496647,103,41,LAND,True
2026-08-31 13:49:32,-35.3632623,149.1652372,0.783,0.026493990793824196,103,41,LAND,True
2026-08-31 13:49:33,-35.3632623,149.1652372,0.658,0.029180392622947693,103,41,LAND,True
2026-08-31 13:49:33,-35.3632623,149.1652372,0.408,0.02820132113993168,103,41,LAND,True
2026-08-31 13:49:33,-35.3632623,149.1652372,0.283,0.023478606715798378,103,40,LAND,True
2026-08-31 13:49:34,-35.3632623,149.1652372,0.033,0.023063533008098602,103,40,LAND,True
2026-08-31 13:49:35,-35.3632623,149.1652372,-0.034,0.024640992283821106,103,40,LAND,True
2026-08-31 13:49:36,-35.3632623,149.1652372,-0.004,0.026959804818034172,103,40,LAND,True
2026-08-31 13:49:36,-35.3632623,149.1652372,-0.004,0.025345277041196823,103,40,LAND,True
2026-08-31 13:49:36,-35.3632623,149.1652372,-0.002,0.025114532560110092,103,40,LAND,True
2026-08-31 13:49:37,-35.3632623,149.1652372,-0.001,0.02424425259232521,103,40,LAND,True
2026-08-31 13:49:37,-35.3632623,149.1652372,0.0,0.024287797510623932,103,40,LAND,True
2026-08-31 13:49:38,-35.3632623,149.1652372,0.001,0.023841479793190956,103,40,LAND,True
2026-08-31 13:49:38,-35.3632624,149.1652372,0.005,0.023778926581144333,103,40,LAND,True
2026-08-31 13:49:38,-35.3632624,149.1652372,0.007,0.02373124659061432,103,40,LAND,True
2026-08-31 13:49:39,-35.3632624,149.1652372,0.008,0.02351110242307186,103,40,LAND,True
2026-08-31 13:49:39,-35.3632624,149.1652372,0.01,0.02351110242307186,103,40,LAND,False
2026-08-31 13:49:39,-35.3632624,149.1652372,0.011,0.023125186562538147,103,40,LAND,False
2026-08-31 13:49:40,-35.3632624,149.1652372,0.013,0.02270428091287613,103,40,LAND,False
2026-08-31 13:49:40,-35.3632624,149.1652372,0.013,0.02230517379939556,103,40,LAND,False
2026-08-31 13:49:40,-35.3632624,149.1652372,0.014,0.021962206810712814,103,40,LAND,False
2026-08-31 13:49:41,-35.3632624,149.1652372,0.014,0.02134709060192108,103,40,LAND,False
2026-08-31 13:49:41,-35.3632624,149.1652372,0.015,0.021214408800005913,103,40,LAND,False
2026-08-31 13:49:41,-35.3632624,149.1652372,0.015,0.02087388001382351,103,40,LAND,False
2026-08-31 13:49:42,-35.3632624,149.1652372,0.015,0.020692281424999237,103,40,LAND,False
2026-08-31 13:49:42,-35.3632624,149.1652372,0.015,0.02092142403125763,103,40,LAND,False
2026-08-31 13:49:43,-35.3632624,149.1652372,0.016,0.02090243250131607,103,40,LAND,False
2026-08-31 13:49:43,-35.3632624,149.1652372,0.016,0.021531524136662483,103,40,LAND,False
2026-08-31 13:49:43,-35.3632624,149.1652372,0.016,0.021702861413359642,103,40,LAND,False
2026-08-31 13:49:44,-35.3632624,149.1652372,0.016,0.02234664186835289,103,40,LAND,False
2026-08-31 13:49:44,-35.3632624,149.1652372,0.016,0.0227963849902153,103,40,LAND,False
2026-08-31 13:49:45,-35.3632624,149.1652372,0.016,0.023126713931560516,103,40,LAND,False
2026-08-31 13:49:45,-35.3632624,149.1652372,0.016,0.02343043126165867,103,40,LAND,False
2026-08-31 13:49:45,-35.3632624,149.1652372,0.016,0.024136614054441452,103,40,LAND,False
2026-08-31 13:49:46,-35.3632624,149.1652372,0.016,0.024204114452004433,103,40,LAND,False
2026-08-31 13:49:46,-35.3632624,149.1652372,0.016,0.024706033989787102,103,40,LAND,False
2026-08-31 13:49:46,-35.3632624,149.1652372,0.015,0.024976273998618126,103,40,LAND,False
2026-08-31 13:49:47,-35.3632624,149.1652372,0.015,0.025186017155647278,103,40,LAND,False
2026-08-31 13:49:47,-35.3632624,149.1652372,0.015,0.025406697764992714,103,40,LAND,False
2026-08-31 13:49:48,-35.3632624,149.1652372,0.015,0.025355923920869827,103,40,LAND,False
2026-08-31 13:49:48,-35.3632624,149.1652372,0.015,0.025226334109902382,103,40,LAND,False
2026-08-31 13:49:48,-35.3632624,149.1652372,0.015,0.025339221581816673,103,40,LAND,False
2026-08-31 13:49:49,-35.3632624,149.1652372,0.015,0.02522820606827736,103,40,LAND,False
2026-08-31 13:49:49,-35.3632624,149.1652372,0.015,0.025440331548452377,103,40,LAND,False
2026-08-31 13:49:50,-35.3632624,149.1652372,0.014,0.02525912970304489,103,40,LAND,False
2026-08-31 13:49:50,-35.3632624,149.1652372,0.014,0.025396103039383888,103,40,LAND,False
2026-08-31 13:49:50,-35.3632624,149.1652372,0.014,0.025377172976732254,103,40,LAND,False
2026-08-31 13:49:51,-35.3632624,149.1652372,0.014,0.025169912725687027,103,40,LAND,False
2026-08-31 13:49:51,-35.3632624,149.1652372,0.014,0.025302443653345108,102,40,LAND,False
2026-08-31 13:49:52,-35.3632624,149.1652372,0.014,0.025066446512937546,102,40,LAND,False
2026-08-31 13:49:52,-35.3632624,149.1652372,0.014,0.02499161660671234,102,40,LAND,False
2026-08-31 13:49:52,-35.3632624,149.1652372,0.014,0.02487919293344021,102,40,LAND,False
2026-08-31 13:49:52,-35.3632624,149.1652372,0.014,0.02465854585170746,102,40,LAND,False
2026-08-31 13:49:53,-35.3632624,149.1652372,0.014,0.024591481313109398,102,40,LAND,False
2026-08-31 13:49:53,-35.3632624,149.1652372,0.014,0.024592215195298195,102,40,LAND,False
2026-08-31 13:49:54,-35.3632624,149.1652372,0.014,0.024407749995589256,102,40,LAND,False
2026-08-31 13:49:54,-35.3632624,149.1652372,0.014,0.024620041251182556,102,40,LAND,False
2026-08-31 13:49:54,-35.3632624,149.1652372,0.014,0.024654973298311234,102,40,LAND,False
2026-08-31 13:49:55,-35.3632624,149.1652372,0.014,0.02467348426580429,102,40,LAND,False
2026-08-31 13:49:55,-35.3632624,149.1652372,0.014,0.024666890501976013,102,40,LAND,False
2026-08-31 13:49:56,-35.3632624,149.1652372,0.014,0.024443790316581726,102,40,LAND,False
2026-08-31 13:49:56,-35.3632624,149.1652372,0.014,0.02442115731537342,102,40,LAND,False
2026-08-31 13:49:56,-35.3632624,149.1652372,0.014,0.02439144439995289,102,40,LAND,False
2026-08-31 13:49:57,-35.3632624,149.1652372,0.014,0.0241493321955204,102,40,LAND,False
2026-08-31 13:49:57,-35.3632624,149.1652372,0.014,0.024282634258270264,102,40,LAND,False
2026-08-31 13:49:57,-35.3632624,149.1652372,0.014,0.024061642587184906,102,40,LAND,False
2026-08-31 13:49:58,-35.3632624,149.1652372,0.014,0.024021439254283905,102,40,LAND,False
2026-08-31 13:49:58,-35.3632624,149.1652372,0.014,0.02389386110007763,102,40,LAND,False
2026-08-31 13:49:59,-35.3632624,149.1652372,0.014,0.023861344903707504,102,40,LAND,False
2026-08-31 13:49:59,-35.3632624,149.1652372,0.014,0.02416030317544937,102,40,LAND,False
2026-08-31 13:49:59,-35.3632624,149.1652372,0.014,0.023968856781721115,102,40,LAND,False
2026-08-31 13:50:00,-35.3632624,149.1652372,0.014,0.024051588028669357,102,40,LAND,False
2026-08-31 13:50:00,-35.3632624,149.1652372,0.014,0.024122968316078186,102,40,LAND,False
2026-08-31 13:50:00,-35.3632624,149.1652372,0.014,0.024062667042016983,102,40,LAND,False
2026-08-31 13:50:01,-35.3632624,149.1652372,0.014,0.024016106501221657,102,40,LAND,False
2026-08-31 13:50:01,-35.3632624,149.1652372,0.014,0.02411344274878502,102,40,LAND,False
2026-08-31 13:50:02,-35.3632624,149.1652372,0.014,0.024064738303422928,102,40,LAND,False
2026-08-31 13:50:02,-35.3632624,149.1652372,0.014,0.024195339530706406,102,40,LAND,False
2026-08-31 13:50:02,-35.3632624,149.1652372,0.014,0.02416016347706318,102,40,LAND,False
2026-08-31 13:50:03,-35.3632624,149.1652372,0.014,0.023896491155028343,102,40,LAND,False
2026-08-31 13:50:03,-35.3632624,149.1652372,0.014,0.024056890979409218,102,40,LAND,False
2026-08-31 13:50:04,-35.3632624,149.1652372,0.014,0.02384505420923233,102,40,LAND,False
2026-08-31 13:50:04,-35.3632624,149.1652372,0.014,0.023989524692296982,102,40,LAND,False
2026-08-31 13:50:04,-35.3632624,149.1652372,0.014,0.02390853688120842,102,40,LAND,False
2026-08-31 13:50:05,-35.3632624,149.1652372,0.014,0.023780833929777145,102,40,LAND,False
2026-08-31 13:50:05,-35.3632624,149.1652372,0.014,0.02403627336025238,102,40,LAND,False
2026-08-31 13:50:05,-35.3632624,149.1652372,0.014,0.023864833638072014,102,40,LAND,False
2026-08-31 13:50:06,-35.3632624,149.1652372,0.014,0.02382829785346985,102,40,LAND,False
2026-08-31 13:50:06,-35.3632624,149.1652372,0.014,0.023967893794178963,102,40,LAND,False
2026-08-31 13:50:07,-35.3632624,149.1652372,0.014,0.023825153708457947,102,40,LAND,False
2026-08-31 13:50:07,-35.3632624,149.1652372,0.014,0.023819580674171448,102,40,LAND,False
2026-08-31 13:50:07,-35.3632624,149.1652372,0.014,0.023886248469352722,102,40,LAND,False
2026-08-31 13:50:08,-35.3632624,149.1652372,0.014,0.02382543869316578,102,40,LAND,False
2026-08-31 13:50:08,-35.3632624,149.1652372,0.014,0.02408072166144848,102,40,LAND,False
2026-08-31 13:50:09,-35.3632624,149.1652372,0.014,0.023799655959010124,102,40,LAND,False
2026-08-31 13:50:09,-35.3632624,149.1652372,0.014,0.023971345275640488,102,40,LAND,False
2026-08-31 13:50:09,-35.3632624,149.1652372,0.014,0.02377668023109436,102,40,LAND,False
2026-08-31 13:50:10,-35.3632624,149.1652372,0.014,0.023718440905213356,102,40,LAND,False
2026-08-31 13:50:10,-35.3632624,149.1652372,0.014,0.023986632004380226,102,40,LAND,False
2026-08-31 13:50:10,-35.3632624,149.1652372,0.014,0.023810869082808495,102,40,LAND,False
2026-08-31 13:50:11,-35.3632624,149.1652372,0.014,0.0239463672041893,102,40,LAND,False
2026-08-31 13:50:11,-35.3632624,149.1652372,0.014,0.02419908717274666,102,40,LAND,False
2026-08-31 13:50:11,-35.3632624,149.1652372,0.015,0.02399437502026558,102,40,LAND,False
2026-08-31 13:50:12,-35.3632624,149.1652372,0.015,0.02420489303767681,102,40,LAND,False
2026-08-31 13:50:12,-35.3632624,149.1652372,0.015,0.024213619530200958,102,40,LAND,False
2026-08-31 13:50:13,-35.3632624,149.1652372,0.015,0.02403169497847557,102,40,LAND,False
2026-08-31 13:50:13,-35.3632624,149.1652372,0.015,0.024077462032437325,102,40,LAND,False
2026-08-31 13:50:13,-35.3632624,149.1652372,0.015,0.02383657731115818,102,40,LAND,False
2026-08-31 13:50:14,-35.3632624,149.1652372,0.015,0.023883087560534477,102,40,LAND,False
2026-08-31 13:50:14,-35.3632624,149.1652372,0.015,0.023715216666460037,102,40,LAND,False
2026-08-31 13:50:15,-35.3632624,149.1652372,0.015,0.023649604991078377,102,40,LAND,False
2026-08-31 13:50:15,-35.3632624,149.1652372,0.015,0.02379821613430977,102,40,LAND,False
2026-08-31 13:50:15,-35.3632624,149.1652372,0.015,0.023868152871727943,102,40,LAND,False
2026-08-31 13:50:16,-35.3632624,149.1652372,0.015,0.023924166336655617,102,40,LAND,False
2026-08-31 13:50:16,-35.3632624,149.1652372,0.015,0.02393312007188797,102,40,LAND,False
2026-08-31 13:50:16,-35.3632624,149.1652372,0.015,0.023652194067835808,102,40,LAND,False
2026-08-31 13:50:17,-35.3632624,149.1652372,0.015,0.023701261729002,102,40,LAND,False
2026-08-31 13:50:17,-35.3632624,149.1652372,0.015,0.0237504243850708,102,40,LAND,False
2026-08-31 13:50:18,-35.3632624,149.1652372,0.015,0.0236392542719841,102,40,LAND,False
2026-08-31 13:50:18,-35.3632624,149.1652372,0.015,0.023836473003029823,102,40,LAND,False
2026-08-31 13:50:18,-35.3632624,149.1652372,0.015,0.023802749812602997,102,40,LAND,False
2026-08-31 13:50:19,-35.3632624,149.1652372,0.015,0.023748215287923813,102,40,LAND,False
2026-08-31 13:50:19,-35.3632624,149.1652372,0.015,0.023820040747523308,102,40,LAND,False
2026-08-31 13:50:20,-35.3632624,149.1652372,0.015,0.023643285036087036,102,40,LAND,False
2026-08-31 13:50:20,-35.3632624,149.1652372,0.015,0.02374349534511566,102,40,LAND,False
2026-08-31 13:50:20,-35.3632624,149.1652372,0.015,0.023861611261963844,102,40,LAND,False
2026-08-31 13:50:21,-35.3632624,149.1652372,0.015,0.02378493919968605,102,40,LAND,False
2026-08-31 13:50:21,-35.3632624,149.1652372,0.015,0.02407793328166008,102,40,LAND,False
2026-08-31 13:50:21,-35.3632624,149.1652372,0.015,0.024186251685023308,102,40,LAND,False
2026-08-31 13:50:22,-35.3632624,149.1652372,0.015,0.023960353806614876,102,40,LAND,False
2026-08-31 13:50:22,-35.3632624,149.1652372,0.015,0.024143464863300323,102,40,LAND,False
2026-08-31 13:50:23,-35.3632624,149.1652372,0.015,0.023870917037129402,102,40,LAND,False
2026-08-31 13:50:23,-35.3632624,149.1652372,0.015,0.02385997399687767,102,40,LAND,False
2026-08-31 13:50:23,-35.3632624,149.1652372,0.015,0.02399621531367302,102,40,LAND,False
2026-08-31 13:50:24,-35.3632624,149.1652372,0.015,0.023707842454314232,102,40,LAND,False
2026-08-31 13:50:24,-35.3632624,149.1652372,0.015,0.023987917229533195,102,40,LAND,False
2026-08-31 13:50:24,-35.3632624,149.1652372,0.015,0.023882584646344185,102,40,LAND,False
2026-08-31 13:50:25,-35.3632624,149.1652372,0.015,0.024067843332886696,102,40,LAND,False
2026-08-31 13:50:25,-35.3632624,149.1652372,0.015,0.024036552757024765,102,40,LAND,False
2026-08-31 13:50:26,-35.3632624,149.1652372,0.015,0.02417336031794548,102,40,LAND,False
2026-08-31 13:50:26,-35.3632624,149.1652372,0.015,0.02434028871357441,102,40,LAND,False
2026-08-31 13:50:27,-35.3632624,149.1652372,0.015,0.024075372144579887,102,40,LAND,False
2026-08-31 13:50:27,-35.3632624,149.1652372,0.015,0.0240872073918581,102,40,LAND,False
2026-08-31 13:50:27,-35.3632624,149.1652372,0.015,0.02418624609708786,102,40,LAND,False
2026-08-31 13:50:27,-35.3632624,149.1652372,0.015,0.02394714765250683,102,40,LAND,False
2026-08-31 13:50:28,-35.3632624,149.1652372,0.015,0.024080945178866386,102,40,LAND,False
2026-08-31 13:50:28,-35.3632624,149.1652372,0.015,0.024035224691033363,102,40,LAND,False
2026-08-31 13:50:29,-35.3632624,149.1652372,0.015,0.02383078634738922,102,40,LAND,False
2026-08-31 13:50:29,-35.3632624,149.1652372,0.015,0.02396179921925068,102,40,LAND,False
2026-08-31 13:50:29,-35.3632624,149.1652372,0.015,0.02355472557246685,102,40,LAND,False
2026-08-31 13:50:30,-35.3632624,149.1652372,0.015,0.023627661168575287,102,40,LAND,False
2026-08-31 13:50:30,-35.3632624,149.1652372,0.015,0.023659376427531242,102,40,LAND,False
2026-08-31 13:50:30,-35.3632624,149.1652372,0.015,0.023558836430311203,102,40,LAND,False
2026-08-31 13:50:31,-35.3632624,149.1652372,0.015,0.023859787732362747,102,40,LAND,False
2026-08-31 13:50:31,-35.3632624,149.1652372,0.015,0.02373022399842739,102,40,LAND,False
2026-08-31 13:50:32,-35.3632624,149.1652372,0.015,0.023890601471066475,102,40,LAND,False
2026-08-31 13:50:32,-35.3632624,149.1652372,0.015,0.024114076048135757,102,40,LAND,False
2026-08-31 13:50:32,-35.3632624,149.1652372,0.015,0.023941751569509506,102,40,LAND,False
2026-08-31 13:50:33,-35.3632624,149.1652372,0.015,0.024011142551898956,102,40,LAND,False
2026-08-31 13:50:33,-35.3632624,149.1652372,0.015,0.024015309289097786,102,40,LAND,False
2026-08-31 13:50:34,-35.3632624,149.1652372,0.015,0.02392972633242607,102,40,LAND,False
2026-08-31 13:50:34,-35.3632624,149.1652372,0.015,0.02405703254044056,102,40,LAND,False
2026-08-31 13:50:34,-35.3632624,149.1652372,0.015,0.02404617704451084,102,40,LAND,False
2026-08-31 13:50:35,-35.3632624,149.1652372,0.015,0.02386447973549366,102,40,LAND,False
2026-08-31 13:50:35,-35.3632624,149.1652372,0.015,0.023997986689209938,102,40,LAND,False
2026-08-31 13:50:36,-35.3632624,149.1652372,0.015,0.023538712412118912,102,40,LAND,False
2026-08-31 13:50:36,-35.3632624,149.1652372,0.015,0.0235232375562191,102,40,LAND,False
2026-08-31 13:50:36,-35.3632624,149.1652372,0.015,0.023738808929920197,102,40,LAND,False
2026-08-31 13:50:37,-35.3632624,149.1652372,0.015,0.023632610216736794,102,40,LAND,False
2026-08-31 13:50:37,-35.3632624,149.1652372,0.015,0.02376646362245083,102,40,LAND,False
2026-08-31 13:50:37,-35.3632624,149.1652372,0.015,0.0236872099339962,102,40,LAND,False
2026-08-31 13:50:38,-35.3632624,149.1652372,0.015,0.023603269830346107,102,40,LAND,False
2026-08-31 13:50:38,-35.3632624,149.1652372,0.015,0.023796889930963516,102,40,LAND,False
2026-08-31 13:50:38,-35.3632624,149.1652372,0.015,0.023661090061068535,102,40,LAND,False
2026-08-31 13:50:39,-35.3632624,149.1652372,0.015,0.02370532788336277,102,40,LAND,False
2026-08-31 13:50:39,-35.3632624,149.1652372,0.015,0.02404693327844143,102,40,LAND,False
2026-08-31 13:50:40,-35.3632624,149.1652372,0.015,0.023886537179350853,102,40,LAND,False
2026-08-31 13:50:40,-35.3632624,149.1652372,0.015,0.024082904681563377,102,40,LAND,False
2026-08-31 13:50:40,-35.3632624,149.1652372,0.015,0.024000855162739754,102,40,LAND,False
2026-08-31 13:50:41,-35.3632624,149.1652372,0.015,0.023969033733010292,102,40,LAND,False
2026-08-31 13:50:41,-35.3632624,149.1652372,0.015,0.02418510429561138,102,40,LAND,False
2026-08-31 13:50:42,-35.3632624,149.1652372,0.015,0.02383648231625557,102,40,LAND,False
2026-08-31 13:50:42,-35.3632624,149.1652372,0.015,0.0238663237541914,102,40,LAND,False
2026-08-31 13:50:42,-35.3632624,149.1652372,0.015,0.023917701095342636,102,40,LAND,False
2026-08-31 13:50:43,-35.3632624,149.1652372,0.015,0.023690106347203255,102,40,LAND,False
2026-08-31 13:50:43,-35.3632624,149.1652372,0.015,0.023719370365142822,102,40,LAND,False
2026-08-31 13:50:43,-35.3632624,149.1652372,0.015,0.02361227013170719,102,40,LAND,False
2026-08-31 13:50:44,-35.3632624,149.1652372,0.015,0.02340531162917614,102,40,LAND,False
2026-08-31 13:50:44,-35.3632624,149.1652372,0.015,0.02356516756117344,102,40,LAND,False
2026-08-31 13:50:45,-35.3632624,149.1652372,0.015,0.023315787315368652,102,40,LAND,False
2026-08-31 13:50:45,-35.3632624,149.1652372,0.015,0.023331161588430405,102,40,LAND,False
2026-08-31 13:50:45,-35.3632624,149.1652372,0.015,0.023367714136838913,102,40,LAND,False
2026-08-31 13:50:46,-35.3632624,149.1652372,0.015,0.02331256866455078,102,40,LAND,False
2026-08-31 13:50:46,-35.3632624,149.1652372,0.015,0.023572281002998352,102,40,LAND,False
2026-08-31 13:50:46,-35.3632624,149.1652372,0.015,0.023451602086424828,102,40,LAND,False
2026-08-31 13:50:47,-35.3632624,149.1652372,0.015,0.023279935121536255,102,40,LAND,False
2026-08-31 13:50:47,-35.3632624,149.1652372,0.015,0.023477982729673386,102,40,LAND,False
2026-08-31 13:50:48,-35.3632624,149.1652372,0.015,0.023223211988806725,102,40,LAND,False
2026-08-31 13:50:48,-35.3632624,149.1652372,0.015,0.023458240553736687,102,40,LAND,False
2026-08-31 13:50:48,-35.3632624,149.1652372,0.015,0.02373276837170124,102,40,LAND,False
2026-08-31 13:50:49,-35.3632624,149.1652372,0.015,0.023635175079107285,102,40,LAND,False
2026-08-31 13:50:49,-35.3632624,149.1652372,0.015,0.02381937950849533,102,40,LAND,False
2026-08-31 13:50:50,-35.3632624,149.1652372,0.015,0.023762350901961327,102,40,LAND,False
2026-08-31 13:50:50,-35.3632624,149.1652372,0.015,0.02379174344241619,102,40,LAND,False
2026-08-31 13:50:50,-35.3632624,149.1652372,0.015,0.02378144860267639,102,40,LAND,False
2026-08-31 13:50:51,-35.3632624,149.1652372,0.015,0.023718498647212982,102,40,LAND,False
2026-08-31 13:50:51,-35.3632624,149.1652372,0.015,0.023891452699899673,102,40,LAND,False
2026-08-31 13:50:51,-35.3632624,149.1652372,0.015,0.023773500695824623,102,40,LAND,False
2026-08-31 13:50:52,-35.3632624,149.1652372,0.015,0.023658450692892075,102,40,LAND,False
2026-08-31 13:50:52,-35.3632624,149.1652372,0.015,0.023980623111128807,102,40,LAND,False
2026-08-31 13:50:53,-35.3632624,149.1652372,0.015,0.023983461782336235,102,40,LAND,False
2026-08-31 13:50:53,-35.3632624,149.1652372,0.015,0.02400982193648815,102,40,LAND,False
2026-08-31 13:50:53,-35.3632624,149.1652372,0.015,0.023980937898159027,102,40,LAND,False
2026-08-31 13:50:54,-35.3632624,149.1652372,0.015,0.023772219195961952,102,40,LAND,False
2026-08-31 13:50:54,-35.3632624,149.1652372,0.015,0.023885518312454224,102,40,LAND,False
2026-08-31 13:50:55,-35.3632624,149.1652372,0.015,0.023813804611563683,102,40,LAND,False
2026-08-31 13:50:55,-35.3632624,149.1652372,0.015,0.02392413094639778,102,40,LAND,False
2026-08-31 13:50:55,-35.3632624,149.1652372,0.015,0.024182479828596115,102,40,LAND,False
2026-08-31 13:50:56,-35.3632624,149.1652372,0.015,0.024073002859950066,102,40,LAND,False
2026-08-31 13:50:56,-35.3632624,149.1652372,0.015,0.024007199332118034,102,40,LAND,False
2026-08-31 13:50:56,-35.3632624,149.1652372,0.014,0.023922445252537727,102,40,LAND,False
2026-08-31 13:50:57,-35.3632624,149.1652372,0.014,0.023734521120786667,102,40,LAND,False
2026-08-31 13:50:57,-35.3632624,149.1652372,0.014,0.024006012827157974,102,40,LAND,False
2026-08-31 13:50:57,-35.3632624,149.1652372,0.014,0.02390994504094124,102,40,LAND,False
2026-08-31 13:50:58,-35.3632624,149.1652372,0.014,0.023880816996097565,102,40,LAND,False
2026-08-31 13:50:58,-35.3632624,149.1652372,0.014,0.02388765662908554,102,40,LAND,False
2026-08-31 13:50:59,-35.3632624,149.1652372,0.014,0.0238395556807518,102,40,LAND,False
2026-08-31 13:50:59,-35.3632624,149.1652372,0.015,0.024027220904827118,102,40,LAND,False
2026-08-31 13:50:59,-35.3632624,149.1652372,0.015,0.024000346660614014,102,40,LAND,False
2026-08-31 13:51:00,-35.3632624,149.1652372,0.015,0.023924514651298523,102,40,LAND,False
2026-08-31 13:51:00,-35.3632624,149.1652372,0.015,0.02404417283833027,102,40,LAND,False
2026-08-31 13:51:01,-35.3632624,149.1652372,0.015,0.02378351427614689,102,40,LAND,False
2026-08-31 13:51:01,-35.3632624,149.1652372,0.015,0.023887041956186295,102,40,LAND,False
2026-08-31 13:51:01,-35.3632624,149.1652372,0.015,0.024081341922283173,102,40,LAND,False
2026-08-31 13:51:02,-35.3632624,149.1652372,0.015,0.02406173013150692,102,40,LAND,False
2026-08-31 13:51:02,-35.3632624,149.1652372,0.015,0.024202559143304825,102,40,LAND,False
2026-08-31 13:51:02,-35.3632624,149.1652372,0.015,0.02401021681725979,102,40,LAND,False
2026-08-31 13:51:03,-35.3632624,149.1652372,0.015,0.024027908220887184,102,40,LAND,False
2026-08-31 13:51:03,-35.3632624,149.1652372,0.015,0.024213647469878197,102,40,LAND,False
2026-08-31 13:51:04,-35.3632624,149.1652372,0.015,0.023823238909244537,102,40,LAND,False
2026-08-31 13:51:04,-35.3632624,149.1652372,0.015,0.023825163021683693,102,40,LAND,False
2026-08-31 13:51:04,-35.3632624,149.1652372,0.015,0.02394728921353817,102,40,LAND,False
2026-08-31 13:51:05,-35.3632624,149.1652372,0.015,0.023790962994098663,102,40,LAND,False
2026-08-31 13:51:05,-35.3632624,149.1652372,0.015,0.023802870884537697,102,40,LAND,False
2026-08-31 13:51:06,-35.3632624,149.1652372,0.015,0.0235739853233099,102,40,LAND,False
2026-08-31 13:51:06,-35.3632624,149.1652372,0.015,0.023599611595273018,102,40,LAND,False
2026-08-31 13:51:06,-35.3632624,149.1652372,0.014,0.023697683587670326,102,40,LAND,False
2026-08-31 13:51:07,-35.3632624,149.1652372,0.014,0.023858632892370224,102,40,LAND,False
2026-08-31 13:51:07,-35.3632624,149.1652372,0.014,0.023950541391968727,102,40,LAND,False
2026-08-31 13:51:08,-35.3632624,149.1652372,0.014,0.02385178953409195,102,40,LAND,False
2026-08-31 13:51:08,-35.3632624,149.1652372,0.014,0.02387838438153267,102,40,LAND,False
2026-08-31 13:51:08,-35.3632624,149.1652372,0.014,0.02404828928411007,102,40,LAND,False
2026-08-31 13:51:09,-35.3632624,149.1652372,0.014,0.02405369095504284,102,40,LAND,False
2026-08-31 13:51:09,-35.3632624,149.1652372,0.014,0.02393241412937641,102,40,LAND,False
2026-08-31 13:51:10,-35.3632624,149.1652372,0.014,0.023981504142284393,102,40,LAND,False
2026-08-31 13:51:10,-35.3632624,149.1652372,0.014,0.02394646778702736,102,40,LAND,False
2026-08-31 13:51:10,-35.3632624,149.1652372,0.014,0.02375243790447712,102,40,LAND,False
2026-08-31 13:51:11,-35.3632624,149.1652372,0.014,0.02362297661602497,102,40,LAND,False
2026-08-31 13:51:11,-35.3632624,149.1652372,0.014,0.023682134225964546,102,40,LAND,False
2026-08-31 13:51:12,-35.3632624,149.1652372,0.014,0.023947667330503464,102,40,LAND,False
2026-08-31 13:51:12,-35.3632624,149.1652372,0.014,0.02380562759935856,102,40,LAND,False
2026-08-31 13:51:12,-35.3632624,149.1652372,0.014,0.02368481457233429,102,40,LAND,False
2026-08-31 13:51:13,-35.3632624,149.1652372,0.014,0.023657510057091713,102,40,LAND,False
2026-08-31 13:51:13,-35.3632624,149.1652372,0.014,0.023829752579331398,102,40,LAND,False
2026-08-31 13:51:14,-35.3632624,149.1652372,0.014,0.02376130409538746,102,40,LAND,False
2026-08-31 13:51:14,-35.3632624,149.1652372,0.014,0.023572377860546112,102,40,LAND,False
2026-08-31 13:51:14,-35.3632624,149.1652372,0.014,0.023528115823864937,102,40,LAND,False
2026-08-31 13:51:15,-35.3632624,149.1652372,0.014,0.023577868938446045,102,40,LAND,False
2026-08-31 13:51:15,-35.3632624,149.1652372,0.014,0.02362830936908722,102,40,LAND,False
2026-08-31 13:51:15,-35.3632624,149.1652372,0.014,0.02340221218764782,102,40,LAND,False
2026-08-31 13:51:16,-35.3632624,149.1652372,0.014,0.023286111652851105,102,40,LAND,False
2026-08-31 13:51:16,-35.3632624,149.1652372,0.014,0.023454898968338966,102,40,LAND,False
2026-08-31 13:51:17,-35.3632624,149.1652372,0.014,0.023372136056423187,102,40,LAND,False
2026-08-31 13:51:17,-35.3632624,149.1652372,0.014,0.02326473966240883,102,40,LAND,False
2026-08-31 13:51:17,-35.3632624,149.1652372,0.014,0.023500561714172363,102,40,LAND,False
2026-08-31 13:51:18,-35.3632624,149.1652372,0.014,0.02367306873202324,102,40,LAND,False
2026-08-31 13:51:18,-35.3632624,149.1652372,0.014,0.023681821301579475,102,40,LAND,False
2026-08-31 13:51:19,-35.3632624,149.1652372,0.014,0.023522932082414627,102,40,LAND,False
2026-08-31 13:51:19,-35.3632624,149.1652372,0.014,0.023453395813703537,102,40,LAND,False
2026-08-31 13:51:19,-35.3632624,149.1652372,0.014,0.023631958290934563,102,40,LAND,False
2026-08-31 13:51:20,-35.3632624,149.1652372,0.014,0.023499751463532448,102,40,LAND,False
2026-08-31 13:51:20,-35.3632624,149.1652372,0.014,0.02374095469713211,102,40,LAND,False
2026-08-31 13:51:20,-35.3632624,149.1652372,0.015,0.0238083153963089,102,40,LAND,False
2026-08-31 13:51:21,-35.3632624,149.1652372,0.015,0.023667680099606514,102,40,LAND,False
2026-08-31 13:51:21,-35.3632624,149.1652372,0.015,0.02383015677332878,102,40,LAND,False
2026-08-31 13:51:22,-35.3632624,149.1652372,0.015,0.023410672321915627,102,40,LAND,False
2026-08-31 13:51:22,-35.3632624,149.1652372,0.015,0.0235491544008255,102,40,LAND,False
2026-08-31 13:51:22,-35.3632624,149.1652372,0.015,0.023670395836234093,102,40,LAND,False
2026-08-31 13:51:23,-35.3632624,149.1652372,0.015,0.02362275868654251,102,40,LAND,False
2026-08-31 13:51:23,-35.3632624,149.1652372,0.015,0.02391194924712181,102,40,LAND,False
2026-08-31 13:51:24,-35.3632624,149.1652372,0.015,0.02379344403743744,102,40,LAND,False
2026-08-31 13:51:24,-35.3632624,149.1652372,0.015,0.024051710963249207,102,40,LAND,False
2026-08-31 13:51:24,-35.3632624,149.1652372,0.015,0.023972036316990852,102,40,LAND,False
2026-08-31 13:51:25,-35.3632624,149.1652372,0.015,0.023810667917132378,102,40,LAND,False
2026-08-31 13:51:25,-35.3632624,149.1652372,0.015,0.02373673766851425,102,40,LAND,False
2026-08-31 13:51:26,-35.3632624,149.1652372,0.015,0.023772191256284714,102,40,LAND,False
2026-08-31 13:51:26,-35.3632624,149.1652372,0.015,0.023571182042360306,102,40,LAND,False
2026-08-31 13:51:26,-35.3632624,149.1652372,0.015,0.023471860215067863,102,40,LAND,False
2026-08-31 13:51:27,-35.3632624,149.1652372,0.015,0.023356229066848755,102,40,LAND,False
2026-08-31 13:51:27,-35.3632624,149.1652372,0.015,0.02360703982412815,102,40,LAND,False
2026-08-31 13:51:27,-35.3632624,149.1652372,0.015,0.023485980927944183,102,40,LAND,False
2026-08-31 13:51:28,-35.3632624,149.1652372,0.015,0.02344488725066185,102,40,LAND,False
2026-08-31 13:51:28,-35.3632624,149.1652372,0.015,0.023731516674160957,102,40,LAND,False
2026-08-31 13:51:29,-35.3632624,149.1652372,0.015,0.023592643439769745,102,40,LAND,False
2026-08-31 13:51:29,-35.3632624,149.1652372,0.015,0.023722179234027863,102,40,LAND,False
2026-08-31 13:51:29,-35.3632624,149.1652372,0.015,0.023859728127717972,102,40,LAND,False
2026-08-31 13:51:30,-35.3632624,149.1652372,0.015,0.023817434906959534,102,40,LAND,False
2026-08-31 13:51:30,-35.3632624,149.1652372,0.015,0.024005506187677383,102,40,LAND,False
2026-08-31 13:51:30,-35.3632624,149.1652372,0.015,0.02394675463438034,102,40,LAND,False
2026-08-31 13:51:31,-35.3632624,149.1652372,0.015,0.023824607953429222,102,40,LAND,False
2026-08-31 13:51:31,-35.3632624,149.1652372,0.015,0.023982256650924683,102,40,LAND,False
2026-08-31 13:51:32,-35.3632624,149.1652372,0.015,0.023895174264907837,102,40,LAND,False
2026-08-31 13:51:32,-35.3632624,149.1652372,0.015,0.023738078773021698,102,40,LAND,False
2026-08-31 13:51:32,-35.3632624,149.1652372,0.015,0.023701725527644157,102,40,LAND,False
2026-08-31 13:51:33,-35.3632624,149.1652372,0.015,0.023589426651597023,102,40,LAND,False
2026-08-31 13:51:33,-35.3632624,149.1652372,0.015,0.02364262565970421,102,40,LAND,False
2026-08-31 13:51:34,-35.3632624,149.1652372,0.015,0.02346060611307621,102,40,LAND,False
2026-08-31 13:51:34,-35.3632624,149.1652372,0.015,0.023730048909783363,102,40,LAND,False
2026-08-31 13:51:34,-35.3632624,149.1652372,0.015,0.02377672679722309,102,40,LAND,False
2026-08-31 13:51:35,-35.3632624,149.1652372,0.015,0.023706695064902306,102,40,LAND,False
2026-08-31 13:51:35,-35.3632624,149.1652372,0.015,0.023851832374930382,102,40,LAND,False
2026-08-31 13:51:36,-35.3632624,149.1652372,0.015,0.02377973683178425,102,40,LAND,False
2026-08-31 13:51:36,-35.3632624,149.1652372,0.015,0.023750945925712585,102,40,LAND,False
2026-08-31 13:51:36,-35.3632624,149.1652372,0.015,0.02386939711868763,102,40,LAND,False
2026-08-31 13:51:37,-35.3632624,149.1652372,0.015,0.023651614785194397,102,40,LAND,False
2026-08-31 13:51:37,-35.3632624,149.1652372,0.015,0.023871535435318947,102,40,LAND,False
2026-08-31 13:51:37,-35.3632624,149.1652372,0.015,0.023783864453434944,102,40,LAND,False
2026-08-31 13:51:38,-35.3632624,149.1652372,0.015,0.023656869307160378,102,40,LAND,False
2026-08-31 13:51:38,-35.3632624,149.1652372,0.015,0.023896653205156326,102,40,LAND,False
2026-08-31 13:51:38,-35.3632624,149.1652372,0.015,0.023776577785611153,102,40,LAND,False
2026-08-31 13:51:39,-35.3632624,149.1652372,0.015,0.02386900968849659,102,40,LAND,False
2026-08-31 13:51:39,-35.3632624,149.1652372,0.015,0.023881258442997932,102,40,LAND,False
2026-08-31 13:51:40,-35.3632624,149.1652372,0.015,0.023719245567917824,102,40,LAND,False
2026-08-31 13:51:40,-35.3632624,149.1652372,0.015,0.0238699521869421,102,40,LAND,False
2026-08-31 13:51:40,-35.3632624,149.1652372,0.015,0.02383272349834442,102,40,LAND,False
2026-08-31 13:51:41,-35.3632624,149.1652372,0.015,0.023698024451732635,102,40,LAND,False
2026-08-31 13:51:41,-35.3632624,149.1652372,0.015,0.023807238787412643,102,40,LAND,False
2026-08-31 13:51:42,-35.3632624,149.1652372,0.015,0.023488827049732208,102,40,LAND,False
2026-08-31 13:51:42,-35.3632624,149.1652372,0.015,0.02351357601583004,102,40,LAND,False
2026-08-31 13:51:42,-35.3632624,149.1652372,0.015,0.023417703807353973,102,40,LAND,False
2026-08-31 13:51:43,-35.3632624,149.1652372,0.015,0.023262742906808853,102,40,LAND,False
2026-08-31 13:51:43,-35.3632624,149.1652372,0.015,0.0234170313924551,102,40,LAND,False
2026-08-31 13:51:43,-35.3632624,149.1652372,0.015,0.023325566202402115,102,40,LAND,False
2026-08-31 13:51:44,-35.3632624,149.1652372,0.015,0.023236539214849472,102,40,LAND,False
2026-08-31 13:51:44,-35.3632624,149.1652372,0.015,0.023466894403100014,102,40,LAND,False
2026-08-31 13:51:45,-35.3632624,149.1652372,0.015,0.023538457229733467,102,40,LAND,False
2026-08-31 13:51:45,-35.3632624,149.1652372,0.015,0.02358200214803219,102,40,LAND,False
2026-08-31 13:51:45,-35.3632624,149.1652372,0.015,0.023653611540794373,102,40,LAND,False
2026-08-31 13:51:46,-35.3632624,149.1652372,0.015,0.023516502231359482,102,40,LAND,False
2026-08-31 13:51:46,-35.3632624,149.1652372,0.015,0.023815777152776718,102,40,LAND,False
2026-08-31 13:51:47,-35.3632624,149.1652372,0.015,0.023834453895688057,102,40,LAND,False
2026-08-31 13:51:47,-35.3632624,149.1652372,0.015,0.023651141673326492,102,40,LAND,False
2026-08-31 13:51:47,-35.3632624,149.1652372,0.015,0.023823007941246033,102,40,LAND,False
2026-08-31 13:51:48,-35.3632624,149.1652372,0.015,0.023509008809924126,102,40,LAND,False
2026-08-31 13:51:48,-35.3632624,149.1652372,0.015,0.023604415357112885,102,40,LAND,False
2026-08-31 13:51:48,-35.3632624,149.1652372,0.015,0.023670129477977753,102,40,LAND,False
2026-08-31 13:51:49,-35.3632624,149.1652372,0.015,0.02365926094353199,102,40,LAND,False
2026-08-31 13:51:49,-35.3632624,149.1652372,0.015,0.023843958973884583,102,40,LAND,False
2026-08-31 13:51:50,-35.3632624,149.1652372,0.015,0.02373562939465046,102,40,LAND,False
2026-08-31 13:51:50,-35.3632624,149.1652372,0.015,0.023928245529532433,102,40,LAND,False
2026-08-31 13:51:50,-35.3632624,149.1652372,0.015,0.02403382584452629,102,40,LAND,False
2026-08-31 13:51:51,-35.3632624,149.1652372,0.015,0.023914214223623276,102,40,LAND,False
2026-08-31 13:52:18,-35.3632624,149.1652372,0.015,0.023914214223623276,102,40,LAND,False
2026-08-31 13:52:19,-35.3632624,149.1652372,0.015,0.023501435294747353,102,40,LAND,False
2026-08-31 13:52:19,-35.3632624,149.1652372,0.015,0.02360764518380165,102,40,LAND,False
2026-08-31 13:52:19,-35.3632624,149.1652372,0.015,0.023385068401694298,102,40,LAND,False
2026-08-31 13:52:20,-35.3632624,149.1652372,0.015,0.0233223345130682,102,40,LAND,False
2026-08-31 13:52:20,-35.3632624,149.1652372,0.015,0.023699196055531502,102,40,LAND,False
2026-08-31 13:52:21,-35.3632624,149.1652372,0.015,0.02361101470887661,102,40,LAND,False
2026-08-31 13:52:21,-35.3632624,149.1652372,0.015,0.023781687021255493,102,40,LAND,False
2026-08-31 13:52:21,-35.3632624,149.1652372,0.015,0.023804588243365288,102,40,LAND,False
2026-08-31 13:52:22,-35.3632624,149.1652372,0.015,0.02366914413869381,102,40,LAND,False
2026-08-31 13:52:22,-35.3632624,149.1652372,0.015,0.023826733231544495,102,40,LAND,False
2026-08-31 13:52:22,-35.3632624,149.1652372,0.015,0.023680150508880615,102,40,LAND,False
2026-08-31 13:52:23,-35.3632624,149.1652372,0.015,0.023761002346873283,102,40,LAND,False
2026-08-31 13:52:23,-35.3632624,149.1652372,0.015,0.023951059207320213,102,40,LAND,False
2026-08-31 13:52:24,-35.3632624,149.1652372,0.015,0.023772770538926125,102,40,LAND,False
2026-08-31 13:52:24,-35.3632624,149.1652372,0.015,0.02388385497033596,102,40,LAND,False
2026-08-31 13:52:24,-35.3632624,149.1652372,0.015,0.02372116968035698,102,40,LAND,False
2026-08-31 13:52:25,-35.3632624,149.1652372,0.015,0.023668333888053894,102,40,LAND,False
2026-08-31 13:52:25,-35.3632624,149.1652372,0.015,0.023872461169958115,102,40,LAND,False
2026-08-31 13:52:26,-35.3632624,149.1652372,0.015,0.023549431934952736,102,40,LAND,False
2026-08-31 13:52:26,-35.3632624,149.1652372,0.016,0.02360992319881916,102,40,LAND,False
2026-08-31 13:52:26,-35.3632624,149.1652372,0.016,0.023897837847471237,102,40,LAND,False
2026-08-31 13:52:27,-35.3632624,149.1652372,0.016,0.023669103160500526,102,40,LAND,False
2026-08-31 13:52:27,-35.3632624,149.1652372,0.016,0.023842865601181984,102,40,LAND,False
2026-08-31 13:52:27,-35.3632624,149.1652372,0.016,0.023744089528918266,102,40,LAND,False
2026-08-31 13:52:28,-35.3632624,149.1652372,0.016,0.02360370382666588,102,40,LAND,False
2026-08-31 13:52:28,-35.3632624,149.1652372,0.016,0.023771021515130997,102,40,LAND,False
2026-08-31 13:52:29,-35.3632624,149.1652372,0.016,0.023535173386335373,102,40,LAND,False
2026-08-31 13:52:29,-35.3632624,149.1652372,0.016,0.023649010807275772,102,40,LAND,False
2026-08-31 13:52:29,-35.3632624,149.1652372,0.016,0.02368728071451187,102,40,LAND,False
2026-08-31 13:52:30,-35.3632624,149.1652372,0.016,0.023534532636404037,102,40,LAND,False
2026-08-31 13:52:30,-35.3632624,149.1652372,0.016,0.023842627182602882,102,40,LAND,False
2026-08-31 13:52:30,-35.3632624,149.1652372,0.015,0.0237264484167099,102,40,LAND,False
2026-08-31 13:52:31,-35.3632624,149.1652372,0.015,0.023658927530050278,102,40,LAND,False
2026-08-31 13:52:31,-35.3632624,149.1652372,0.015,0.023830750957131386,102,40,LAND,False
2026-08-31 13:52:32,-35.3632624,149.1652372,0.015,0.023449227213859558,102,40,LAND,False
2026-08-31 13:52:32,-35.3632624,149.1652372,0.015,0.023499758914113045,102,40,LAND,False
2026-08-31 13:52:32,-35.3632624,149.1652372,0.015,0.023762354627251625,102,40,LAND,False
2026-08-31 13:52:33,-35.3632624,149.1652372,0.015,0.023561861366033554,102,40,LAND,False
2026-08-31 13:52:33,-35.3632624,149.1652372,0.015,0.0235642921179533,102,40,LAND,False
2026-08-31 13:52:33,-35.3632624,149.1652372,0.015,0.023508088663220406,102,40,LAND,False
2026-08-31 13:52:34,-35.3632624,149.1652372,0.015,0.023305067792534828,102,40,LAND,False
2026-08-31 13:52:34,-35.3632624,149.1652372,0.015,0.02350486069917679,102,40,LAND,False
2026-08-31 13:52:35,-35.3632624,149.1652372,0.015,0.023320883512496948,102,40,LAND,False
2026-08-31 13:52:35,-35.3632624,149.1652372,0.015,0.023402877151966095,102,40,LAND,False
2026-08-31 13:52:35,-35.3632624,149.1652372,0.015,0.023568369448184967,102,40,LAND,False
2026-08-31 13:52:36,-35.3632624,149.1652372,0.015,0.023416336625814438,102,40,LAND,False
2026-08-31 13:52:36,-35.3632624,149.1652372,0.015,0.023670164868235588,102,40,LAND,False
2026-08-31 13:52:37,-35.3632624,149.1652372,0.015,0.023758817464113235,102,40,LAND,False
2026-08-31 13:52:37,-35.3632624,149.1652372,0.015,0.024030636996030807,102,40,LAND,False
2026-08-31 13:52:37,-35.3632624,149.1652372,0.015,0.02395903877913952,102,40,LAND,False
2026-08-31 13:52:38,-35.3632624,149.1652372,0.015,0.023803764954209328,102,40,LAND,False
2026-08-31 13:52:38,-35.3632624,149.1652372,0.015,0.023935679346323013,102,40,LAND,False
2026-08-31 13:52:38,-35.3632624,149.1652372,0.014,0.023803001269698143,102,40,LAND,False
2026-08-31 13:52:39,-35.3632624,149.1652372,0.014,0.02358868159353733,102,40,LAND,False
2026-08-31 13:52:39,-35.3632624,149.1652372,0.014,0.023330464959144592,102,40,LAND,False
2026-08-31 13:52:40,-35.3632624,149.1652372,0.014,0.02305055409669876,102,40,LAND,False
2026-08-31 13:52:40,-35.3632624,149.1652372,0.014,0.022661898285150528,102,40,LAND,False
2026-08-31 13:52:40,-35.3632624,149.1652372,0.014,0.02223602496087551,102,40,LAND,False
2026-08-31 13:52:41,-35.3632624,149.1652372,0.014,0.021587500348687172,102,40,LAND,False
2026-08-31 13:52:41,-35.3632624,149.1652372,0.014,0.021355589851737022,102,40,LAND,False
2026-08-31 13:52:41,-35.3632624,149.1652372,0.014,0.020982513204216957,102,40,LAND,False
2026-08-31 13:52:42,-35.3632624,149.1652372,0.014,0.020418504253029823,102,40,LAND,False
2026-08-31 13:52:42,-35.3632624,149.1652372,0.014,0.018955279141664505,102,40,LAND,False
2026-08-31 13:52:43,-35.3632624,149.1652372,0.014,0.018240349367260933,102,40,LAND,False
2026-08-31 13:52:43,-35.3632624,149.1652372,0.014,0.017214884981513023,102,40,LAND,False
2026-08-31 13:52:43,-35.3632624,149.1652372,0.014,0.016598813235759735,102,40,LAND,False
2026-08-31 13:52:44,-35.3632624,149.1652372,0.014,0.015270042233169079,102,40,LAND,False
2026-08-31 13:52:44,-35.3632624,149.1652372,0.015,0.014750960282981396,102,40,LAND,False
2026-08-31 13:52:45,-35.3632624,149.1652372,0.015,0.013567530550062656,102,40,LAND,False
2026-08-31 13:52:45,-35.3632624,149.1652372,0.015,0.01288384199142456,102,40,LAND,False
2026-08-31 13:52:45,-35.3632624,149.1652372,0.015,0.011794491671025753,102,40,LAND,False
2026-08-31 13:52:46,-35.3632624,149.1652371,0.015,0.011168704368174076,102,40,LAND,False
2026-08-31 13:52:46,-35.3632624,149.1652371,0.015,0.010044368915259838,102,40,LAND,False
2026-08-31 13:52:46,-35.3632624,149.1652371,0.015,0.009521172381937504,102,40,LAND,False
2026-08-31 13:52:47,-35.3632624,149.1652371,0.015,0.0083931228145957,102,40,LAND,False
2026-08-31 13:53:09,-35.3632625,149.1652369,0.015,0.007931871339678764,102,40,LAND,False
2026-08-31 13:53:09,-35.3632625,149.1652369,0.015,0.01704385131597519,103,40,LAND,False
2026-08-31 13:53:10,-35.3632625,149.1652369,0.015,0.017105823382735252,103,40,LAND,False
2026-08-31 13:53:10,-35.3632625,149.1652369,0.015,0.017253009602427483,103,40,LAND,False
2026-08-31 13:53:10,-35.3632625,149.1652369,0.015,0.017358722165226936,103,40,LAND,False
2026-08-31 13:53:11,-35.3632625,149.1652369,0.015,0.01736024208366871,103,40,LAND,False
2026-08-31 13:53:11,-35.3632625,149.1652369,0.015,0.017727266997098923,103,40,LAND,False
2026-08-31 13:53:12,-35.3632625,149.1652369,0.015,0.01766757108271122,103,40,LAND,False
2026-08-31 13:53:12,-35.3632625,149.1652369,0.015,0.018187571316957474,103,40,LAND,False
2026-08-31 13:53:13,-35.3632625,149.1652369,0.015,0.018201153725385666,103,40,LAND,False
2026-08-31 13:53:13,-35.3632625,149.1652369,0.015,0.018263427540659904,103,40,LAND,False
2026-08-31 13:53:13,-35.3632625,149.1652369,0.015,0.01848125085234642,103,40,LAND,False
2026-08-31 13:53:13,-35.3632625,149.1652369,0.015,0.018569329753518105,103,40,LAND,False
2026-08-31 13:53:14,-35.3632625,149.1652369,0.015,0.018627647310495377,103,40,LAND,False
2026-08-31 13:53:14,-35.3632625,149.1652369,0.015,0.019013237208127975,103,40,LAND,False
2026-08-31 13:53:15,-35.3632625,149.1652369,0.015,0.018917342647910118,103,40,LAND,False
2026-08-31 13:53:15,-35.3632625,149.1652369,0.015,0.01916658505797386,103,40,LAND,False
2026-08-31 13:53:15,-35.3632625,149.1652369,0.015,0.01915014162659645,103,40,LAND,False
2026-08-31 13:53:16,-35.3632625,149.1652369,0.015,0.019238706678152084,103,40,LAND,False
2026-08-31 13:53:16,-35.3632625,149.1652369,0.015,0.019253432750701904,103,40,LAND,False
2026-08-31 13:53:17,-35.3632625,149.1652369,0.015,0.019160553812980652,103,40,LAND,False
2026-08-31 13:53:17,-35.3632625,149.1652369,0.015,0.019238660112023354,103,40,LAND,False
2026-08-31 13:53:17,-35.3632625,149.1652369,0.015,0.01934663951396942,103,40,LAND,False
2026-08-31 13:53:18,-35.3632625,149.1652369,0.015,0.01947430521249771,103,40,LAND,False
2026-08-31 13:53:18,-35.3632625,149.1652369,0.015,0.01989787630736828,103,40,LAND,False
2026-08-31 13:53:18,-35.3632625,149.1652369,0.015,0.02008461393415928,103,40,LAND,False
2026-08-31 13:53:19,-35.3632625,149.1652369,0.015,0.02013211138546467,103,40,LAND,False
2026-08-31 13:53:19,-35.3632625,149.1652369,0.015,0.020298998802900314,103,40,LAND,False
2026-08-31 13:53:20,-35.3632625,149.1652369,0.015,0.020258812233805656,103,40,LAND,False
2026-08-31 13:53:20,-35.3632625,149.1652369,0.015,0.020252153277397156,103,40,LAND,False
2026-08-31 13:53:20,-35.3632625,149.1652369,0.015,0.020551277324557304,103,40,LAND,False
2026-08-31 13:53:21,-35.3632625,149.1652369,0.015,0.020417584106326103,103,40,LAND,False
2026-08-31 13:53:21,-35.3632625,149.1652369,0.015,0.020700927823781967,103,40,LAND,False
2026-08-31 13:53:21,-35.3632625,149.1652369,0.015,0.02083846554160118,103,40,LAND,False
2026-08-31 13:53:22,-35.3632625,149.1652369,0.015,0.020619984716176987,103,40,LAND,False
2026-08-31 13:53:22,-35.3632625,149.1652369,0.015,0.020826105028390884,103,40,LAND,False
2026-08-31 13:53:23,-35.3632625,149.1652369,0.015,0.020610172301530838,103,40,LAND,False
2026-08-31 13:53:23,-35.3632625,149.1652369,0.015,0.02077820897102356,103,40,LAND,False
2026-08-31 13:53:23,-35.3632625,149.1652369,0.015,0.021021747961640358,103,40,LAND,False
2026-08-31 13:53:24,-35.3632625,149.1652369,0.015,0.020902138203382492,103,40,LAND,False
2026-08-31 13:53:24,-35.3632625,149.1652369,0.015,0.021163122728466988,103,40,LAND,False
2026-08-31 13:53:24,-35.3632625,149.1652369,0.015,0.021159702911973,103,40,LAND,False
2026-08-31 13:53:25,-35.3632625,149.1652369,0.015,0.021066967397928238,103,40,LAND,False
2026-08-31 13:53:25,-35.3632625,149.1652369,0.015,0.021189359948039055,103,40,LAND,False
2026-08-31 13:53:26,-35.3632625,149.1652369,0.015,0.021149564534425735,103,40,LAND,False
2026-08-31 13:53:26,-35.3632625,149.1652369,0.015,0.021195676177740097,103,40,LAND,False
2026-08-31 13:53:26,-35.3632625,149.1652369,0.015,0.021295398473739624,103,40,LAND,False
2026-08-31 13:53:27,-35.3632625,149.1652369,0.015,0.02117057889699936,103,40,LAND,False
2026-08-31 13:53:27,-35.3632625,149.1652369,0.015,0.021618613973259926,103,40,LAND,False
2026-08-31 13:53:28,-35.3632625,149.1652369,0.015,0.021483419463038445,103,40,LAND,False
2026-08-31 13:53:28,-35.3632625,149.1652369,0.015,0.02142106555402279,103,40,LAND,False
2026-08-31 13:53:28,-35.3632625,149.1652369,0.015,0.02163027971982956,103,40,LAND,False
2026-08-31 13:53:29,-35.3632625,149.1652369,0.015,0.021680457517504692,103,40,LAND,False
2026-08-31 13:53:29,-35.3632625,149.1652369,0.015,0.021759746596217155,103,40,LAND,False
2026-08-31 13:53:29,-35.3632625,149.1652369,0.015,0.021951599046587944,103,40,LAND,False
2026-08-31 13:53:30,-35.3632625,149.1652369,0.015,0.021866602823138237,103,40,LAND,False
2026-08-31 13:53:30,-35.3632625,149.1652369,0.015,0.02211129479110241,104,40,LAND,False
2026-08-31 13:53:31,-35.3632625,149.1652369,0.015,0.022098299115896225,104,40,LAND,False
2026-08-31 13:53:31,-35.3632625,149.1652369,0.015,0.022096708416938782,104,40,LAND,False
2026-08-31 13:53:32,-35.3632625,149.1652369,0.015,0.02199145406484604,104,40,LAND,False
2026-08-31 13:53:32,-35.3632625,149.1652369,0.015,0.021920546889305115,104,40,LAND,False
2026-08-31 13:53:32,-35.3632625,149.1652369,0.015,0.022106636315584183,104,40,LAND,False
2026-08-31 13:53:33,-35.3632625,149.1652369,0.015,0.021906021982431412,104,40,LAND,False
2026-08-31 13:53:33,-35.3632625,149.1652369,0.015,0.021932311356067657,104,40,LAND,False
2026-08-31 13:53:33,-35.3632625,149.1652369,0.015,0.0221452284604311,104,40,LAND,False
2026-08-31 13:53:34,-35.3632625,149.1652369,0.015,0.022090310230851173,104,40,LAND,False
2026-08-31 13:53:34,-35.3632625,149.1652369,0.015,0.022347386926412582,104,40,LAND,False
2026-08-31 13:53:35,-35.3632625,149.1652369,0.015,0.022430840879678726,104,40,LAND,False
2026-08-31 13:53:35,-35.3632625,149.1652369,0.015,0.022408928722143173,104,40,LAND,False
2026-08-31 13:53:35,-35.3632625,149.1652369,0.015,0.02253280207514763,104,40,LAND,False
2026-08-31 13:53:36,-35.3632625,149.1652369,0.015,0.022440005093812943,104,40,LAND,False
2026-08-31 13:53:36,-35.3632625,149.1652369,0.015,0.02253243513405323,104,40,LAND,False
2026-08-31 13:53:36,-35.3632625,149.1652369,0.015,0.022706288844347,104,40,LAND,False
2026-08-31 13:53:37,-35.3632625,149.1652369,0.015,0.022559799253940582,104,40,LAND,False
2026-08-31 13:53:37,-35.3632625,149.1652369,0.015,0.022470729425549507,104,40,LAND,False
2026-08-31 13:53:38,-35.3632625,149.1652369,0.015,0.02238452062010765,104,40,LAND,False
2026-08-31 13:53:38,-35.3632625,149.1652369,0.015,0.0225085336714983,104,40,LAND,False
2026-08-31 13:53:38,-35.3632625,149.1652369,0.015,0.022500772029161453,104,40,LAND,False
2026-08-31 13:53:39,-35.3632625,149.1652369,0.015,0.022610077634453773,104,40,LAND,False
2026-08-31 13:53:39,-35.3632625,149.1652369,0.015,0.02286924049258232,104,40,LAND,False
2026-08-31 13:53:40,-35.3632625,149.1652369,0.015,0.022702129557728767,104,40,LAND,False
2026-08-31 13:53:40,-35.3632625,149.1652369,0.014,0.022732442244887352,104,40,LAND,False
2026-08-31 13:53:40,-35.3632625,149.1652369,0.014,0.02296859584748745,104,40,LAND,False
2026-08-31 13:53:41,-35.3632625,149.1652369,0.014,0.022761981934309006,104,40,LAND,False
2026-08-31 13:53:41,-35.3632625,149.1652369,0.014,0.022905051708221436,104,40,LAND,False
2026-08-31 13:53:42,-35.3632625,149.1652369,0.014,0.02290262095630169,104,40,LAND,False
2026-08-31 13:53:42,-35.3632625,149.1652369,0.014,0.022703247144818306,104,40,LAND,False
2026-08-31 13:53:42,-35.3632625,149.1652369,0.014,0.02291685901582241,104,40,LAND,False
2026-08-31 13:53:43,-35.3632625,149.1652369,0.014,0.02259356714785099,104,40,LAND,False
2026-08-31 13:53:43,-35.3632625,149.1652369,0.014,0.02275748737156391,104,40,LAND,False
2026-08-31 13:53:44,-35.3632625,149.1652369,0.014,0.022899024188518524,104,40,LAND,False
2026-08-31 13:53:45,-35.3632625,149.1652369,0.014,0.02321976236999035,104,40,LAND,False
2026-08-31 13:53:45,-35.3632625,149.1652369,0.014,0.023164670914411545,104,40,LAND,False
2026-08-31 13:53:46,-35.3632625,149.1652369,0.015,0.023232154548168182,104,40,LAND,False
2026-08-31 13:53:46,-35.3632625,149.1652369,0.015,0.023244960233569145,104,40,LAND,False
2026-08-31 13:53:46,-35.3632625,149.1652369,0.015,0.023235701024532318,104,40,LAND,False
2026-08-31 13:53:47,-35.3632625,149.1652369,0.015,0.023447345942258835,104,40,LAND,False
2026-08-31 13:53:47,-35.3632625,149.1652369,0.015,0.023266181349754333,104,40,LAND,False
2026-08-31 13:53:48,-35.3632625,149.1652369,0.015,0.023411374539136887,104,40,LAND,False
2026-08-31 13:53:48,-35.3632625,149.1652369,0.015,0.02310902625322342,104,40,LAND,False
2026-08-31 13:53:49,-35.3632625,149.1652369,0.015,0.02319778874516487,104,40,LAND,False
2026-08-31 13:53:49,-35.3632625,149.1652369,0.015,0.023221513256430626,104,40,LAND,False
2026-08-31 13:53:49,-35.3632625,149.1652369,0.015,0.023246681317687035,104,40,LAND,False
2026-08-31 13:53:50,-35.3632625,149.1652369,0.015,0.023443007841706276,104,40,LAND,False
2026-08-31 13:53:50,-35.3632625,149.1652369,0.015,0.023387819528579712,104,40,LAND,False
2026-08-31 13:53:50,-35.3632625,149.1652369,0.015,0.02356112189590931,104,40,LAND,False
2026-08-31 13:53:51,-35.3632625,149.1652369,0.015,0.023386431857943535,104,40,LAND,False
2026-08-31 13:53:51,-35.3632625,149.1652369,0.015,0.02358006127178669,104,40,LAND,False
2026-08-31 13:53:52,-35.3632625,149.1652369,0.015,0.023472849279642105,104,40,LAND,False
2026-08-31 13:53:52,-35.3632625,149.1652369,0.015,0.0232231467962265,104,40,LAND,False
2026-08-31 13:53:52,-35.3632625,149.1652369,0.015,0.023387597873806953,104,40,LAND,False
2026-08-31 13:53:53,-35.3632625,149.1652369,0.015,0.023353634402155876,104,40,LAND,False
2026-08-31 13:53:53,-35.3632625,149.1652369,0.015,0.02343224734067917,104,40,LAND,False
2026-08-31 13:53:54,-35.3632625,149.1652369,0.015,0.023527342826128006,104,40,LAND,False
2026-08-31 13:53:54,-35.3632625,149.1652369,0.015,0.023397749289870262,104,40,LAND,False
2026-08-31 13:53:55,-35.3632625,149.1652369,0.015,0.023494720458984375,104,40,LAND,False
2026-08-31 13:53:55,-35.3632625,149.1652369,0.015,0.02342185378074646,104,40,LAND,False
2026-08-31 13:53:55,-35.3632625,149.1652369,0.015,0.02365834452211857,104,40,LAND,False
2026-08-31 13:53:55,-35.3632625,149.1652369,0.015,0.02374563179910183,104,40,LAND,False
2026-08-31 13:53:56,-35.3632625,149.1652369,0.015,0.0236078891903162,104,40,LAND,False
2026-08-31 13:53:56,-35.3632625,149.1652369,0.015,0.0236505214124918,104,40,LAND,False
2026-08-31 13:53:57,-35.3632625,149.1652369,0.015,0.023512721061706543,104,40,LAND,False
2026-08-31 13:53:57,-35.3632625,149.1652369,0.015,0.023528123274445534,104,40,LAND,False
2026-08-31 13:53:57,-35.3632625,149.1652369,0.015,0.023737849667668343,104,40,LAND,False
2026-08-31 13:53:58,-35.3632625,149.1652369,0.015,0.023394836112856865,104,40,LAND,False
2026-08-31 13:53:58,-35.3632625,149.1652369,0.015,0.02360699325799942,104,40,LAND,False
2026-08-31 13:53:59,-35.3632625,149.1652369,0.015,0.02350272238254547,104,40,LAND,False
2026-08-31 13:53:59,-35.3632625,149.1652369,0.015,0.02352835424244404,104,40,LAND,False
2026-08-31 13:53:59,-35.3632625,149.1652369,0.015,0.02374650537967682,104,40,LAND,False
2026-08-31 13:54:00,-35.3632625,149.1652369,0.015,0.023471370339393616,104,40,LAND,False
2026-08-31 13:54:00,-35.3632625,149.1652369,0.015,0.023574216291308403,104,40,LAND,False
2026-08-31 13:54:00,-35.3632625,149.1652369,0.015,0.023717178031802177,104,40,LAND,False
2026-08-31 13:54:01,-35.3632625,149.1652369,0.015,0.023456549271941185,104,40,LAND,False
2026-08-31 13:54:01,-35.3632625,149.1652369,0.015,0.023397104814648628,104,40,LAND,False
2026-08-31 13:54:02,-35.3632625,149.1652369,0.015,0.02332063391804695,104,40,LAND,False
2026-08-31 13:54:02,-35.3632625,149.1652369,0.015,0.02312191016972065,104,40,LAND,False
2026-08-31 13:54:02,-35.3632625,149.1652369,0.015,0.023234277963638306,104,40,LAND,False
2026-08-31 13:54:03,-35.3632625,149.1652369,0.015,0.023122837767004967,104,40,LAND,False
2026-08-31 13:54:03,-35.3632625,149.1652369,0.015,0.023130128160119057,104,40,LAND,False
2026-08-31 13:54:03,-35.3632625,149.1652369,0.015,0.023216526955366135,104,40,LAND,False
2026-08-31 13:54:04,-35.3632625,149.1652369,0.015,0.022946907207369804,104,40,LAND,False
2026-08-31 13:54:04,-35.3632625,149.1652369,0.015,0.023193007335066795,104,40,LAND,False
2026-08-31 13:54:05,-35.3632625,149.1652369,0.015,0.02316262014210224,104,40,LAND,False
2026-08-31 13:54:05,-35.3632625,149.1652369,0.015,0.023314226418733597,104,40,LAND,False
2026-08-31 13:54:05,-35.3632625,149.1652369,0.015,0.023377390578389168,104,40,LAND,False
2026-08-31 13:54:06,-35.3632625,149.1652369,0.015,0.023384662345051765,104,40,LAND,False
2026-08-31 13:54:06,-35.3632625,149.1652369,0.015,0.0236230306327343,104,40,LAND,False
2026-08-31 13:54:06,-35.3632625,149.1652369,0.015,0.023673487827181816,104,40,LAND,False
2026-08-31 13:54:07,-35.3632625,149.1652369,0.015,0.023571154102683067,104,40,LAND,False
2026-08-31 13:54:07,-35.3632625,149.1652369,0.015,0.02370454929769039,104,40,LAND,False
2026-08-31 13:54:08,-35.3632625,149.1652369,0.015,0.023631170392036438,104,40,LAND,False
2026-08-31 13:54:08,-35.3632625,149.1652369,0.015,0.023699352517724037,104,40,LAND,False
2026-08-31 13:54:08,-35.3632625,149.1652369,0.015,0.02349621057510376,104,40,LAND,False
2026-08-31 13:54:09,-35.3632625,149.1652369,0.015,0.0233534537255764,104,40,LAND,False
2026-08-31 13:54:09,-35.3632625,149.1652369,0.015,0.023589394986629486,104,40,LAND,False
2026-08-31 13:54:10,-35.3632625,149.1652369,0.015,0.02343524619936943,104,40,LAND,False
2026-08-31 13:54:10,-35.3632625,149.1652369,0.015,0.023490693420171738,104,40,LAND,False
2026-08-31 13:54:10,-35.3632625,149.1652369,0.015,0.02373901568353176,104,40,LAND,False
2026-08-31 13:54:11,-35.3632625,149.1652369,0.015,0.02349795214831829,104,40,LAND,False
2026-08-31 13:54:11,-35.3632625,149.1652369,0.015,0.02371777966618538,104,40,LAND,False
2026-08-31 13:54:12,-35.3632625,149.1652369,0.015,0.023642802610993385,104,40,LAND,False
2026-08-31 13:54:12,-35.3632625,149.1652369,0.015,0.02341175451874733,104,40,LAND,False
2026-08-31 13:54:12,-35.3632625,149.1652369,0.015,0.023630719631910324,104,40,LAND,False
2026-08-31 13:54:13,-35.3632625,149.1652369,0.015,0.023351220414042473,104,40,LAND,False
2026-08-31 13:54:13,-35.3632625,149.1652369,0.015,0.0234163086861372,104,40,LAND,False
2026-08-31 13:54:13,-35.3632625,149.1652369,0.015,0.02339882031083107,104,40,LAND,False
2026-08-31 13:54:14,-35.3632625,149.1652369,0.015,0.02335592731833458,104,40,LAND,False
2026-08-31 13:54:14,-35.3632625,149.1652369,0.015,0.023622719570994377,105,40,LAND,False
2026-08-31 13:54:15,-35.3632625,149.1652369,0.015,0.023534895852208138,105,40,LAND,False
2026-08-31 13:54:15,-35.3632625,149.1652369,0.015,0.023753486573696136,105,40,LAND,False
2026-08-31 13:54:16,-35.3632625,149.1652369,0.015,0.02363741770386696,105,40,LAND,False
2026-08-31 13:54:16,-35.3632625,149.1652369,0.015,0.023509357124567032,105,40,LAND,False
2026-08-31 13:54:16,-35.3632625,149.1652369,0.015,0.023720785975456238,105,40,LAND,False
2026-08-31 13:54:17,-35.3632625,149.1652369,0.015,0.02371775358915329,105,40,LAND,False
2026-08-31 13:54:17,-35.3632625,149.1652369,0.015,0.023562369868159294,105,40,LAND,False
2026-08-31 13:54:17,-35.3632625,149.1652369,0.015,0.023562369868159294,105,40,LAND,False
2026-08-31 13:54:17,-35.3632625,149.1652369,0.015,0.023708531633019447,105,40,LAND,False
2026-08-31 13:54:18,-35.3632625,149.1652369,0.015,0.02354673109948635,105,40,LAND,False
2026-08-31 13:54:18,-35.3632625,149.1652369,0.015,0.02362619712948799,105,40,LAND,False
2026-08-31 13:54:19,-35.3632625,149.1652369,0.015,0.023366382345557213,105,40,LAND,False
2026-08-31 13:54:19,-35.3632625,149.1652369,0.015,0.023395663127303123,105,40,LAND,False
2026-08-31 13:54:19,-35.3632625,149.1652369,0.015,0.023713458329439163,105,40,LAND,False
2026-08-31 13:54:20,-35.3632625,149.1652369,0.015,0.023596536368131638,105,40,LAND,False
2026-08-31 13:54:20,-35.3632625,149.1652369,0.015,0.02373846434056759,105,40,LAND,False
2026-08-31 13:54:20,-35.3632625,149.1652369,0.015,0.0237873587757349,105,40,LAND,False
2026-08-31 13:54:21,-35.3632625,149.1652369,0.015,0.023801665753126144,105,40,LAND,False
2026-08-31 13:54:21,-35.3632625,149.1652369,0.015,0.023966534063220024,105,40,LAND,False
2026-08-31 13:54:22,-35.3632625,149.1652369,0.015,0.023953193798661232,105,40,LAND,False
2026-08-31 13:54:22,-35.3632625,149.1652369,0.015,0.023815659806132317,105,40,LAND,False
2026-08-31 13:54:22,-35.3632625,149.1652369,0.015,0.023973992094397545,105,40,LAND,False
2026-08-31 13:54:23,-35.3632625,149.1652369,0.015,0.02378181926906109,105,40,LAND,False
2026-08-31 13:54:23,-35.3632625,149.1652369,0.014,0.023790225386619568,105,40,LAND,False
2026-08-31 13:54:23,-35.3632625,149.1652369,0.014,0.02395220845937729,105,40,LAND,False
2026-08-31 13:54:24,-35.3632625,149.1652369,0.014,0.023720666766166687,105,40,LAND,False
2026-08-31 13:54:24,-35.3632625,149.1652369,0.014,0.02358831837773323,105,40,LAND,False
2026-08-31 13:54:25,-35.3632625,149.1652369,0.014,0.023448502644896507,105,40,LAND,False
2026-08-31 13:54:25,-35.3632625,149.1652369,0.014,0.0235946923494339,105,40,LAND,False
2026-08-31 13:54:25,-35.3632625,149.1652369,0.014,0.023510567843914032,105,40,LAND,False
2026-08-31 13:54:26,-35.3632625,149.1652369,0.014,0.023294620215892792,105,40,LAND,False
2026-08-31 13:54:26,-35.3632625,149.1652369,0.014,0.023465510457754135,105,40,LAND,False
2026-08-31 13:54:27,-35.3632625,149.1652369,0.014,0.023467551916837692,105,40,LAND,False
2026-08-31 13:54:27,-35.3632625,149.1652369,0.014,0.023476894944906235,105,40,LAND,False
2026-08-31 13:54:27,-35.3632625,149.1652369,0.014,0.02360115759074688,105,40,LAND,False
2026-08-31 13:54:28,-35.3632625,149.1652369,0.014,0.023489579558372498,105,40,LAND,False
2026-08-31 13:54:28,-35.3632625,149.1652369,0.014,0.023687655106186867,105,40,LAND,False
2026-08-31 13:54:28,-35.3632625,149.1652369,0.015,0.023757150396704674,105,40,LAND,False
2026-08-31 13:54:29,-35.3632625,149.1652369,0.015,0.023659706115722656,105,40,LAND,False
2026-08-31 13:54:29,-35.3632625,149.1652369,0.015,0.023824864998459816,105,40,LAND,False
2026-08-31 13:54:30,-35.3632625,149.1652369,0.015,0.02369593270123005,105,40,LAND,False
2026-08-31 13:54:30,-35.3632625,149.1652369,0.015,0.02376554347574711,105,40,LAND,False
2026-08-31 13:54:30,-35.3632625,149.1652369,0.015,0.02389022335410118,105,40,LAND,False
2026-08-31 13:54:31,-35.3632625,149.1652369,0.015,0.023762302473187447,105,40,LAND,False
2026-08-31 13:54:31,-35.3632625,149.1652369,0.015,0.02408270724117756,105,40,LAND,False
2026-08-31 13:54:32,-35.3632625,149.1652369,0.015,0.024124138057231903,105,40,LAND,False
2026-08-31 13:54:32,-35.3632625,149.1652369,0.015,0.023899896070361137,105,40,LAND,False
2026-08-31 13:54:32,-35.3632625,149.1652369,0.015,0.023987194523215294,105,40,LAND,False
2026-08-31 13:54:33,-35.3632625,149.1652369,0.015,0.023729637265205383,105,40,LAND,False
2026-08-31 13:54:33,-35.3632625,149.1652369,0.015,0.02379721589386463,105,40,LAND,False
2026-08-31 13:54:33,-35.3632625,149.1652369,0.015,0.023781709372997284,105,40,LAND,False
2026-08-31 13:54:34,-35.3632625,149.1652369,0.015,0.023638686165213585,105,40,LAND,False
2026-08-31 13:54:34,-35.3632625,149.1652369,0.015,0.023937659338116646,105,40,LAND,False
2026-08-31 13:54:35,-35.3632625,149.1652369,0.015,0.023827310651540756,105,40,LAND,False
2026-08-31 13:54:35,-35.3632625,149.1652369,0.015,0.023939041420817375,105,40,LAND,False
2026-08-31 13:54:35,-35.3632625,149.1652369,0.015,0.023720255121588707,105,40,LAND,False
2026-08-31 13:54:36,-35.3632625,149.1652369,0.015,0.023575548082590103,105,40,LAND,False
2026-08-31 13:54:36,-35.3632625,149.1652369,0.015,0.023690957576036453,105,40,LAND,False
2026-08-31 13:54:37,-35.3632625,149.1652369,0.015,0.023540813475847244,105,40,LAND,False
2026-08-31 13:54:37,-35.3632625,149.1652369,0.015,0.023691194131970406,105,40,LAND,False
2026-08-31 13:54:37,-35.3632625,149.1652369,0.015,0.023882774636149406,105,40,LAND,False
2026-08-31 13:54:38,-35.3632625,149.1652369,0.015,0.02381548285484314,105,40,LAND,False
2026-08-31 13:54:38,-35.3632625,149.1652369,0.015,0.023893484845757484,105,40,LAND,False
2026-08-31 13:54:38,-35.3632625,149.1652369,0.015,0.023940088227391243,105,40,LAND,False
2026-08-31 13:54:39,-35.3632625,149.1652369,0.015,0.023927202448248863,105,40,LAND,False
2026-08-31 13:54:39,-35.3632625,149.1652369,0.015,0.023979580029845238,105,40,LAND,False
2026-08-31 13:54:40,-35.3632625,149.1652369,0.015,0.023647211492061615,105,40,LAND,False
2026-08-31 13:54:40,-35.3632625,149.1652369,0.015,0.023666948080062866,105,40,LAND,False
2026-08-31 13:54:40,-35.3632625,149.1652369,0.015,0.023772884160280228,105,40,LAND,False
2026-08-31 13:54:41,-35.3632625,149.1652369,0.015,0.023726535961031914,105,40,LAND,False
2026-08-31 13:54:41,-35.3632625,149.1652369,0.015,0.023997846990823746,105,40,LAND,False
2026-08-31 13:54:41,-35.3632625,149.1652369,0.015,0.023954050615429878,105,40,LAND,False
2026-08-31 13:54:42,-35.3632625,149.1652369,0.015,0.0239420048892498,105,40,LAND,False
2026-08-31 13:54:42,-35.3632625,149.1652369,0.015,0.024010147899389267,105,40,LAND,False
2026-08-31 13:54:43,-35.3632625,149.1652369,0.015,0.02365730330348015,105,40,LAND,False
2026-08-31 13:54:43,-35.3632625,149.1652369,0.015,0.023697758093476295,105,40,LAND,False
2026-08-31 13:54:43,-35.3632625,149.1652369,0.015,0.023865116760134697,105,40,LAND,False
2026-08-31 13:54:44,-35.3632625,149.1652369,0.015,0.02380775660276413,105,40,LAND,False
2026-08-31 13:54:44,-35.3632625,149.1652369,0.015,0.024021565914154053,105,40,LAND,False
2026-08-31 13:54:45,-35.3632625,149.1652369,0.015,0.024003956466913223,105,40,LAND,False
2026-08-31 13:54:45,-35.3632625,149.1652369,0.015,0.023926688358187675,105,40,LAND,False
2026-08-31 13:54:45,-35.3632625,149.1652369,0.015,0.023966889828443527,105,40,LAND,False
2026-08-31 13:54:46,-35.3632625,149.1652369,0.015,0.023709751665592194,105,40,LAND,False
2026-08-31 13:54:46,-35.3632625,149.1652369,0.015,0.023842232301831245,105,40,LAND,False
2026-08-31 13:54:46,-35.3632625,149.1652369,0.015,0.024240773171186447,105,40,LAND,False
2026-08-31 13:54:47,-35.3632625,149.1652369,0.015,0.024072447791695595,105,40,LAND,False
2026-08-31 13:54:47,-35.3632625,149.1652369,0.015,0.02414022944867611,105,40,LAND,False
2026-08-31 13:54:48,-35.3632625,149.1652369,0.015,0.024057842791080475,105,40,LAND,False
2026-08-31 13:54:48,-35.3632625,149.1652369,0.015,0.023995788767933846,105,40,LAND,False
2026-08-31 13:54:48,-35.3632625,149.1652369,0.015,0.02407918870449066,105,40,LAND,False
2026-08-31 13:54:49,-35.3632625,149.1652369,0.015,0.023807715624570847,105,40,LAND,False
2026-08-31 13:54:49,-35.3632625,149.1652369,0.015,0.02374892495572567,105,40,LAND,False
2026-08-31 13:54:49,-35.3632625,149.1652369,0.015,0.023894449695944786,105,40,LAND,False
2026-08-31 13:54:50,-35.3632625,149.1652369,0.015,0.023523619398474693,105,40,LAND,False
2026-08-31 13:54:50,-35.3632625,149.1652369,0.015,0.0237276591360569,105,40,LAND,False
2026-08-31 13:54:51,-35.3632625,149.1652369,0.015,0.02351316809654236,105,40,LAND,False
2026-08-31 13:54:51,-35.3632625,149.1652369,0.015,0.023612087592482567,105,40,LAND,False
2026-08-31 13:54:52,-35.3632625,149.1652369,0.015,0.023612087592482567,105,40,LAND,False
2026-08-31 13:54:52,-35.3632625,149.1652369,0.015,0.023511994630098343,105,40,LAND,False
2026-08-31 13:54:52,-35.3632625,149.1652369,0.015,0.023755043745040894,105,40,LAND,False
2026-08-31 13:54:52,-35.3632625,149.1652369,0.015,0.02373606339097023,105,40,LAND,False
2026-08-31 13:54:53,-35.3632625,149.1652369,0.015,0.023580480366945267,105,40,LAND,False
2026-08-31 13:54:53,-35.3632625,149.1652369,0.015,0.023793993517756462,105,40,LAND,False
2026-08-31 13:54:54,-35.3632625,149.1652369,0.015,0.02365458570420742,105,40,LAND,False
2026-08-31 13:54:54,-35.3632625,149.1652369,0.015,0.023937374353408813,105,40,LAND,False
2026-08-31 13:54:54,-35.3632625,149.1652369,0.015,0.023666763678193092,105,40,LAND,False
2026-08-31 13:54:55,-35.3632625,149.1652369,0.015,0.023450320586562157,105,40,LAND,False
2026-08-31 13:54:55,-35.3632625,149.1652369,0.015,0.02361634001135826,105,40,LAND,False
2026-08-31 13:54:56,-35.3632625,149.1652369,0.015,0.02359887585043907,105,40,LAND,False
2026-08-31 13:54:56,-35.3632625,149.1652369,0.015,0.023818057030439377,105,40,LAND,False
2026-08-31 13:54:57,-35.3632625,149.1652369,0.015,0.02369024232029915,105,40,LAND,False
2026-08-31 13:54:57,-35.3632625,149.1652369,0.015,0.02369024232029915,105,40,LAND,False
2026-08-31 13:54:57,-35.3632625,149.1652369,0.015,0.023816900327801704,105,40,LAND,False
2026-08-31 13:54:57,-35.3632625,149.1652369,0.015,0.023680849000811577,105,40,LAND,False
2026-08-31 13:54:58,-35.3632625,149.1652369,0.015,0.023793714120984077,105,40,LAND,False
2026-08-31 13:54:58,-35.3632625,149.1652369,0.015,0.023862281814217567,105,40,LAND,False
2026-08-31 13:54:59,-35.3632625,149.1652369,0.015,0.023615552112460136,105,40,LAND,False
2026-08-31 13:54:59,-35.3632625,149.1652369,0.015,0.02363467775285244,105,40,LAND,False
2026-08-31 13:54:59,-35.3632625,149.1652369,0.015,0.02384963072836399,105,40,LAND,False
2026-08-31 13:55:00,-35.3632625,149.1652369,0.015,0.02377278544008732,105,40,LAND,False
2026-08-31 13:55:00,-35.3632625,149.1652369,0.015,0.023943666368722916,105,40,LAND,False
2026-08-31 13:55:00,-35.3632625,149.1652369,0.015,0.02369457669556141,105,40,LAND,False
2026-08-31 13:55:01,-35.3632625,149.1652369,0.015,0.023696169257164,105,40,LAND,False
2026-08-31 13:55:01,-35.3632625,149.1652369,0.015,0.023954713717103004,105,40,LAND,False
2026-08-31 13:55:02,-35.3632625,149.1652369,0.015,0.02379721775650978,105,40,LAND,False
2026-08-31 13:55:02,-35.3632625,149.1652369,0.015,0.023886671289801598,105,40,LAND,False
2026-08-31 13:55:03,-35.3632625,149.1652369,0.015,0.024089980870485306,105,40,LAND,False
2026-08-31 13:55:03,-35.3632625,149.1652369,0.015,0.02397049218416214,105,40,LAND,False
2026-08-31 13:55:03,-35.3632625,149.1652369,0.015,0.024018261581659317,105,40,LAND,False
2026-08-31 13:55:04,-35.3632625,149.1652369,0.015,0.02396261692047119,105,40,LAND,False
2026-08-31 13:55:04,-35.3632625,149.1652369,0.015,0.02372618392109871,105,40,LAND,False
2026-08-31 13:55:04,-35.3632625,149.1652369,0.015,0.023808499798178673,105,40,LAND,False
2026-08-31 13:55:05,-35.3632625,149.1652369,0.015,0.02366696298122406,105,40,LAND,False
2026-08-31 13:55:05,-35.3632625,149.1652369,0.015,0.023616496473550797,105,40,LAND,False
2026-08-31 13:55:05,-35.3632625,149.1652369,0.015,0.023757454007864,105,40,LAND,False
2026-08-31 13:55:06,-35.3632625,149.1652369,0.015,0.02359512634575367,105,40,LAND,False
2026-08-31 13:55:06,-35.3632625,149.1652369,0.015,0.02364562451839447,105,40,LAND,False
2026-08-31 13:55:07,-35.3632625,149.1652369,0.015,0.023478487506508827,105,40,LAND,False
2026-08-31 13:55:07,-35.3632625,149.1652369,0.015,0.02342497929930687,105,40,LAND,False
2026-08-31 13:55:07,-35.3632625,149.1652369,0.015,0.023549968376755714,105,40,LAND,False
2026-08-31 13:55:08,-35.3632625,149.1652369,0.015,0.023332873359322548,105,40,LAND,False
2026-08-31 13:55:08,-35.3632625,149.1652369,0.015,0.023310109972953796,105,40,LAND,False
2026-08-31 13:55:08,-35.3632625,149.1652369,0.015,0.023426827043294907,105,40,LAND,False
2026-08-31 13:55:09,-35.3632625,149.1652369,0.015,0.023228919133543968,105,40,LAND,False
2026-08-31 13:55:09,-35.3632625,149.1652369,0.015,0.023370938375592232,105,40,LAND,False
2026-08-31 13:55:10,-35.3632625,149.1652369,0.015,0.02328174002468586,105,40,LAND,False
2026-08-31 13:55:10,-35.3632625,149.1652369,0.015,0.023479308933019638,105,40,LAND,False
2026-08-31 13:55:10,-35.3632625,149.1652369,0.015,0.023479308933019638,105,40,LAND,False
2026-08-31 13:55:11,-35.3632625,149.1652369,0.015,0.023178042843937874,105,40,LAND,False
2026-08-31 13:55:11,-35.3632625,149.1652369,0.015,0.02327236719429493,105,40,LAND,False
2026-08-31 13:55:11,-35.3632625,149.1652369,0.015,0.023249845951795578,105,40,LAND,False
2026-08-31 13:55:12,-35.3632625,149.1652369,0.015,0.023276586085557938,105,40,LAND,False
2026-08-31 13:55:12,-35.3632625,149.1652369,0.015,0.02340005338191986,105,40,LAND,False
2026-08-31 13:55:13,-35.3632625,149.1652369,0.015,0.023363295942544937,105,40,LAND,False
2026-08-31 13:55:13,-35.3632625,149.1652369,0.015,0.023517435416579247,105,40,LAND,False
2026-08-31 13:55:14,-35.3632625,149.1652369,0.015,0.023570725694298744,105,40,LAND,False
2026-08-31 13:55:14,-35.3632625,149.1652369,0.015,0.023592039942741394,105,40,LAND,False
2026-08-31 13:55:14,-35.3632625,149.1652369,0.015,0.023766150698065758,105,40,LAND,False
2026-08-31 13:55:15,-35.3632625,149.1652369,0.015,0.023715103045105934,105,40,LAND,False
2026-08-31 13:55:15,-35.3632625,149.1652369,0.015,0.02372821234166622,105,40,LAND,False
2026-08-31 13:55:15,-35.3632625,149.1652369,0.015,0.023752016946673393,105,40,LAND,False
2026-08-31 13:55:16,-35.3632625,149.1652369,0.015,0.023725418373942375,105,40,LAND,False
2026-08-31 13:55:16,-35.3632625,149.1652369,0.015,0.023877881467342377,105,40,LAND,False
2026-08-31 13:55:16,-35.3632625,149.1652369,0.015,0.023712195456027985,105,40,LAND,False
2026-08-31 13:55:17,-35.3632625,149.1652369,0.015,0.02368578501045704,105,40,LAND,False
2026-08-31 13:55:17,-35.3632625,149.1652369,0.015,0.02390243299305439,105,40,LAND,False
2026-08-31 13:55:18,-35.3632625,149.1652369,0.015,0.023701803758740425,105,40,LAND,False
2026-08-31 13:55:18,-35.3632625,149.1652369,0.015,0.023740435019135475,105,40,LAND,False
2026-08-31 13:55:18,-35.3632625,149.1652369,0.015,0.02372959814965725,105,40,LAND,False
2026-08-31 13:55:19,-35.3632625,149.1652369,0.015,0.023733237758278847,105,40,LAND,False
2026-08-31 13:55:19,-35.3632625,149.1652369,0.015,0.023839687928557396,105,40,LAND,False
2026-08-31 13:55:20,-35.3632625,149.1652369,0.015,0.02381042018532753,105,40,LAND,False
2026-08-31 13:55:20,-35.3632625,149.1652369,0.015,0.02353036403656006,105,40,LAND,False
2026-08-31 13:55:20,-35.3632625,149.1652369,0.015,0.023584172129631042,105,40,LAND,False
2026-08-31 13:55:21,-35.3632625,149.1652369,0.015,0.023350384086370468,105,40,LAND,False
2026-08-31 13:55:21,-35.3632625,149.1652369,0.015,0.023181350901722908,105,40,LAND,False
2026-08-31 13:55:21,-35.3632625,149.1652369,0.015,0.023341085761785507,105,40,LAND,False
2026-08-31 13:55:22,-35.3632625,149.1652369,0.015,0.023399842903017998,105,40,LAND,False
2026-08-31 13:55:22,-35.3632625,149.1652369,0.015,0.02366807870566845,105,40,LAND,False
2026-08-31 13:55:23,-35.3632625,149.1652369,0.015,0.023519976064562798,105,40,LAND,False
2026-08-31 13:55:23,-35.3632625,149.1652369,0.015,0.023651262745261192,105,40,LAND,False
2026-08-31 13:55:23,-35.3632625,149.1652369,0.015,0.02386871725320816,105,40,LAND,False
2026-08-31 13:55:24,-35.3632625,149.1652369,0.015,0.02382451668381691,105,40,LAND,False
2026-08-31 13:55:24,-35.3632625,149.1652369,0.015,0.023845840245485306,105,40,LAND,False
2026-08-31 13:55:24,-35.3632625,149.1652369,0.015,0.02403387613594532,105,40,LAND,False
2026-08-31 13:55:25,-35.3632625,149.1652369,0.015,0.024002281948924065,105,40,LAND,False
2026-08-31 13:55:25,-35.3632625,149.1652369,0.015,0.024287283420562744,105,40,LAND,False
2026-08-31 13:55:26,-35.3632625,149.1652369,0.015,0.024306705221533775,105,40,LAND,False
2026-08-31 13:55:26,-35.3632625,149.1652369,0.015,0.02421911619603634,105,40,LAND,False
2026-08-31 13:55:26,-35.3632625,149.1652369,0.015,0.024464523419737816,105,40,LAND,False
2026-08-31 13:55:27,-35.3632625,149.1652369,0.015,0.024143096059560776,105,40,LAND,False
2026-08-31 13:55:27,-35.3632625,149.1652369,0.015,0.024071427062153816,105,40,LAND,False
2026-08-31 13:55:27,-35.3632625,149.1652369,0.015,0.0241506677120924,105,40,LAND,False
2026-08-31 13:55:28,-35.3632625,149.1652369,0.015,0.024104276672005653,105,40,LAND,False
2026-08-31 13:55:28,-35.3632625,149.1652369,0.015,0.024082908406853676,105,40,LAND,False
2026-08-31 13:55:29,-35.3632625,149.1652369,0.015,0.02388252504169941,105,40,LAND,False
2026-08-31 13:55:29,-35.3632625,149.1652369,0.015,0.024045707657933235,105,40,LAND,False
2026-08-31 13:55:30,-35.3632625,149.1652369,0.015,0.02401174046099186,105,40,LAND,False
2026-08-31 13:55:30,-35.3632625,149.1652369,0.015,0.02383418381214142,105,40,LAND,False
2026-08-31 13:55:30,-35.3632625,149.1652369,0.015,0.024023139849305153,105,40,LAND,False
2026-08-31 13:55:31,-35.3632625,149.1652369,0.015,0.024051770567893982,105,40,LAND,False
2026-08-31 13:55:31,-35.3632625,149.1652369,0.015,0.023960985243320465,105,40,LAND,False
2026-08-31 13:55:32,-35.3632625,149.1652369,0.015,0.023763809353113174,105,40,LAND,False
2026-08-31 13:55:32,-35.3632625,149.1652369,0.015,0.023635558784008026,105,40,LAND,False
2026-08-31 13:55:32,-35.3632625,149.1652369,0.015,0.023834124207496643,105,40,LAND,False
2026-08-31 13:55:32,-35.3632625,149.1652369,0.015,0.023758655413985252,105,40,LAND,False
2026-08-31 13:55:33,-35.3632625,149.1652369,0.015,0.02356078289449215,105,40,LAND,False
2026-08-31 13:55:33,-35.3632625,149.1652369,0.015,0.023664316162467003,105,40,LAND,False
2026-08-31 13:55:34,-35.3632625,149.1652369,0.015,0.02344759926199913,105,40,LAND,False
2026-08-31 13:55:34,-35.3632625,149.1652369,0.015,0.023467188701033592,105,40,LAND,False
2026-08-31 13:55:34,-35.3632625,149.1652369,0.015,0.023431533947587013,105,40,LAND,False
2026-08-31 13:55:35,-35.3632625,149.1652369,0.015,0.023327015340328217,105,40,LAND,False
2026-08-31 13:55:35,-35.3632625,149.1652369,0.015,0.023614397272467613,105,40,LAND,False
2026-08-31 13:55:36,-35.3632625,149.1652369,0.015,0.023613164201378822,105,40,LAND,False
2026-08-31 13:55:36,-35.3632625,149.1652369,0.015,0.023455429822206497,105,40,LAND,False
2026-08-31 13:55:36,-35.3632625,149.1652369,0.015,0.023608772084116936,105,40,LAND,False
2026-08-31 13:55:37,-35.3632625,149.1652369,0.015,0.0234663262963295,105,40,LAND,False
2026-08-31 13:55:37,-35.3632625,149.1652369,0.015,0.023578038439154625,105,40,LAND,False
2026-08-31 13:55:37,-35.3632625,149.1652369,0.015,0.02364179491996765,105,40,LAND,False
2026-08-31 13:55:38,-35.3632625,149.1652369,0.015,0.02354305610060692,105,40,LAND,False
2026-08-31 13:55:38,-35.3632625,149.1652369,0.015,0.02370029129087925,105,40,LAND,False
2026-08-31 13:55:39,-35.3632625,149.1652369,0.015,0.023545853793621063,105,40,LAND,False
2026-08-31 13:55:39,-35.3632625,149.1652369,0.015,0.023544223979115486,105,40,LAND,False
2026-08-31 13:55:39,-35.3632625,149.1652369,0.015,0.023716621100902557,105,40,LAND,False
2026-08-31 13:55:40,-35.3632625,149.1652369,0.015,0.023679951205849648,105,40,LAND,False
2026-08-31 13:55:40,-35.3632625,149.1652369,0.015,0.023635519668459892,105,40,LAND,False
2026-08-31 13:55:40,-35.3632625,149.1652369,0.015,0.023676639422774315,105,40,LAND,False
2026-08-31 13:55:41,-35.3632625,149.1652369,0.015,0.023552192375063896,105,40,LAND,False
2026-08-31 13:55:41,-35.3632625,149.1652369,0.015,0.0237871240824461,105,40,LAND,False
2026-08-31 13:55:42,-35.3632625,149.1652369,0.015,0.023828545585274696,105,40,LAND,False
2026-08-31 13:55:42,-35.3632625,149.1652369,0.015,0.02370164543390274,105,40,LAND,False
2026-08-31 13:55:42,-35.3632625,149.1652369,0.015,0.02388542704284191,105,40,LAND,False
2026-08-31 13:55:43,-35.3632625,149.1652369,0.015,0.023885900154709816,105,40,LAND,False
2026-08-31 13:55:43,-35.3632625,149.1652369,0.015,0.023911023512482643,105,40,LAND,False
2026-08-31 13:55:43,-35.3632625,149.1652369,0.015,0.023917876183986664,105,40,LAND,False
2026-08-31 13:55:44,-35.3632625,149.1652369,0.015,0.023697884753346443,105,40,LAND,False
2026-08-31 13:55:44,-35.3632625,149.1652369,0.015,0.024065395817160606,105,40,LAND,False
2026-08-31 13:55:45,-35.3632625,149.1652369,0.015,0.024052057415246964,105,40,LAND,False
2026-08-31 13:55:45,-35.3632625,149.1652369,0.015,0.023821556940674782,105,40,LAND,False
2026-08-31 13:55:45,-35.3632625,149.1652369,0.015,0.023976510390639305,105,40,LAND,False
2026-08-31 13:55:46,-35.3632625,149.1652369,0.015,0.023701796308159828,105,40,LAND,False
2026-08-31 13:55:46,-35.3632625,149.1652369,0.015,0.023762458935379982,105,40,LAND,False
2026-08-31 13:55:46,-35.3632625,149.1652369,0.015,0.02385336346924305,105,40,LAND,False
2026-08-31 13:55:47,-35.3632625,149.1652369,0.015,0.023705581203103065,105,40,LAND,False
2026-08-31 13:55:47,-35.3632625,149.1652369,0.015,0.024030307307839394,105,40,LAND,False
2026-08-31 13:55:48,-35.3632625,149.1652369,0.015,0.024020154029130936,105,40,LAND,False
2026-08-31 13:55:48,-35.3632625,149.1652369,0.015,0.023764625191688538,105,40,LAND,False
2026-08-31 13:55:48,-35.3632625,149.1652369,0.015,0.023976653814315796,105,40,LAND,False
2026-08-31 13:55:49,-35.3632625,149.1652369,0.015,0.02382447011768818,105,40,LAND,False
2026-08-31 13:55:49,-35.3632625,149.1652369,0.015,0.023806484416127205,105,40,LAND,False
2026-08-31 13:55:49,-35.3632625,149.1652369,0.015,0.02368498593568802,105,40,LAND,False
2026-08-31 13:55:50,-35.3632625,149.1652369,0.015,0.023516524583101273,105,40,LAND,False
2026-08-31 13:55:50,-35.3632625,149.1652369,0.015,0.02354745753109455,105,40,LAND,False
2026-08-31 13:55:51,-35.3632625,149.1652369,0.015,0.023370971903204918,105,40,LAND,False
2026-08-31 13:55:51,-35.3632625,149.1652369,0.015,0.02337595820426941,105,40,LAND,False
2026-08-31 13:55:51,-35.3632625,149.1652369,0.015,0.0234909076243639,105,40,LAND,False
2026-08-31 13:55:52,-35.3632625,149.1652369,0.015,0.023326274007558823,105,40,LAND,False
2026-08-31 13:55:52,-35.3632625,149.1652369,0.015,0.02342097833752632,105,40,LAND,False
2026-08-31 13:55:53,-35.3632625,149.1652369,0.015,0.023165792226791382,105,40,LAND,False
2026-08-31 13:55:53,-35.3632625,149.1652369,0.015,0.023246729746460915,105,40,LAND,False
2026-08-31 13:55:53,-35.3632625,149.1652369,0.015,0.023436814546585083,105,40,LAND,False
2026-08-31 13:55:54,-35.3632625,149.1652369,0.015,0.023330524563789368,105,40,LAND,False
2026-08-31 13:55:54,-35.3632625,149.1652369,0.015,0.02367674559354782,105,40,LAND,False
2026-08-31 13:55:54,-35.3632625,149.1652369,0.015,0.023864740505814552,105,40,LAND,False
2026-08-31 13:55:55,-35.3632625,149.1652369,0.015,0.02385459654033184,105,40,LAND,False
2026-08-31 13:55:55,-35.3632625,149.1652369,0.015,0.023898601531982422,105,40,LAND,False
2026-08-31 13:55:55,-35.3632625,149.1652369,0.015,0.023898601531982422,105,40,LAND,False
2026-08-31 13:55:56,-35.3632625,149.1652369,0.015,0.02408421039581299,105,40,LAND,False
2026-08-31 13:55:56,-35.3632625,149.1652369,0.015,0.023963119834661484,105,40,LAND,False
2026-08-31 13:55:56,-35.3632625,149.1652369,0.015,0.023984946310520172,105,40,LAND,False
2026-08-31 13:55:57,-35.3632625,149.1652369,0.015,0.02384224534034729,105,40,LAND,False
2026-08-31 13:55:57,-35.3632625,149.1652369,0.015,0.023776523768901825,105,40,LAND,False
2026-08-31 13:55:58,-35.3632625,149.1652369,0.015,0.023580357432365417,105,40,LAND,False
2026-08-31 13:55:58,-35.3632625,149.1652369,0.015,0.023486750200390816,105,40,LAND,False
2026-08-31 13:55:58,-35.3632625,149.1652369,0.015,0.023736871778964996,105,40,LAND,False
2026-08-31 13:55:59,-35.3632625,149.1652369,0.015,0.02349662594497204,105,40,LAND,False
2026-08-31 13:55:59,-35.3632625,149.1652369,0.015,0.023537268862128258,105,40,LAND,False
2026-08-31 13:55:59,-35.3632625,149.1652369,0.015,0.02369694784283638,105,40,LAND,False
2026-08-31 13:56:00,-35.3632625,149.1652369,0.015,0.02355853095650673,105,40,LAND,False
2026-08-31 13:56:00,-35.3632625,149.1652369,0.015,0.02377508580684662,105,40,LAND,False
2026-08-31 13:56:01,-35.3632625,149.1652369,0.015,0.023767763748764992,105,40,LAND,False
2026-08-31 13:56:01,-35.3632625,149.1652369,0.015,0.0237394031137228,105,40,LAND,False
2026-08-31 13:56:01,-35.3632625,149.1652369,0.015,0.023867586627602577,105,40,LAND,False
2026-08-31 13:56:02,-35.3632625,149.1652369,0.015,0.023681411519646645,105,40,LAND,False
2026-08-31 13:56:02,-35.3632625,149.1652369,0.015,0.023639103397727013,105,40,LAND,False
2026-08-31 13:56:02,-35.3632625,149.1652369,0.015,0.02374611236155033,105,40,LAND,False
2026-08-31 13:56:03,-35.3632625,149.1652369,0.015,0.023392189294099808,105,40,LAND,False
2026-08-31 13:56:03,-35.3632625,149.1652369,0.015,0.02367987297475338,105,40,LAND,False
2026-08-31 13:56:04,-35.3632625,149.1652369,0.015,0.02353033982217312,105,40,LAND,False
2026-08-31 13:56:04,-35.3632625,149.1652369,0.015,0.023588288575410843,105,40,LAND,False
2026-08-31 13:56:04,-35.3632625,149.1652369,0.015,0.02382645383477211,105,40,LAND,False
2026-08-31 13:56:05,-35.3632625,149.1652369,0.015,0.02371073141694069,105,40,LAND,False
2026-08-31 13:56:05,-35.3632625,149.1652369,0.015,0.023780910298228264,105,40,LAND,False
2026-08-31 13:56:05,-35.3632625,149.1652369,0.015,0.023965613916516304,105,40,LAND,False
2026-08-31 13:56:06,-35.3632625,149.1652369,0.015,0.023762375116348267,105,40,LAND,False
2026-08-31 13:56:06,-35.3632625,149.1652369,0.015,0.02391098439693451,105,40,LAND,False
2026-08-31 13:56:07,-35.3632625,149.1652369,0.015,0.023934781551361084,105,40,LAND,False
2026-08-31 13:56:07,-35.3632625,149.1652369,0.015,0.023861855268478394,105,40,LAND,False
2026-08-31 13:56:07,-35.3632625,149.1652369,0.015,0.024037260562181473,105,40,LAND,False
2026-08-31 13:56:08,-35.3632625,149.1652369,0.015,0.023863209411501884,105,40,LAND,False
2026-08-31 13:56:08,-35.3632625,149.1652369,0.015,0.024010052904486656,105,40,LAND,False
2026-08-31 13:56:08,-35.3632625,149.1652369,0.015,0.023863833397626877,105,40,LAND,False
2026-08-31 13:56:09,-35.3632625,149.1652369,0.015,0.023855527862906456,105,40,LAND,False
2026-08-31 13:56:09,-35.3632625,149.1652369,0.015,0.024099988862872124,105,40,LAND,False
2026-08-31 13:56:10,-35.3632625,149.1652369,0.015,0.024117961525917053,105,40,LAND,False
2026-08-31 13:56:10,-35.3632625,149.1652369,0.015,0.024145349860191345,105,40,LAND,False
2026-08-31 13:56:10,-35.3632625,149.1652369,0.015,0.024061046540737152,105,40,LAND,False
2026-08-31 13:56:11,-35.3632625,149.1652369,0.015,0.023852869868278503,105,40,LAND,False
2026-08-31 13:56:11,-35.3632625,149.1652369,0.015,0.023862380534410477,105,40,LAND,False
2026-08-31 13:56:11,-35.3632625,149.1652369,0.015,0.023862380534410477,105,40,LAND,False
2026-08-31 13:56:12,-35.3632625,149.1652369,0.015,0.02404092624783516,105,40,LAND,False
2026-08-31 13:56:12,-35.3632625,149.1652369,0.015,0.023805659264326096,105,40,LAND,False
2026-08-31 13:56:12,-35.3632625,149.1652369,0.015,0.023821361362934113,105,40,LAND,False
2026-08-31 13:56:13,-35.3632625,149.1652369,0.015,0.023686571046710014,105,40,LAND,False
2026-08-31 13:56:13,-35.3632625,149.1652369,0.015,0.02363460510969162,105,40,LAND,False
2026-08-31 13:56:14,-35.3632625,149.1652369,0.015,0.023582199588418007,105,40,LAND,False
2026-08-31 13:56:14,-35.3632625,149.1652369,0.015,0.023587238043546677,105,40,LAND,False
2026-08-31 13:56:14,-35.3632625,149.1652369,0.015,0.02385730668902397,105,40,LAND,False
2026-08-31 13:56:15,-35.3632625,149.1652369,0.015,0.023708894848823547,105,40,LAND,False
2026-08-31 13:56:15,-35.3632625,149.1652369,0.015,0.023892711848020554,105,40,LAND,False
2026-08-31 13:56:15,-35.3632625,149.1652369,0.015,0.024097144603729248,105,40,LAND,False
2026-08-31 13:56:16,-35.3632625,149.1652369,0.015,0.024016888812184334,105,40,LAND,False
2026-08-31 13:56:16,-35.3632625,149.1652369,0.015,0.02417769841849804,105,40,LAND,False
2026-08-31 13:56:17,-35.3632625,149.1652369,0.015,0.024142572656273842,105,40,LAND,False
2026-08-31 13:56:17,-35.3632625,149.1652369,0.015,0.024014493450522423,105,40,LAND,False
2026-08-31 13:56:17,-35.3632625,149.1652369,0.015,0.024164188653230667,105,40,LAND,False
2026-08-31 13:56:18,-35.3632625,149.1652369,0.015,0.023701587691903114,105,40,LAND,False
2026-08-31 13:56:18,-35.3632625,149.1652369,0.015,0.023677458986639977,105,40,LAND,False
2026-08-31 13:56:18,-35.3632625,149.1652369,0.015,0.023695796728134155,105,40,LAND,False
2026-08-31 13:56:19,-35.3632625,149.1652369,0.015,0.023592006415128708,105,40,LAND,False
2026-08-31 13:56:19,-35.3632625,149.1652369,0.015,0.023782284930348396,105,40,LAND,False
2026-08-31 13:56:20,-35.3632625,149.1652369,0.015,0.023517923429608345,105,40,LAND,False
2026-08-31 13:56:20,-35.3632625,149.1652369,0.015,0.02333652786910534,105,40,LAND,False
2026-08-31 13:56:20,-35.3632625,149.1652369,0.015,0.023585379123687744,105,40,LAND,False
2026-08-31 13:56:21,-35.3632625,149.1652369,0.015,0.023357030004262924,105,40,LAND,False
2026-08-31 13:56:21,-35.3632625,149.1652369,0.015,0.02350533939898014,105,40,LAND,False
2026-08-31 13:56:21,-35.3632625,149.1652369,0.015,0.023691192269325256,105,40,LAND,False
2026-08-31 13:56:22,-35.3632625,149.1652369,0.015,0.023518335074186325,105,40,LAND,False
2026-08-31 13:56:22,-35.3632625,149.1652369,0.015,0.02358240634202957,105,40,LAND,False
2026-08-31 13:56:23,-35.3632625,149.1652369,0.015,0.023503296077251434,105,40,LAND,False
2026-08-31 13:56:23,-35.3632625,149.1652369,0.015,0.023538805544376373,105,40,LAND,False
2026-08-31 13:56:23,-35.3632625,149.1652369,0.015,0.023294644430279732,105,40,LAND,False
2026-08-31 13:56:24,-35.3632625,149.1652369,0.015,0.023157645016908646,105,40,LAND,False
2026-08-31 13:56:24,-35.3632625,149.1652369,0.015,0.023218387737870216,105,40,LAND,False
2026-08-31 13:56:25,-35.3632625,149.1652369,0.015,0.023314327001571655,105,40,LAND,False
2026-08-31 13:56:25,-35.3632625,149.1652369,0.015,0.023226510733366013,105,40,LAND,False
2026-08-31 13:56:25,-35.3632625,149.1652369,0.015,0.023469870910048485,105,40,LAND,False
2026-08-31 13:56:26,-35.3632625,149.1652369,0.015,0.023505624383687973,105,40,LAND,False
2026-08-31 13:56:26,-35.3632625,149.1652369,0.015,0.023813515901565552,105,40,LAND,False
2026-08-31 13:56:26,-35.3632625,149.1652369,0.015,0.023787664249539375,105,40,LAND,False
2026-08-31 13:56:27,-35.3632625,149.1652369,0.015,0.02352815680205822,105,40,LAND,False
2026-08-31 13:56:27,-35.3632625,149.1652369,0.015,0.023575326427817345,105,40,LAND,False
2026-08-31 13:56:28,-35.3632625,149.1652369,0.015,0.023336803540587425,105,40,LAND,False
2026-08-31 13:56:28,-35.3632625,149.1652369,0.015,0.023318247869610786,105,40,LAND,False
2026-08-31 13:56:28,-35.3632625,149.1652369,0.015,0.023510953411459923,105,40,LAND,False
2026-08-31 13:56:29,-35.3632625,149.1652369,0.015,0.023316683247685432,105,40,LAND,False
2026-08-31 13:56:29,-35.3632625,149.1652369,0.015,0.023375622928142548,105,40,LAND,False
2026-08-31 13:56:30,-35.3632625,149.1652369,0.015,0.02319389395415783,105,40,LAND,False
2026-08-31 13:56:30,-35.3632625,149.1652369,0.015,0.023179873824119568,105,40,LAND,False
2026-08-31 13:56:30,-35.3632625,149.1652369,0.015,0.023375999182462692,105,40,LAND,False
2026-08-31 13:56:31,-35.3632625,149.1652369,0.015,0.023281142115592957,105,40,LAND,False
2026-08-31 13:56:31,-35.3632625,149.1652369,0.015,0.023303385823965073,105,40,LAND,False
2026-08-31 13:56:31,-35.3632625,149.1652369,0.015,0.023440485820174217,105,40,LAND,False
2026-08-31 13:56:32,-35.3632625,149.1652369,0.015,0.0233443696051836,105,40,LAND,False
2026-08-31 13:56:32,-35.3632625,149.1652369,0.015,0.02352886274456978,105,40,LAND,False
2026-08-31 13:56:33,-35.3632625,149.1652369,0.015,0.023585697636008263,105,40,LAND,False
2026-08-31 13:56:33,-35.3632625,149.1652369,0.015,0.02351745031774044,105,40,LAND,False
2026-08-31 13:56:33,-35.3632625,149.1652369,0.015,0.023738961666822433,105,40,LAND,False
2026-08-31 13:56:34,-35.3632625,149.1652369,0.015,0.023592816665768623,105,40,LAND,False
2026-08-31 13:56:34,-35.3632625,149.1652369,0.015,0.023420153185725212,105,40,LAND,False
2026-08-31 13:56:34,-35.3632625,149.1652369,0.015,0.023604579269886017,105,40,LAND,False
2026-08-31 13:56:35,-35.3632625,149.1652369,0.015,0.023515090346336365,105,40,LAND,False
2026-08-31 13:56:35,-35.3632625,149.1652369,0.015,0.02387137897312641,105,40,LAND,False
2026-08-31 13:56:36,-35.3632625,149.1652369,0.015,0.023771803826093674,105,40,LAND,False
2026-08-31 13:56:36,-35.3632625,149.1652369,0.015,0.023666176944971085,105,40,LAND,False
2026-08-31 13:56:36,-35.3632625,149.1652369,0.015,0.024010349065065384,105,40,LAND,False
2026-08-31 13:56:37,-35.3632625,149.1652369,0.015,0.023963358253240585,105,40,LAND,False
2026-08-31 13:56:37,-35.3632625,149.1652369,0.015,0.023924749344587326,105,40,LAND,False
2026-08-31 13:56:37,-35.3632625,149.1652369,0.015,0.024096453562378883,105,40,LAND,False
2026-08-31 13:56:38,-35.3632625,149.1652369,0.015,0.02384110912680626,105,40,LAND,False
2026-08-31 13:56:38,-35.3632625,149.1652369,0.015,0.023824673146009445,105,40,LAND,False
2026-08-31 13:56:39,-35.3632625,149.1652369,0.015,0.023459438234567642,105,40,LAND,False
2026-08-31 13:56:39,-35.3632625,149.1652369,0.015,0.023266058415174484,105,40,LAND,False
2026-08-31 13:56:39,-35.3632625,149.1652369,0.015,0.023474667221307755,105,40,LAND,False
2026-08-31 13:56:40,-35.3632625,149.1652369,0.015,0.02334023267030716,105,40,LAND,False
2026-08-31 13:56:40,-35.3632625,149.1652369,0.015,0.023398911580443382,105,40,LAND,False
2026-08-31 13:56:40,-35.3632625,149.1652369,0.015,0.02339542657136917,105,40,LAND,False
2026-08-31 13:56:41,-35.3632625,149.1652369,0.015,0.02331572398543358,105,40,LAND,False
2026-08-31 13:56:41,-35.3632625,149.1652369,0.015,0.023566633462905884,105,40,LAND,False
2026-08-31 13:56:42,-35.3632625,149.1652369,0.015,0.023459535092115402,105,40,LAND,False
2026-08-31 13:56:42,-35.3632625,149.1652369,0.015,0.023605933412909508,105,40,LAND,False
2026-08-31 13:56:42,-35.3632625,149.1652369,0.015,0.023780085146427155,105,40,LAND,False
2026-08-31 13:56:43,-35.3632625,149.1652369,0.015,0.023700885474681854,105,40,LAND,False
2026-08-31 13:56:43,-35.3632625,149.1652369,0.015,0.02364051155745983,105,40,LAND,False
2026-08-31 13:56:43,-35.3632625,149.1652369,0.015,0.023874303326010704,105,40,LAND,False
2026-08-31 13:56:44,-35.3632625,149.1652369,0.015,0.023702748119831085,105,40,LAND,False
2026-08-31 13:56:44,-35.3632625,149.1652369,0.015,0.023878559470176697,105,40,LAND,False
2026-08-31 13:56:45,-35.3632625,149.1652369,0.015,0.02358490601181984,105,40,LAND,False
2026-08-31 13:56:45,-35.3632625,149.1652369,0.015,0.02350573241710663,105,40,LAND,False
2026-08-31 13:56:45,-35.3632625,149.1652369,0.015,0.02375268191099167,105,40,LAND,False
2026-08-31 13:56:46,-35.3632625,149.1652369,0.015,0.023545783013105392,105,40,LAND,False
2026-08-31 13:56:46,-35.3632625,149.1652369,0.015,0.023666495457291603,105,40,LAND,False
2026-08-31 13:56:46,-35.3632625,149.1652369,0.015,0.02377469837665558,105,40,LAND,False
2026-08-31 13:56:47,-35.3632625,149.1652369,0.015,0.02363155223429203,105,40,LAND,False
2026-08-31 13:56:47,-35.3632625,149.1652369,0.015,0.02386895939707756,105,40,LAND,False
2026-08-31 13:56:48,-35.3632625,149.1652369,0.015,0.023714948445558548,105,40,LAND,False
2026-08-31 13:56:48,-35.3632625,149.1652369,0.015,0.02350444532930851,105,40,LAND,False
2026-08-31 13:56:48,-35.3632625,149.1652369,0.015,0.023616906255483627,105,40,LAND,False
2026-08-31 13:56:49,-35.3632625,149.1652369,0.015,0.023574596270918846,105,40,LAND,False
2026-08-31 13:56:49,-35.3632625,149.1652369,0.015,0.023666445165872574,105,40,LAND,False
2026-08-31 13:56:49,-35.3632625,149.1652369,0.015,0.023782160133123398,105,40,LAND,False
2026-08-31 13:56:50,-35.3632625,149.1652369,0.015,0.02365277335047722,105,40,LAND,False
2026-08-31 13:56:50,-35.3632625,149.1652369,0.015,0.02377236634492874,105,40,LAND,False
2026-08-31 13:56:51,-35.3632625,149.1652369,0.015,0.02359105460345745,105,40,LAND,False
2026-08-31 13:56:51,-35.3632625,149.1652369,0.015,0.023639192804694176,105,40,LAND,False
2026-08-31 13:56:51,-35.3632625,149.1652369,0.015,0.023890601471066475,105,40,LAND,False
2026-08-31 13:56:52,-35.3632625,149.1652369,0.015,0.023614557459950447,105,40,LAND,False
2026-08-31 13:56:52,-35.3632625,149.1652369,0.015,0.023594191297888756,105,40,LAND,False
2026-08-31 13:56:52,-35.3632625,149.1652369,0.015,0.023763982579112053,105,40,LAND,False
2026-08-31 13:56:53,-35.3632625,149.1652369,0.015,0.02366606891155243,105,40,LAND,False
2026-08-31 13:56:53,-35.3632625,149.1652369,0.015,0.023953156545758247,105,40,LAND,False
2026-08-31 13:56:54,-35.3632625,149.1652369,0.015,0.023944063112139702,105,40,LAND,False
2026-08-31 13:56:54,-35.3632625,149.1652369,0.015,0.02375035732984543,105,40,LAND,False
2026-08-31 13:56:54,-35.3632625,149.1652369,0.015,0.02386869676411152,105,40,LAND,False
2026-08-31 13:56:55,-35.3632625,149.1652369,0.015,0.023520110175013542,105,40,LAND,False
2026-08-31 13:56:55,-35.3632625,149.1652369,0.015,0.023596208542585373,105,40,LAND,False
2026-08-31 13:56:56,-35.3632625,149.1652369,0.015,0.023693852126598358,105,40,LAND,False
2026-08-31 13:56:56,-35.3632625,149.1652369,0.015,0.023575782775878906,105,40,LAND,False
2026-08-31 13:56:56,-35.3632625,149.1652369,0.015,0.02384728379547596,105,40,LAND,False
2026-08-31 13:56:57,-35.3632625,149.1652369,0.015,0.023721614852547646,105,40,LAND,False
2026-08-31 13:56:57,-35.3632625,149.1652369,0.015,0.023924143984913826,105,40,LAND,False
2026-08-31 13:56:58,-35.3632625,149.1652369,0.015,0.023907719179987907,105,40,LAND,False
2026-08-31 13:56:58,-35.3632625,149.1652369,0.015,0.023776134476065636,105,40,LAND,False
2026-08-31 13:56:58,-35.3632625,149.1652369,0.015,0.023948073387145996,105,40,LAND,False
2026-08-31 13:56:59,-35.3632625,149.1652369,0.015,0.023859500885009766,105,40,LAND,False
2026-08-31 13:56:59,-35.3632625,149.1652369,0.015,0.023739751428365707,105,40,LAND,False
2026-08-31 13:57:00,-35.3632625,149.1652369,0.015,0.023617174476385117,105,40,LAND,False
2026-08-31 13:57:00,-35.3632625,149.1652369,0.015,0.02346652001142502,105,40,LAND,False
2026-08-31 13:57:00,-35.3632625,149.1652369,0.015,0.023799985647201538,105,40,LAND,False
2026-08-31 13:57:01,-35.3632625,149.1652369,0.015,0.023554082959890366,105,40,LAND,False
2026-08-31 13:57:01,-35.3632625,149.1652369,0.015,0.0235196053981781,105,40,LAND,False
2026-08-31 13:57:01,-35.3632625,149.1652369,0.015,0.023767735809087753,105,40,LAND,False
2026-08-31 13:57:02,-35.3632625,149.1652369,0.015,0.02355978451669216,105,40,LAND,False
2026-08-31 13:57:02,-35.3632625,149.1652369,0.015,0.023606566712260246,105,40,LAND,False
2026-08-31 13:57:02,-35.3632625,149.1652369,0.015,0.023529639467597008,105,40,LAND,False
2026-08-31 13:57:03,-35.3632625,149.1652369,0.015,0.023649293929338455,105,40,LAND,False
2026-08-31 13:57:03,-35.3632625,149.1652369,0.015,0.02391565777361393,105,40,LAND,False
2026-08-31 13:57:04,-35.3632625,149.1652369,0.015,0.023790869861841202,105,40,LAND,False
2026-08-31 13:57:04,-35.3632625,149.1652369,0.015,0.023517804220318794,105,40,LAND,False
2026-08-31 13:57:04,-35.3632625,149.1652369,0.015,0.023676056414842606,105,40,LAND,False
2026-08-31 13:57:05,-35.3632625,149.1652369,0.015,0.0234916340559721,105,40,LAND,False
2026-08-31 13:57:05,-35.3632625,149.1652369,0.015,0.023437488824129105,105,40,LAND,False
2026-08-31 13:57:05,-35.3632625,149.1652369,0.015,0.023406775668263435,105,40,LAND,False
2026-08-31 13:57:06,-35.3632625,149.1652369,0.015,0.023434264585375786,105,40,LAND,False
2026-08-31 13:57:06,-35.3632625,149.1652369,0.015,0.023646913468837738,105,40,LAND,False
2026-08-31 13:57:07,-35.3632625,149.1652369,0.015,0.023460809141397476,105,40,LAND,False
2026-08-31 13:57:07,-35.3632625,149.1652369,0.015,0.02341751754283905,105,40,LAND,False
2026-08-31 13:57:07,-35.3632625,149.1652369,0.015,0.023650817573070526,105,40,LAND,False
2026-08-31 13:57:08,-35.3632625,149.1652369,0.015,0.02361585572361946,105,40,LAND,False
2026-08-31 13:57:08,-35.3632625,149.1652369,0.015,0.023566314950585365,105,40,LAND,False
2026-08-31 13:57:08,-35.3632625,149.1652369,0.015,0.023710079491138458,105,40,LAND,False
2026-08-31 13:57:09,-35.3632625,149.1652369,0.015,0.023583997040987015,105,40,LAND,False
2026-08-31 13:57:09,-35.3632625,149.1652369,0.015,0.02374817430973053,105,40,LAND,False
2026-08-31 13:57:10,-35.3632625,149.1652369,0.015,0.023652218282222748,105,40,LAND,False
2026-08-31 13:57:10,-35.3632625,149.1652369,0.015,0.02369958721101284,105,40,LAND,False
2026-08-31 13:57:10,-35.3632625,149.1652369,0.015,0.023802289739251137,105,40,LAND,False
2026-08-31 13:57:11,-35.3632625,149.1652369,0.015,0.023753881454467773,105,40,LAND,False
2026-08-31 13:57:11,-35.3632625,149.1652369,0.015,0.023610521107912064,105,40,LAND,False
2026-08-31 13:57:12,-35.3632625,149.1652369,0.015,0.02367771975696087,105,40,LAND,False
2026-08-31 13:57:12,-35.3632625,149.1652369,0.015,0.023584799841046333,105,40,LAND,False
2026-08-31 13:57:12,-35.3632625,149.1652369,0.015,0.023970697075128555,105,40,LAND,False
2026-08-31 13:57:13,-35.3632625,149.1652369,0.015,0.023744694888591766,105,40,LAND,False
2026-08-31 13:57:13,-35.3632625,149.1652369,0.015,0.023872574791312218,105,40,LAND,False
2026-08-31 13:57:14,-35.3632625,149.1652369,0.015,0.02378148026764393,105,40,LAND,False
2026-08-31 13:57:14,-35.3632625,149.1652369,0.015,0.02376287803053856,105,40,LAND,False
2026-08-31 13:57:14,-35.3632625,149.1652369,0.015,0.023949380964040756,105,40,LAND,False
2026-08-31 13:57:15,-35.3632625,149.1652369,0.015,0.023981157690286636,105,40,LAND,False
2026-08-31 13:57:15,-35.3632625,149.1652369,0.015,0.02382776513695717,105,40,LAND,False
2026-08-31 13:57:15,-35.3632625,149.1652369,0.015,0.024032101035118103,105,40,LAND,False
2026-08-31 13:57:16,-35.3632625,149.1652369,0.015,0.023638037964701653,105,40,LAND,False
2026-08-31 13:57:16,-35.3632625,149.1652369,0.015,0.023963594809174538,105,40,LAND,False
2026-08-31 13:57:16,-35.3632625,149.1652369,0.015,0.023824414238333702,105,40,LAND,False
2026-08-31 13:57:17,-35.3632625,149.1652369,0.015,0.023705938830971718,105,40,LAND,False
2026-08-31 13:57:17,-35.3632625,149.1652369,0.015,0.023816900327801704,105,40,LAND,False
2026-08-31 13:57:18,-35.3632625,149.1652369,0.015,0.0237100962549448,105,40,LAND,False
2026-08-31 13:57:18,-35.3632625,149.1652369,0.015,0.023783599957823753,105,40,LAND,False
2026-08-31 13:57:18,-35.3632625,149.1652369,0.015,0.02383572980761528,105,40,LAND,False
2026-08-31 13:57:19,-35.3632625,149.1652369,0.015,0.023704664781689644,105,40,LAND,False
2026-08-31 13:57:19,-35.3632625,149.1652369,0.015,0.023975631222128868,105,40,LAND,False
2026-08-31 13:57:20,-35.3632625,149.1652369,0.015,0.02392791025340557,105,40,LAND,False
2026-08-31 13:57:20,-35.3632625,149.1652369,0.015,0.023768192157149315,105,40,LAND,False
2026-08-31 13:57:20,-35.3632625,149.1652369,0.015,0.02368100732564926,105,40,LAND,False
2026-08-31 13:57:21,-35.3632625,149.1652369,0.015,0.023431427776813507,105,40,LAND,False
2026-08-31 13:57:21,-35.3632625,149.1652369,0.015,0.023418260738253593,105,40,LAND,False
2026-08-31 13:57:21,-35.3632625,149.1652369,0.015,0.023395560681819916,105,40,LAND,False
2026-08-31 13:57:22,-35.3632625,149.1652369,0.015,0.023216763511300087,105,40,LAND,False
2026-08-31 13:57:22,-35.3632625,149.1652369,0.015,0.0235325638204813,105,40,LAND,False
2026-08-31 13:57:23,-35.3632625,149.1652369,0.015,0.023412050679326057,105,40,LAND,False
2026-08-31 13:57:23,-35.3632625,149.1652369,0.015,0.023461338132619858,105,40,LAND,False
2026-08-31 13:57:23,-35.3632625,149.1652369,0.015,0.0236638356000185,105,40,LAND,False
2026-08-31 13:57:24,-35.3632625,149.1652369,0.015,0.023681562393903732,105,40,LAND,False
2026-08-31 13:57:24,-35.3632625,149.1652369,0.015,0.023817578330636024,105,40,LAND,False
2026-08-31 13:57:24,-35.3632625,149.1652369,0.015,0.023968948051333427,105,40,LAND,False
2026-08-31 13:57:25,-35.3632625,149.1652369,0.015,0.023781640455126762,105,40,LAND,False
2026-08-31 13:57:25,-35.3632625,149.1652369,0.015,0.023939354345202446,105,40,LAND,False
2026-08-31 13:57:26,-35.3632625,149.1652369,0.015,0.0238408911973238,105,40,LAND,False
2026-08-31 13:57:26,-35.3632625,149.1652369,0.015,0.023619597777724266,105,40,LAND,False
2026-08-31 13:57:26,-35.3632625,149.1652369,0.015,0.023841029033064842,105,40,LAND,False
2026-08-31 13:57:27,-35.3632625,149.1652369,0.015,0.02361888810992241,105,40,LAND,False
2026-08-31 13:57:27,-35.3632625,149.1652369,0.015,0.023726599290966988,105,40,LAND,False
2026-08-31 13:57:27,-35.3632625,149.1652369,0.015,0.02375858835875988,105,40,LAND,False
2026-08-31 13:57:28,-35.3632625,149.1652369,0.015,0.023708829656243324,105,40,LAND,False
2026-08-31 13:57:28,-35.3632625,149.1652369,0.015,0.02400338277220726,105,40,LAND,False
2026-08-31 13:57:29,-35.3632625,149.1652369,0.015,0.023942185565829277,105,40,LAND,False
2026-08-31 13:57:29,-35.3632625,149.1652369,0.015,0.023713253438472748,105,40,LAND,False
2026-08-31 13:57:29,-35.3632625,149.1652369,0.015,0.023864800110459328,105,40,LAND,False
2026-08-31 13:57:30,-35.3632625,149.1652369,0.015,0.023550383746623993,105,40,LAND,False
2026-08-31 13:57:30,-35.3632625,149.1652369,0.015,0.02352178655564785,105,40,LAND,False
2026-08-31 13:57:31,-35.3632625,149.1652369,0.015,0.02365652471780777,105,40,LAND,False
2026-08-31 13:57:31,-35.3632625,149.1652369,0.015,0.023720400407910347,105,40,LAND,False
2026-08-31 13:57:32,-35.3632625,149.1652369,0.015,0.02361707016825676,105,40,LAND,False
2026-08-31 13:57:32,-35.3632625,149.1652369,0.015,0.02361707016825676,105,40,LAND,False
2026-08-31 13:57:32,-35.3632625,149.1652369,0.015,0.023623457178473473,105,40,LAND,False
2026-08-31 13:57:32,-35.3632625,149.1652369,0.015,0.023550735786557198,105,40,LAND,False
2026-08-31 13:57:33,-35.3632625,149.1652369,0.015,0.023578962311148643,105,40,LAND,False
2026-08-31 13:57:33,-35.3632625,149.1652369,0.015,0.02368984930217266,105,40,LAND,False
2026-08-31 13:57:34,-35.3632625,149.1652369,0.015,0.02335566282272339,105,40,LAND,False
2026-08-31 13:57:34,-35.3632625,149.1652369,0.015,0.023343533277511597,105,40,LAND,False
2026-08-31 13:57:34,-35.3632625,149.1652369,0.015,0.023418914526700974,105,40,LAND,False
2026-08-31 13:57:35,-35.3632625,149.1652369,0.015,0.02331686206161976,105,40,LAND,False
2026-08-31 13:57:35,-35.3632625,149.1652369,0.015,0.023484958335757256,105,40,LAND,False
2026-08-31 13:57:36,-35.3632625,149.1652369,0.015,0.02344447933137417,105,40,LAND,False
2026-08-31 13:57:36,-35.3632625,149.1652369,0.015,0.023426158353686333,105,40,LAND,False
2026-08-31 13:57:36,-35.3632625,149.1652369,0.015,0.02363961935043335,105,40,LAND,False
2026-08-31 13:57:37,-35.3632625,149.1652369,0.015,0.023235825821757317,105,40,LAND,False
2026-08-31 13:57:37,-35.3632625,149.1652369,0.015,0.02327757328748703,105,40,LAND,False
2026-08-31 13:57:37,-35.3632625,149.1652369,0.015,0.023430293425917625,105,40,LAND,False
2026-08-31 13:57:38,-35.3632625,149.1652369,0.015,0.02331087365746498,105,40,LAND,False
2026-08-31 13:57:38,-35.3632625,149.1652369,0.015,0.023545624688267708,105,40,LAND,False
2026-08-31 13:57:39,-35.3632625,149.1652369,0.015,0.023569969460368156,105,40,LAND,False
2026-08-31 13:57:39,-35.3632625,149.1652369,0.015,0.02326798439025879,105,40,LAND,False
2026-08-31 13:57:39,-35.3632625,149.1652369,0.015,0.02331450767815113,105,40,LAND,False
2026-08-31 13:57:40,-35.3632625,149.1652369,0.015,0.022902920842170715,105,40,LAND,False
2026-08-31 13:57:40,-35.3632625,149.1652369,0.015,0.022823872044682503,105,40,LAND,False
2026-08-31 13:57:40,-35.3632625,149.1652369,0.015,0.02237057127058506,105,40,LAND,False
2026-08-31 13:57:41,-35.3632625,149.1652369,0.015,0.021860584616661072,105,40,LAND,False
2026-08-31 13:57:41,-35.3632625,149.1652369,0.015,0.021144062280654907,105,40,LAND,False
2026-08-31 13:57:42,-35.3632625,149.1652369,0.015,0.020565129816532135,105,40,LAND,False
2026-08-31 13:57:42,-35.3632625,149.1652369,0.015,0.01961502619087696,105,40,LAND,False
2026-08-31 13:57:42,-35.3632625,149.1652369,0.015,0.019255734980106354,105,40,LAND,False
2026-08-31 13:57:43,-35.3632625,149.1652369,0.015,0.01792987808585167,105,40,LAND,False
2026-08-31 13:57:43,-35.3632625,149.1652369,0.015,0.017466941848397255,105,40,LAND,False
2026-08-31 13:57:44,-35.3632625,149.1652369,0.015,0.016373319551348686,105,40,LAND,False
2026-08-31 13:57:44,-35.3632625,149.1652369,0.015,0.01573064923286438,105,40,LAND,False
2026-08-31 13:57:44,-35.3632625,149.1652369,0.015,0.014742536470293999,105,40,LAND,False
2026-08-31 13:57:45,-35.3632625,149.1652369,0.015,0.014217447489500046,105,40,LAND,False
2026-08-31 13:57:45,-35.3632625,149.1652369,0.015,0.012444009073078632,105,40,LAND,False
2026-08-31 13:57:45,-35.3632625,149.1652369,0.015,0.011821350082755089,105,40,LAND,False
2026-08-31 13:57:46,-35.3632625,149.1652369,0.015,0.011210808530449867,105,40,LAND,False
2026-08-31 13:57:46,-35.3632625,149.1652369,0.015,0.010558913461863995,105,40,LAND,False
2026-08-31 13:57:47,-35.3632625,149.1652369,0.015,0.00942783709615469,105,40,LAND,False
2026-08-31 13:57:47,-35.3632625,149.1652369,0.015,0.008690213784575462,105,40,LAND,False
2026-08-31 13:57:47,-35.3632625,149.1652369,0.015,0.007228674367070198,105,40,LAND,False
2026-08-31 13:57:48,-35.3632625,149.1652369,0.015,0.006584175396710634,105,40,LAND,False
2026-08-31 13:57:48,-35.3632625,149.1652369,0.015,0.005711369216442108,105,40,LAND,False
2026-08-31 13:57:48,-35.3632625,149.1652369,0.015,0.0052769905887544155,105,40,LAND,False
2026-08-31 13:57:49,-35.3632625,149.1652369,0.015,0.004123453516513109,105,40,LAND,False
2026-08-31 13:57:49,-35.3632625,149.1652369,0.015,0.0032551472540944815,105,40,LAND,False
2026-08-31 13:57:50,-35.3632625,149.1652369,0.015,0.0027398017700761557,105,40,LAND,False
2026-08-31 13:57:50,-35.3632625,149.1652369,0.015,0.0022560302168130875,105,40,LAND,False
2026-08-31 13:57:50,-35.3632625,149.1652369,0.015,0.0018457761034369469,105,40,LAND,False
2026-08-31 13:57:51,-35.3632625,149.1652369,0.015,0.0014185881009325385,105,40,LAND,False
2026-08-31 13:57:51,-35.3632625,149.1652369,0.015,0.00030746799893677235,105,40,LAND,False
2026-08-31 13:57:52,-35.3632625,149.1652369,0.015,0.00017210702935699373,105,40,LAND,False
2026-08-31 13:57:52,-35.3632625,149.1652369,0.015,0.0008023825357668102,105,40,LAND,False
2026-08-31 13:57:52,-35.3632625,149.1652369,0.015,0.0011042385594919324,105,40,LAND,False
2026-08-31 13:57:53,-35.3632625,149.165237,0.015,0.002014271914958954,105,40,LAND,False
2026-08-31 13:57:53,-35.3632625,149.165237,0.015,0.0024177315644919872,105,40,LAND,False
2026-08-31 13:57:53,-35.3632625,149.165237,0.015,0.003102816641330719,105,40,LAND,False
2026-08-31 13:57:54,-35.3632625,149.165237,0.015,0.0034273855853825808,105,40,LAND,False
2026-08-31 13:57:54,-35.3632625,149.165237,0.015,0.004096888471394777,105,40,LAND,False
2026-08-31 13:57:55,-35.3632625,149.165237,0.015,0.004421105142682791,105,40,LAND,False
2026-08-31 13:57:55,-35.3632625,149.165237,0.015,0.005236644297838211,105,40,LAND,False
2026-08-31 13:57:55,-35.3632625,149.165237,0.015,0.005562011618167162,104,40,LAND,False
2026-08-31 13:57:56,-35.3632625,149.165237,0.015,0.00613928958773613,104,40,LAND,False
2026-08-31 13:57:56,-35.3632625,149.165237,0.015,0.006378777325153351,104,40,LAND,False
2026-08-31 13:57:57,-35.3632625,149.165237,0.015,0.007053557317703962,104,40,LAND,False
2026-08-31 13:57:57,-35.3632625,149.165237,0.015,0.0072901900857687,104,40,LAND,False
2026-08-31 13:57:57,-35.3632625,149.165237,0.015,0.007954754866659641,104,40,LAND,False
2026-08-31 13:57:58,-35.3632625,149.165237,0.015,0.008210570551455021,104,40,LAND,False
2026-08-31 13:57:58,-35.3632625,149.165237,0.015,0.00913612823933363,104,40,LAND,False
2026-08-31 13:57:59,-35.3632625,149.165237,0.015,0.009460263885557652,104,40,LAND,False
2026-08-31 13:57:59,-35.3632625,149.165237,0.015,0.009810606949031353,104,40,LAND,False
2026-08-31 13:57:59,-35.3632625,149.165237,0.015,0.010083599016070366,104,40,LAND,False
2026-08-31 13:58:00,-35.3632625,149.165237,0.015,0.010493476875126362,104,40,LAND,False
2026-08-31 13:58:00,-35.3632625,149.165237,0.015,0.010783753357827663,104,40,LAND,False
2026-08-31 13:58:00,-35.3632625,149.165237,0.015,0.011275107972323895,104,40,LAND,False
2026-08-31 13:58:01,-35.3632625,149.165237,0.015,0.011436734348535538,104,40,LAND,False
2026-08-31 13:58:01,-35.3632625,149.165237,0.015,0.011971044354140759,104,40,LAND,False
2026-08-31 13:58:02,-35.3632625,149.165237,0.015,0.012163940817117691,104,40,LAND,False
2026-08-31 13:58:02,-35.3632625,149.165237,0.015,0.012383210472762585,104,40,LAND,False
2026-08-31 13:58:02,-35.3632625,149.165237,0.015,0.012708087451756,104,40,LAND,False
2026-08-31 13:58:03,-35.3632625,149.165237,0.015,0.013049060478806496,104,40,LAND,False
2026-08-31 13:58:03,-35.3632625,149.165237,0.015,0.013312048278748989,104,40,LAND,False
2026-08-31 13:58:04,-35.3632625,149.165237,0.015,0.013927712105214596,104,40,LAND,False
2026-08-31 13:58:04,-35.3632625,149.1652371,0.015,0.013946964405477047,104,40,LAND,False
2026-08-31 13:58:04,-35.3632625,149.1652371,0.015,0.014439854770898819,104,40,LAND,False
2026-08-31 13:58:05,-35.3632625,149.1652371,0.015,0.01456972025334835,104,40,LAND,False
2026-08-31 13:58:05,-35.3632625,149.1652371,0.015,0.01482884120196104,104,40,LAND,False
2026-08-31 13:58:05,-35.3632625,149.1652371,0.015,0.01505289040505886,104,40,LAND,False
2026-08-31 13:58:06,-35.3632625,149.1652371,0.015,0.015376962721347809,104,40,LAND,False
2026-08-31 13:58:06,-35.3632625,149.1652371,0.015,0.015474620275199413,104,40,LAND,False
2026-08-31 13:58:07,-35.3632625,149.1652371,0.015,0.016012227162718773,104,40,LAND,False
2026-08-31 13:58:07,-35.3632625,149.1652371,0.015,0.016048496589064598,104,40,LAND,False
2026-08-31 13:58:08,-35.3632625,149.1652371,0.015,0.016461478546261787,104,40,LAND,False
2026-08-31 13:58:08,-35.3632625,149.1652371,0.015,0.01627671718597412,104,40,LAND,False
2026-08-31 13:58:08,-35.3632625,149.1652371,0.015,0.016507454216480255,104,40,LAND,False
2026-08-31 13:58:09,-35.3632625,149.1652371,0.015,0.016522668302059174,104,40,LAND,False
2026-08-31 13:58:09,-35.3632625,149.1652371,0.015,0.01658850722014904,104,40,LAND,False
2026-08-31 13:58:09,-35.3632625,149.1652371,0.015,0.01676861383020878,104,40,LAND,False
2026-08-31 13:58:10,-35.3632625,149.1652371,0.015,0.01671450026333332,104,40,LAND,False
2026-08-31 13:58:10,-35.3632625,149.1652371,0.015,0.01676984690129757,104,40,LAND,False
2026-08-31 13:58:10,-35.3632625,149.1652371,0.015,0.017046166583895683,104,40,LAND,False
2026-08-31 13:58:11,-35.3632625,149.1652371,0.015,0.01713947206735611,104,40,LAND,False
2026-08-31 13:58:11,-35.3632625,149.1652371,0.015,0.017409075051546097,104,40,LAND,False
2026-08-31 13:58:12,-35.3632625,149.1652371,0.015,0.017459144815802574,104,40,LAND,False
2026-08-31 13:58:12,-35.3632625,149.1652371,0.015,0.017439022660255432,104,40,LAND,False
2026-08-31 13:58:12,-35.3632625,149.1652371,0.015,0.017641987651586533,104,40,LAND,False
2026-08-31 13:58:13,-35.3632625,149.1652371,0.015,0.017728637903928757,104,40,LAND,False
2026-08-31 13:58:13,-35.3632625,149.1652371,0.015,0.017877692356705666,104,40,LAND,False
2026-08-31 13:58:14,-35.3632625,149.1652371,0.015,0.018036162480711937,104,40,LAND,False
2026-08-31 13:58:14,-35.3632625,149.1652371,0.015,0.017978044226765633,104,40,LAND,False
2026-08-31 13:58:14,-35.3632625,149.1652371,0.015,0.018276412039995193,104,40,LAND,False
2026-08-31 13:58:15,-35.3632625,149.1652371,0.015,0.018438760191202164,104,40,LAND,False
2026-08-31 13:58:15,-35.3632625,149.1652371,0.015,0.018742825835943222,104,40,LAND,False
2026-08-31 13:58:15,-35.3632625,149.1652371,0.015,0.0188656784594059,104,40,LAND,False
2026-08-31 13:58:16,-35.3632625,149.1652371,0.015,0.01881728507578373,104,40,LAND,False
2026-08-31 13:58:16,-35.3632625,149.1652371,0.015,0.01893487013876438,104,40,LAND,False
2026-08-31 13:58:17,-35.3632625,149.1652371,0.015,0.019330251961946487,104,40,LAND,False
2026-08-31 13:58:17,-35.3632625,149.1652371,0.015,0.019291022792458534,104,40,LAND,False
2026-08-31 13:58:17,-35.3632625,149.1652371,0.015,0.01965739019215107,104,40,LAND,False
2026-08-31 13:58:18,-35.3632625,149.1652371,0.015,0.01965596340596676,104,40,LAND,False
2026-08-31 13:58:18,-35.3632625,149.1652371,0.015,0.019855709746479988,104,40,LAND,False
2026-08-31 13:58:18,-35.3632625,149.1652371,0.015,0.0198941882699728,104,40,LAND,False
2026-08-31 13:58:19,-35.3632625,149.1652371,0.015,0.019909776747226715,104,40,LAND,False
2026-08-31 13:58:19,-35.3632625,149.1652371,0.015,0.020058922469615936,104,40,LAND,False
2026-08-31 13:58:20,-35.3632625,149.1652371,0.015,0.020481210201978683,104,40,LAND,False
2026-08-31 13:58:20,-35.3632625,149.1652371,0.015,0.02052941918373108,104,40,LAND,False
2026-08-31 13:58:21,-35.3632625,149.1652371,0.015,0.020709000527858734,104,40,LAND,False
2026-08-31 13:58:21,-35.3632625,149.1652371,0.015,0.020607778802514076,104,40,LAND,False
2026-08-31 13:58:21,-35.3632625,149.1652371,0.015,0.020747927948832512,104,40,LAND,False
2026-08-31 13:58:22,-35.3632625,149.1652371,0.015,0.020813150331377983,104,40,LAND,False
2026-08-31 13:58:22,-35.3632625,149.1652371,0.015,0.020729854702949524,104,40,LAND,False
2026-08-31 13:58:22,-35.3632625,149.1652371,0.015,0.020852230489253998,104,40,LAND,False
2026-08-31 13:58:23,-35.3632625,149.1652371,0.015,0.020653769373893738,104,40,LAND,False
2026-08-31 13:58:23,-35.3632625,149.1652371,0.015,0.020728683099150658,104,40,LAND,False
2026-08-31 13:58:23,-35.3632625,149.1652371,0.015,0.020966948941349983,104,40,LAND,False
2026-08-31 13:58:24,-35.3632625,149.1652371,0.015,0.02099054493010044,104,40,LAND,False
2026-08-31 13:58:24,-35.3632625,149.1652371,0.015,0.021191386505961418,104,40,LAND,False
2026-08-31 13:58:25,-35.3632625,149.1652371,0.015,0.02108978107571602,104,40,LAND,False
2026-08-31 13:58:25,-35.3632625,149.1652371,0.015,0.02122218906879425,104,40,LAND,False
2026-08-31 13:58:25,-35.3632625,149.1652371,0.015,0.021488016471266747,104,40,LAND,False
2026-08-31 13:58:26,-35.3632625,149.1652371,0.015,0.021375296637415886,104,40,LAND,False
2026-08-31 13:58:26,-35.3632625,149.1652371,0.015,0.02150067500770092,104,40,LAND,False
2026-08-31 13:58:26,-35.3632625,149.1652371,0.015,0.021786516532301903,103,40,LAND,False
2026-08-31 13:58:27,-35.3632625,149.1652371,0.015,0.02167529985308647,103,40,LAND,False
2026-08-31 13:58:27,-35.3632625,149.1652371,0.015,0.021969597786664963,103,40,LAND,False
2026-08-31 13:58:28,-35.3632625,149.1652371,0.015,0.021946493536233902,103,40,LAND,False
2026-08-31 13:58:28,-35.3632625,149.1652371,0.015,0.022049712017178535,103,40,LAND,False
2026-08-31 13:58:28,-35.3632625,149.1652371,0.015,0.022235065698623657,103,40,LAND,False
2026-08-31 13:58:29,-35.3632625,149.1652371,0.015,0.022080177441239357,103,40,LAND,False
2026-08-31 13:58:29,-35.3632625,149.1652371,0.015,0.022133631631731987,103,40,LAND,False
2026-08-31 13:58:30,-35.3632625,149.1652371,0.015,0.022088494151830673,103,40,LAND,False
2026-08-31 13:58:30,-35.3632625,149.1652371,0.015,0.02197415381669998,103,40,LAND,False
2026-08-31 13:58:30,-35.3632625,149.1652371,0.015,0.022150695323944092,103,40,LAND,False
2026-08-31 13:58:31,-35.3632625,149.1652371,0.015,0.022035028785467148,103,40,LAND,False
2026-08-31 13:58:31,-35.3632625,149.1652371,0.015,0.022241566330194473,103,40,LAND,False
2026-08-31 13:58:32,-35.3632625,149.1652371,0.015,0.022470222786068916,103,40,LAND,False
2026-08-31 13:58:32,-35.3632625,149.1652371,0.015,0.022307267412543297,103,40,LAND,False
2026-08-31 13:58:32,-35.3632625,149.1652371,0.015,0.022333558648824692,103,40,LAND,False
2026-08-31 13:58:33,-35.3632625,149.1652371,0.015,0.022366520017385483,103,40,LAND,False
2026-08-31 13:58:33,-35.3632625,149.1652371,0.015,0.02251867577433586,103,40,LAND,False
2026-08-31 13:58:34,-35.3632625,149.1652371,0.015,0.022576652467250824,103,40,LAND,False
2026-08-31 13:58:34,-35.3632625,149.1652371,0.015,0.022576652467250824,103,40,LAND,False
2026-08-31 13:58:34,-35.3632625,149.1652371,0.015,0.02268097922205925,103,40,LAND,False
2026-08-31 13:58:35,-35.3632625,149.1652371,0.015,0.022527748718857765,103,40,LAND,False
2026-08-31 13:58:35,-35.3632625,149.1652371,0.015,0.02243308164179325,103,40,LAND,False
2026-08-31 13:58:35,-35.3632625,149.1652371,0.015,0.02270038053393364,103,40,LAND,False
2026-08-31 13:58:36,-35.3632625,149.1652371,0.015,0.022551896050572395,103,40,LAND,False
2026-08-31 13:58:36,-35.3632625,149.1652371,0.015,0.02264471724629402,103,40,LAND,False
2026-08-31 13:58:36,-35.3632625,149.1652371,0.015,0.022899558767676353,103,40,LAND,False
2026-08-31 13:58:37,-35.3632625,149.1652371,0.015,0.022655930370092392,103,40,LAND,False
2026-08-31 13:58:37,-35.3632625,149.1652371,0.015,0.022782467305660248,103,40,LAND,False
2026-08-31 13:58:38,-35.3632625,149.1652371,0.015,0.02282252348959446,103,40,LAND,False
2026-08-31 13:58:38,-35.3632625,149.1652371,0.015,0.022739680483937263,103,40,LAND,False
2026-08-31 13:58:38,-35.3632625,149.1652371,0.015,0.022825824096798897,103,40,LAND,False
2026-08-31 13:58:39,-35.3632625,149.1652371,0.015,0.022674910724163055,103,40,LAND,False
2026-08-31 13:58:39,-35.3632625,149.1652371,0.015,0.022629478946328163,103,40,LAND,False
2026-08-31 13:58:40,-35.3632625,149.1652371,0.015,0.02266962267458439,103,40,LAND,False
2026-08-31 13:58:40,-35.3632625,149.1652371,0.015,0.02266952209174633,103,40,LAND,False
2026-08-31 13:58:40,-35.3632625,149.1652371,0.015,0.022944621741771698,103,40,LAND,False
2026-08-31 13:58:41,-35.3632625,149.1652371,0.015,0.02281705103814602,103,40,LAND,False
2026-08-31 13:58:41,-35.3632625,149.1652371,0.015,0.02289285697042942,103,40,LAND,False
2026-08-31 13:58:41,-35.3632625,149.1652371,0.015,0.023201284930109978,103,40,LAND,False
2026-08-31 13:58:42,-35.3632625,149.1652371,0.015,0.023078210651874542,103,40,LAND,False
2026-08-31 13:58:42,-35.3632625,149.1652371,0.015,0.023007536306977272,103,40,LAND,False
2026-08-31 13:58:43,-35.3632625,149.1652371,0.015,0.023025931790471077,103,40,LAND,False
2026-08-31 13:58:43,-35.3632625,149.1652371,0.015,0.02284161001443863,103,40,LAND,False
2026-08-31 13:58:43,-35.3632625,149.1652371,0.015,0.02296619676053524,103,40,LAND,False
2026-08-31 13:58:44,-35.3632625,149.1652371,0.015,0.022762490436434746,103,40,LAND,False
2026-08-31 13:58:44,-35.3632625,149.1652371,0.015,0.0228151585906744,103,40,LAND,False
2026-08-31 13:58:44,-35.3632625,149.1652371,0.015,0.02304394543170929,103,40,LAND,False
2026-08-31 13:58:45,-35.3632625,149.1652371,0.015,0.022808674722909927,103,40,LAND,False
2026-08-31 13:58:45,-35.3632625,149.1652371,0.015,0.02293412573635578,103,40,LAND,False
2026-08-31 13:58:46,-35.3632625,149.1652371,0.015,0.023169776424765587,103,40,LAND,False
2026-08-31 13:58:46,-35.3632625,149.1652371,0.015,0.02300816774368286,103,40,LAND,False
2026-08-31 13:58:46,-35.3632625,149.1652371,0.015,0.023433534428477287,103,40,LAND,False
2026-08-31 13:58:47,-35.3632625,149.1652371,0.015,0.02338433638215065,103,40,LAND,False
2026-08-31 13:58:47,-35.3632625,149.1652371,0.015,0.023548457771539688,103,40,LAND,False
2026-08-31 13:58:48,-35.3632625,149.1652371,0.015,0.023518498986959457,103,40,LAND,False
2026-08-31 13:58:48,-35.3632625,149.1652371,0.015,0.02344607189297676,103,40,LAND,False
2026-08-31 13:58:48,-35.3632625,149.1652371,0.015,0.02349129691720009,103,40,LAND,False
2026-08-31 13:58:49,-35.3632625,149.1652371,0.015,0.023676840588450432,103,40,LAND,False
2026-08-31 13:58:49,-35.3632625,149.1652371,0.015,0.02346070110797882,103,40,LAND,False
2026-08-31 13:58:49,-35.3632625,149.1652371,0.015,0.023463059216737747,103,40,LAND,False
2026-08-31 13:58:50,-35.3632625,149.1652371,0.015,0.023387834429740906,103,40,LAND,False
2026-08-31 13:58:50,-35.3632625,149.1652371,0.015,0.023616431280970573,103,40,LAND,False
2026-08-31 13:58:51,-35.3632625,149.1652371,0.015,0.02342347800731659,103,40,LAND,False
2026-08-31 13:58:52,-35.3632625,149.1652371,0.015,0.023467300459742546,103,40,LAND,False
2026-08-31 13:58:52,-35.3632625,149.1652371,0.015,0.023715408518910408,103,40,LAND,False
2026-08-31 13:58:52,-35.3632625,149.1652371,0.015,0.023679807782173157,103,40,LAND,False
2026-08-31 13:58:53,-35.3632625,149.1652371,0.015,0.023688318207859993,103,40,LAND,False
2026-08-31 13:58:54,-35.3632625,149.1652371,0.015,0.023840080946683884,103,40,LAND,False
2026-08-31 13:58:54,-35.3632625,149.1652371,0.015,0.023655293509364128,103,40,LAND,False
2026-08-31 13:58:54,-35.3632625,149.1652371,0.015,0.023666979745030403,103,40,LAND,False
2026-08-31 13:58:55,-35.3632625,149.1652371,0.015,0.023784955963492393,103,40,LAND,False
2026-08-31 13:58:55,-35.3632625,149.1652371,0.015,0.02340088225901127,103,40,LAND,False
2026-08-31 13:58:56,-35.3632625,149.1652371,0.015,0.023360008373856544,103,40,LAND,False
2026-08-31 13:58:56,-35.3632625,149.1652371,0.015,0.02335573546588421,103,40,LAND,False
2026-08-31 13:58:57,-35.3632625,149.1652371,0.015,0.023275261744856834,103,40,LAND,False
2026-08-31 13:58:57,-35.3632625,149.1652371,0.015,0.02291392907500267,103,40,LAND,False
2026-08-31 13:58:58,-35.3632625,149.1652371,0.015,0.022811299189925194,103,40,LAND,False
2026-08-31 13:58:59,-35.3632625,149.1652371,0.015,0.02299952320754528,103,40,LAND,False
2026-08-31 13:58:59,-35.3632625,149.1652371,0.015,0.02297849953174591,103,40,LAND,False
2026-08-31 13:59:00,-35.3632625,149.1652371,0.015,0.02288868837058544,103,40,LAND,False
2026-08-31 13:59:01,-35.3632625,149.1652371,0.015,0.022938599810004234,103,40,LAND,False
2026-08-31 13:59:01,-35.3632625,149.1652371,0.015,0.02322203293442726,103,40,LAND,False
2026-08-31 13:59:02,-35.3632625,149.1652371,0.015,0.02305941842496395,103,40,LAND,False
2026-08-31 13:59:03,-35.3632625,149.1652371,0.015,0.02309197373688221,103,40,LAND,False
2026-08-31 13:59:03,-35.3632625,149.1652371,0.015,0.023317046463489532,103,40,LAND,False
2026-08-31 13:59:04,-35.3632625,149.1652371,0.015,0.023132245987653732,103,40,LAND,False
2026-08-31 13:59:04,-35.3632625,149.1652371,0.015,0.02320762909948826,103,40,LAND,False
2026-08-31 13:59:04,-35.3632625,149.1652371,0.015,0.023179732263088226,103,40,LAND,False
2026-08-31 13:59:05,-35.3632625,149.1652371,0.015,0.022913072258234024,103,40,LAND,False
2026-08-31 13:59:05,-35.3632625,149.1652371,0.015,0.023139478638768196,103,40,LAND,False
2026-08-31 13:59:06,-35.3632625,149.1652371,0.015,0.02305332012474537,103,40,LAND,False
2026-08-31 13:59:06,-35.3632625,149.1652371,0.015,0.023379692807793617,103,40,LAND,False
2026-08-31 13:59:07,-35.3632625,149.1652371,0.015,0.023311691358685493,103,40,LAND,False
2026-08-31 13:59:07,-35.3632625,149.1652371,0.015,0.023296447470784187,103,40,LAND,False
2026-08-31 13:59:08,-35.3632625,149.1652371,0.015,0.02339382842183113,103,40,LAND,False
2026-08-31 13:59:08,-35.3632625,149.1652371,0.015,0.02362418919801712,103,40,LAND,False
2026-08-31 13:59:08,-35.3632625,149.1652371,0.015,0.023626070469617844,103,40,LAND,False
2026-08-31 13:59:09,-35.3632625,149.1652371,0.015,0.02384556643664837,103,40,LAND,False
2026-08-31 13:59:09,-35.3632625,149.1652371,0.015,0.023754948750138283,103,40,LAND,False
2026-08-31 13:59:10,-35.3632625,149.1652371,0.015,0.023599617183208466,103,40,LAND,False
2026-08-31 13:59:10,-35.3632625,149.1652371,0.015,0.023682668805122375,102,40,LAND,False
2026-08-31 13:59:10,-35.3632625,149.1652371,0.015,0.023614997044205666,102,40,LAND,False
2026-08-31 13:59:11,-35.3632625,149.1652371,0.015,0.023709679022431374,102,40,LAND,False
2026-08-31 13:59:11,-35.3632625,149.1652371,0.015,0.02373715490102768,102,40,LAND,False
2026-08-31 13:59:12,-35.3632625,149.1652371,0.015,0.02373715490102768,102,40,LAND,False
2026-08-31 13:59:12,-35.3632625,149.1652371,0.015,0.023534048348665237,102,40,LAND,False
2026-08-31 13:59:12,-35.3632625,149.1652371,0.015,0.02351384423673153,102,40,LAND,False
2026-08-31 13:59:13,-35.3632625,149.1652371,0.015,0.023753633722662926,102,40,LAND,False
2026-08-31 13:59:13,-35.3632625,149.1652371,0.015,0.02384164370596409,102,40,LAND,False
2026-08-31 13:59:14,-35.3632625,149.1652371,0.015,0.0237160325050354,102,40,LAND,False
2026-08-31 13:59:14,-35.3632625,149.1652371,0.015,0.023833395913243294,102,40,LAND,False
2026-08-31 13:59:14,-35.3632625,149.1652371,0.015,0.02353745698928833,102,40,LAND,False
2026-08-31 13:59:15,-35.3632625,149.1652371,0.015,0.023567304015159607,102,40,LAND,False
2026-08-31 13:59:15,-35.3632625,149.1652371,0.015,0.023708902299404144,102,40,LAND,False
2026-08-31 13:59:16,-35.3632625,149.1652371,0.015,0.023559195920825005,102,40,LAND,False
2026-08-31 13:59:16,-35.3632625,149.1652371,0.015,0.023710990324616432,102,40,LAND,False
2026-08-31 13:59:16,-35.3632625,149.1652371,0.015,0.023710209876298904,102,40,LAND,False
2026-08-31 13:59:17,-35.3632625,149.1652371,0.015,0.023718371987342834,102,40,LAND,False
2026-08-31 13:59:17,-35.3632625,149.1652371,0.015,0.023671608418226242,102,40,LAND,False
2026-08-31 13:59:18,-35.3632625,149.1652371,0.015,0.02372550778090954,102,40,LAND,False
2026-08-31 13:59:18,-35.3632625,149.1652371,0.015,0.023958204314112663,102,40,LAND,False
2026-08-31 13:59:19,-35.3632625,149.1652371,0.015,0.02387135475873947,102,40,LAND,False
2026-08-31 13:59:19,-35.3632625,149.1652371,0.015,0.02402782067656517,102,40,LAND,False
2026-08-31 13:59:19,-35.3632625,149.1652371,0.015,0.023976774886250496,102,40,LAND,False
2026-08-31 13:59:20,-35.3632625,149.1652371,0.015,0.024034764617681503,102,40,LAND,False
2026-08-31 13:59:21,-35.3632625,149.1652371,0.015,0.02384805865585804,102,40,LAND,False
2026-08-31 13:59:21,-35.3632625,149.1652371,0.015,0.023776618763804436,102,40,LAND,False
2026-08-31 13:59:21,-35.3632625,149.1652371,0.015,0.023587781935930252,102,40,LAND,False
2026-08-31 13:59:21,-35.3632625,149.1652371,0.015,0.02347518876194954,102,40,LAND,False
2026-08-31 13:59:22,-35.3632625,149.1652371,0.015,0.02376735582947731,102,40,LAND,False
2026-08-31 13:59:22,-35.3632625,149.1652371,0.015,0.023675506934523582,102,40,LAND,False
2026-08-31 13:59:23,-35.3632625,149.1652371,0.015,0.023698069155216217,102,40,LAND,False
2026-08-31 13:59:23,-35.3632625,149.1652371,0.015,0.023828478530049324,102,40,LAND,False
2026-08-31 13:59:23,-35.3632625,149.1652371,0.015,0.0235795509070158,102,40,LAND,False
2026-08-31 13:59:24,-35.3632625,149.1652371,0.015,0.023594114929437637,102,40,LAND,False
2026-08-31 13:59:24,-35.3632625,149.1652371,0.015,0.02348235994577408,102,40,LAND,False
2026-08-31 13:59:25,-35.3632625,149.1652371,0.015,0.023368297144770622,102,40,LAND,False
2026-08-31 13:59:25,-35.3632625,149.1652371,0.015,0.023491211235523224,102,40,LAND,False
2026-08-31 13:59:25,-35.3632625,149.1652371,0.015,0.02349647879600525,102,40,LAND,False
2026-08-31 13:59:26,-35.3632625,149.1652371,0.015,0.023683033883571625,102,40,LAND,False
2026-08-31 13:59:26,-35.3632625,149.1652371,0.015,0.023451674729585648,102,40,LAND,False
2026-08-31 13:59:27,-35.3632625,149.1652371,0.015,0.023444855585694313,102,40,LAND,False
2026-08-31 13:59:27,-35.3632625,149.1652371,0.015,0.023521166294813156,102,40,LAND,False
2026-08-31 13:59:27,-35.3632625,149.1652371,0.015,0.02313411422073841,102,40,LAND,False
2026-08-31 13:59:28,-35.3632625,149.1652371,0.015,0.02317238412797451,102,40,LAND,False
2026-08-31 13:59:28,-35.3632625,149.1652371,0.015,0.023439673706889153,102,40,LAND,False
2026-08-31 13:59:29,-35.3632625,149.1652371,0.015,0.02334555797278881,102,40,LAND,False
2026-08-31 13:59:29,-35.3632625,149.1652371,0.015,0.02360309101641178,102,40,LAND,False
2026-08-31 13:59:29,-35.3632625,149.1652371,0.015,0.02350962534546852,102,40,LAND,False
2026-08-31 13:59:30,-35.3632625,149.1652371,0.015,0.023758096620440483,102,40,LAND,False
2026-08-31 13:59:30,-35.3632625,149.1652371,0.015,0.02379504218697548,102,40,LAND,False
2026-08-31 13:59:31,-35.3632625,149.1652371,0.015,0.02370879054069519,102,40,LAND,False
2026-08-31 13:59:31,-35.3632625,149.1652371,0.015,0.023900402709841728,102,40,LAND,False
2026-08-31 13:59:31,-35.3632625,149.1652371,0.015,0.023889657109975815,102,40,LAND,False
2026-08-31 13:59:32,-35.3632625,149.1652371,0.015,0.02376791462302208,102,40,LAND,False
2026-08-31 13:59:32,-35.3632625,149.1652371,0.015,0.024010905995965004,102,40,LAND,False
2026-08-31 13:59:33,-35.3632625,149.1652371,0.015,0.023894498124718666,102,40,LAND,False
2026-08-31 13:59:33,-35.3632625,149.1652371,0.015,0.024011287838220596,102,40,LAND,False
2026-08-31 13:59:33,-35.3632625,149.1652371,0.015,0.02390926703810692,102,40,LAND,False
2026-08-31 13:59:34,-35.3632625,149.1652371,0.015,0.02424444817006588,102,40,LAND,False
2026-08-31 13:59:34,-35.3632625,149.1652371,0.015,0.02433799020946026,102,40,LAND,False
2026-08-31 13:59:35,-35.3632625,149.1652371,0.015,0.02421010658144951,102,40,LAND,False
2026-08-31 13:59:35,-35.3632625,149.1652371,0.015,0.024301500990986824,102,40,LAND,False
2026-08-31 13:59:35,-35.3632625,149.1652371,0.015,0.02398933842778206,102,40,LAND,False
2026-08-31 13:59:36,-35.3632625,149.1652371,0.015,0.02395562268793583,102,40,LAND,False
2026-08-31 13:59:36,-35.3632625,149.1652371,0.015,0.02407931722700596,102,40,LAND,False
2026-08-31 13:59:37,-35.3632625,149.1652371,0.015,0.023986786603927612,102,40,LAND,False
2026-08-31 13:59:37,-35.3632625,149.1652371,0.015,0.02412370964884758,102,40,LAND,False
2026-08-31 13:59:38,-35.3632625,149.1652371,0.015,0.02378847263753414,102,40,LAND,False
2026-08-31 13:59:38,-35.3632625,149.1652371,0.015,0.02394491247832775,102,40,LAND,False
2026-08-31 13:59:38,-35.3632625,149.1652371,0.015,0.023780457675457,102,40,LAND,False
2026-08-31 13:59:39,-35.3632625,149.1652371,0.015,0.023821663111448288,102,40,LAND,False
2026-08-31 13:59:39,-35.3632625,149.1652371,0.015,0.023943979293107986,102,40,LAND,False
2026-08-31 13:59:39,-35.3632625,149.1652371,0.015,0.023690246045589447,102,40,LAND,False
2026-08-31 13:59:40,-35.3632625,149.1652371,0.015,0.02360072359442711,102,40,LAND,False
2026-08-31 13:59:40,-35.3632625,149.1652371,0.015,0.023657163605093956,102,40,LAND,False
2026-08-31 13:59:41,-35.3632625,149.1652371,0.015,0.0236072838306427,102,40,LAND,False
2026-08-31 13:59:41,-35.3632625,149.1652371,0.015,0.023738600313663483,102,40,LAND,False
2026-08-31 13:59:41,-35.3632625,149.1652371,0.015,0.023673200979828835,102,40,LAND,False
2026-08-31 13:59:42,-35.3632625,149.1652371,0.015,0.023835914209485054,102,40,LAND,False
2026-08-31 13:59:42,-35.3632625,149.1652371,0.015,0.023527761921286583,102,40,LAND,False
2026-08-31 13:59:43,-35.3632625,149.1652371,0.015,0.02350284717977047,102,40,LAND,False
2026-08-31 13:59:43,-35.3632625,149.1652371,0.015,0.023738674819469452,102,40,LAND,False
2026-08-31 13:59:43,-35.3632625,149.1652371,0.015,0.023592088371515274,102,40,LAND,False
2026-08-31 13:59:44,-35.3632625,149.1652371,0.015,0.02360689826309681,102,40,LAND,False
2026-08-31 13:59:44,-35.3632625,149.1652371,0.015,0.02386520616710186,102,40,LAND,False
2026-08-31 13:59:45,-35.3632625,149.1652371,0.015,0.023759102448821068,102,40,LAND,False
2026-08-31 13:59:45,-35.3632625,149.1652371,0.015,0.023763881996273994,102,40,LAND,False
2026-08-31 13:59:45,-35.3632625,149.1652371,0.015,0.023576363921165466,102,40,LAND,False
2026-08-31 13:59:46,-35.3632625,149.1652371,0.015,0.02370290271937847,102,40,LAND,False
2026-08-31 13:59:46,-35.3632625,149.1652371,0.015,0.023754192516207695,102,40,LAND,False
2026-08-31 13:59:47,-35.3632625,149.1652371,0.015,0.023437052965164185,102,40,LAND,False
2026-08-31 13:59:47,-35.3632625,149.1652371,0.015,0.0236657802015543,102,40,LAND,False
2026-08-31 13:59:47,-35.3632625,149.1652371,0.015,0.023366637527942657,102,40,LAND,False
2026-08-31 13:59:48,-35.3632625,149.1652371,0.015,0.023403184488415718,102,40,LAND,False
2026-08-31 13:59:48,-35.3632625,149.1652371,0.015,0.023560525849461555,102,40,LAND,False
2026-08-31 13:59:49,-35.3632625,149.1652371,0.015,0.023513371124863625,102,40,LAND,False
2026-08-31 13:59:49,-35.3632625,149.1652371,0.015,0.023545468226075172,102,40,LAND,False
2026-08-31 13:59:49,-35.3632625,149.1652371,0.015,0.023569926619529724,102,40,LAND,False
2026-08-31 13:59:50,-35.3632625,149.1652371,0.015,0.0238634143024683,102,40,LAND,False
2026-08-31 13:59:50,-35.3632625,149.1652371,0.015,0.023887399584054947,102,40,LAND,False
2026-08-31 13:59:51,-35.3632625,149.1652371,0.015,0.023763272911310196,102,40,LAND,False
2026-08-31 13:59:51,-35.3632625,149.1652371,0.015,0.02394222840666771,102,40,LAND,False
2026-08-31 13:59:52,-35.3632625,149.1652371,0.015,0.023717515170574188,102,40,LAND,False
2026-08-31 13:59:52,-35.3632625,149.1652371,0.015,0.023741599172353745,102,40,LAND,False
2026-08-31 13:59:52,-35.3632625,149.1652371,0.015,0.023598814383149147,102,40,LAND,False
2026-08-31 13:59:53,-35.3632625,149.1652371,0.015,0.023692136630415916,102,40,LAND,False
2026-08-31 13:59:53,-35.3632625,149.1652371,0.015,0.023697616532444954,102,40,LAND,False
2026-08-31 13:59:53,-35.3632625,149.1652371,0.015,0.023571589961647987,102,40,LAND,False
2026-08-31 13:59:54,-35.3632625,149.1652371,0.015,0.023661913350224495,102,40,LAND,False
2026-08-31 13:59:54,-35.3632625,149.1652371,0.015,0.023576650768518448,102,40,LAND,False
2026-08-31 13:59:55,-35.3632625,149.1652371,0.015,0.023688672110438347,102,40,LAND,False
2026-08-31 13:59:55,-35.3632625,149.1652371,0.015,0.02363828755915165,102,40,LAND,False
2026-08-31 13:59:55,-35.3632625,149.1652371,0.015,0.023482047021389008,102,40,LAND,False
2026-08-31 13:59:56,-35.3632625,149.1652371,0.015,0.023497335612773895,102,40,LAND,False
2026-08-31 13:59:56,-35.3632625,149.1652371,0.015,0.023497335612773895,102,40,LAND,False
2026-08-31 13:59:57,-35.3632625,149.1652371,0.015,0.02357257530093193,102,40,LAND,False
2026-08-31 13:59:57,-35.3632625,149.1652371,0.015,0.02354268543422222,102,40,LAND,False
2026-08-31 13:59:57,-35.3632625,149.1652371,0.015,0.023702751845121384,102,40,LAND,False
2026-08-31 13:59:58,-35.3632625,149.1652371,0.015,0.02357114665210247,102,40,LAND,False
2026-08-31 13:59:58,-35.3632625,149.1652371,0.015,0.023819826543331146,102,40,LAND,False
2026-08-31 13:59:58,-35.3632625,149.1652371,0.015,0.023753680288791656,102,40,LAND,False
2026-08-31 13:59:59,-35.3632625,149.1652371,0.015,0.023840855807065964,102,40,LAND,False
2026-08-31 13:59:59,-35.3632625,149.1652371,0.015,0.024001650512218475,102,40,LAND,False
2026-08-31 14:00:00,-35.3632625,149.1652371,0.015,0.023989109322428703,102,40,LAND,False
2026-08-31 14:00:00,-35.3632625,149.1652371,0.015,0.024120472371578217,102,40,LAND,False
2026-08-31 14:00:00,-35.3632625,149.1652371,0.015,0.02390446327626705,102,40,LAND,False
2026-08-31 14:00:01,-35.3632625,149.1652371,0.015,0.02385333739221096,102,40,LAND,False
2026-08-31 14:00:01,-35.3632625,149.1652371,0.015,0.023990575224161148,102,40,LAND,False
2026-08-31 14:00:02,-35.3632625,149.1652371,0.015,0.02405039593577385,102,40,LAND,False
2026-08-31 14:00:02,-35.3632625,149.1652371,0.015,0.024024607613682747,102,40,LAND,False
2026-08-31 14:00:02,-35.3632625,149.1652371,0.015,0.024024607613682747,102,40,LAND,False
2026-08-31 14:00:03,-35.3632625,149.1652371,0.015,0.024043429642915726,102,40,LAND,False
2026-08-31 14:00:03,-35.3632625,149.1652371,0.015,0.02401803620159626,102,40,LAND,False
2026-08-31 14:00:04,-35.3632625,149.1652371,0.015,0.02412341721355915,102,40,LAND,False
2026-08-31 14:00:04,-35.3632625,149.1652371,0.015,0.02434784546494484,102,40,LAND,False
2026-08-31 14:00:04,-35.3632625,149.1652371,0.015,0.02414180524647236,102,40,LAND,False
2026-08-31 14:00:05,-35.3632625,149.1652371,0.015,0.024325083941221237,102,40,LAND,False
2026-08-31 14:00:06,-35.3632625,149.1652371,0.015,0.024168791249394417,102,40,LAND,False
2026-08-31 14:00:06,-35.3632625,149.1652371,0.015,0.024126820266246796,102,40,LAND,False
2026-08-31 14:00:06,-35.3632625,149.1652371,0.015,0.024153847247362137,102,40,LAND,False
2026-08-31 14:00:07,-35.3632625,149.1652371,0.015,0.023937948048114777,102,40,LAND,False
2026-08-31 14:00:07,-35.3632625,149.1652371,0.015,0.02415980026125908,102,40,LAND,False
2026-08-31 14:00:08,-35.3632625,149.1652371,0.015,0.024113478139042854,102,40,LAND,False
2026-08-31 14:00:08,-35.3632625,149.1652371,0.015,0.024107834324240685,102,40,LAND,False
2026-08-31 14:00:08,-35.3632625,149.1652371,0.015,0.023944813758134842,102,40,LAND,False
2026-08-31 14:00:09,-35.3632625,149.1652371,0.015,0.023884395137429237,102,40,LAND,False
2026-08-31 14:00:09,-35.3632625,149.1652371,0.015,0.023999571800231934,102,40,LAND,False
2026-08-31 14:00:09,-35.3632625,149.1652371,0.015,0.023807451128959656,102,40,LAND,False
2026-08-31 14:00:10,-35.3632625,149.1652371,0.015,0.02391931228339672,102,40,LAND,False
2026-08-31 14:00:10,-35.3632625,149.1652371,0.015,0.023931723088026047,102,40,LAND,False
2026-08-31 14:00:11,-35.3632625,149.1652371,0.015,0.023798102512955666,102,40,LAND,False
2026-08-31 14:00:11,-35.3632625,149.1652371,0.015,0.024021746590733528,102,40,LAND,False
2026-08-31 14:00:11,-35.3632625,149.1652371,0.015,0.024049073457717896,102,40,LAND,False
2026-08-31 14:00:12,-35.3632625,149.1652371,0.015,0.023992903530597687,102,40,LAND,False
2026-08-31 14:00:12,-35.3632625,149.1652371,0.015,0.024099573493003845,102,40,LAND,False
2026-08-31 14:00:12,-35.3632625,149.1652371,0.015,0.023964334279298782,102,40,LAND,False
2026-08-31 14:00:13,-35.3632625,149.1652371,0.015,0.02407201938331127,102,40,LAND,False
2026-08-31 14:00:13,-35.3632625,149.1652371,0.015,0.023784253746271133,102,40,LAND,False
2026-08-31 14:00:14,-35.3632625,149.1652371,0.015,0.023789308965206146,102,40,LAND,False
2026-08-31 14:00:14,-35.3632625,149.1652371,0.015,0.023768814280629158,102,40,LAND,False
2026-08-31 14:00:14,-35.3632625,149.1652371,0.015,0.023656582459807396,102,40,LAND,False
2026-08-31 14:00:15,-35.3632625,149.1652371,0.015,0.023957369849085808,102,40,LAND,False
2026-08-31 14:00:15,-35.3632625,149.1652371,0.015,0.023832958191633224,102,40,LAND,False
2026-08-31 14:00:16,-35.3632625,149.1652371,0.015,0.023854056373238564,102,40,LAND,False
2026-08-31 14:00:16,-35.3632625,149.1652371,0.015,0.023989031091332436,102,40,LAND,False
2026-08-31 14:00:17,-35.3632625,149.1652371,0.015,0.023698795586824417,102,40,LAND,False
2026-08-31 14:00:17,-35.3632625,149.1652371,0.015,0.023706112056970596,102,40,LAND,False
2026-08-31 14:00:17,-35.3632625,149.1652371,0.015,0.023875558748841286,102,40,LAND,False
2026-08-31 14:00:18,-35.3632625,149.1652371,0.015,0.02378896251320839,102,40,LAND,False
2026-08-31 14:00:19,-35.3632625,149.1652371,0.015,0.023916957899928093,102,40,LAND,False
2026-08-31 14:00:19,-35.3632625,149.1652371,0.015,0.02401908114552498,102,40,LAND,False
2026-08-31 14:00:19,-35.3632625,149.1652371,0.015,0.02383274771273136,102,40,LAND,False
2026-08-31 14:00:20,-35.3632625,149.1652371,0.015,0.023773835971951485,102,40,LAND,False
2026-08-31 14:00:20,-35.3632625,149.1652371,0.015,0.023972105234861374,102,40,LAND,False
2026-08-31 14:00:21,-35.3632625,149.1652371,0.015,0.02380773052573204,102,40,LAND,False
2026-08-31 14:00:21,-35.3632625,149.1652371,0.015,0.023943813517689705,102,40,LAND,False
2026-08-31 14:00:21,-35.3632625,149.1652371,0.015,0.023936623707413673,102,40,LAND,False
2026-08-31 14:00:22,-35.3632625,149.1652371,0.015,0.023700252175331116,102,40,LAND,False
2026-08-31 14:00:22,-35.3632625,149.1652371,0.015,0.02380966767668724,102,40,LAND,False
2026-08-31 14:00:23,-35.3632625,149.1652371,0.015,0.023578399792313576,102,40,LAND,False
2026-08-31 14:00:23,-35.3632625,149.1652371,0.015,0.02373333089053631,102,40,LAND,False
2026-08-31 14:00:23,-35.3632625,149.1652371,0.015,0.023682938888669014,102,40,LAND,False
2026-08-31 14:00:24,-35.3632625,149.1652371,0.015,0.023473253473639488,102,40,LAND,False
2026-08-31 14:00:24,-35.3632625,149.1652371,0.015,0.023662932217121124,102,40,LAND,False
2026-08-31 14:00:25,-35.3632625,149.1652371,0.015,0.023389199748635292,102,40,LAND,False
2026-08-31 14:00:25,-35.3632625,149.1652371,0.015,0.023536719381809235,102,40,LAND,False
2026-08-31 14:00:25,-35.3632625,149.1652371,0.015,0.023667562752962112,102,40,LAND,False
2026-08-31 14:00:26,-35.3632625,149.1652371,0.015,0.023552294820547104,102,40,LAND,False
2026-08-31 14:00:26,-35.3632625,149.1652371,0.015,0.02376786805689335,102,40,LAND,False
2026-08-31 14:00:26,-35.3632625,149.1652371,0.015,0.023607099428772926,102,40,LAND,False
2026-08-31 14:00:27,-35.3632625,149.1652371,0.015,0.023702571168541908,102,40,LAND,False
2026-08-31 14:00:27,-35.3632625,149.1652371,0.015,0.023709215223789215,102,40,LAND,False
2026-08-31 14:00:28,-35.3632625,149.1652371,0.015,0.023777982220053673,102,40,LAND,False
2026-08-31 14:00:28,-35.3632625,149.1652371,0.015,0.023960210382938385,102,40,LAND,False
2026-08-31 14:00:29,-35.3632625,149.1652371,0.015,0.02367158979177475,102,40,LAND,False
2026-08-31 14:00:29,-35.3632625,149.1652371,0.015,0.023706672713160515,102,40,LAND,False
2026-08-31 14:00:29,-35.3632625,149.1652371,0.015,0.023935748264193535,102,40,LAND,False
2026-08-31 14:00:30,-35.3632625,149.1652371,0.015,0.023819485679268837,102,40,LAND,False
2026-08-31 14:00:30,-35.3632625,149.1652371,0.015,0.02397286333143711,102,40,LAND,False
2026-08-31 14:00:30,-35.3632625,149.1652371,0.015,0.02394292503595352,102,40,LAND,False
2026-08-31 14:00:31,-35.3632625,149.1652371,0.015,0.02417430467903614,102,40,LAND,False
2026-08-31 14:00:31,-35.3632625,149.1652371,0.015,0.024062182754278183,102,40,LAND,False
2026-08-31 14:00:32,-35.3632625,149.1652371,0.015,0.024070296436548233,102,40,LAND,False
2026-08-31 14:00:32,-35.3632625,149.1652371,0.015,0.024306626990437508,102,40,LAND,False
2026-08-31 14:00:32,-35.3632625,149.1652371,0.015,0.024170933291316032,102,40,LAND,False
2026-08-31 14:00:33,-35.3632625,149.1652371,0.015,0.024278076365590096,102,40,LAND,False
2026-08-31 14:00:33,-35.3632625,149.1652371,0.015,0.02442990057170391,102,40,LAND,False
2026-08-31 14:00:34,-35.3632625,149.1652371,0.015,0.02430347166955471,102,40,LAND,False
2026-08-31 14:00:34,-35.3632625,149.1652371,0.015,0.024144459515810013,102,40,LAND,False
2026-08-31 14:00:35,-35.3632625,149.1652371,0.015,0.024096786975860596,102,40,LAND,False
2026-08-31 14:00:35,-35.3632625,149.1652371,0.015,0.024269502609968185,102,40,LAND,False
2026-08-31 14:00:35,-35.3632625,149.1652371,0.015,0.024102844297885895,102,40,LAND,False
2026-08-31 14:00:36,-35.3632625,149.1652371,0.015,0.02380984090268612,102,40,LAND,False
2026-08-31 14:00:36,-35.3632625,149.1652371,0.015,0.023891188204288483,102,40,LAND,False
2026-08-31 14:00:36,-35.3632625,149.1652371,0.015,0.0236252062022686,102,40,LAND,False
2026-08-31 14:00:37,-35.3632625,149.1652371,0.015,0.023527346551418304,102,40,LAND,False
2026-08-31 14:00:37,-35.3632625,149.1652371,0.015,0.023649489507079124,102,40,LAND,False
2026-08-31 14:00:38,-35.3632625,149.1652371,0.015,0.023389620706439018,102,40,LAND,False
2026-08-31 14:00:38,-35.3632625,149.1652371,0.015,0.023548634722828865,102,40,LAND,False
2026-08-31 14:00:39,-35.3632625,149.1652371,0.015,0.023386051878333092,102,40,LAND,False
2026-08-31 14:00:39,-35.3632625,149.1652371,0.015,0.02344628982245922,102,40,LAND,False
2026-08-31 14:00:39,-35.3632625,149.1652371,0.015,0.02345404028892517,102,40,LAND,False
2026-08-31 14:00:40,-35.3632625,149.1652371,0.015,0.02333289198577404,102,40,LAND,False
2026-08-31 14:00:40,-35.3632625,149.1652371,0.015,0.02335820160806179,102,40,LAND,False
2026-08-31 14:00:40,-35.3632625,149.1652371,0.015,0.023186102509498596,102,40,LAND,False
2026-08-31 14:00:41,-35.3632625,149.1652371,0.015,0.023156678304076195,102,40,LAND,False
2026-08-31 14:00:41,-35.3632625,149.1652371,0.015,0.02344577945768833,102,40,LAND,False
2026-08-31 14:00:42,-35.3632625,149.1652371,0.015,0.02329072169959545,102,40,LAND,False
2026-08-31 14:00:42,-35.3632625,149.1652371,0.015,0.02351810783147812,102,40,LAND,False
2026-08-31 14:00:43,-35.3632625,149.1652371,0.015,0.02351810783147812,102,40,LAND,False
2026-08-31 14:00:43,-35.3632625,149.1652371,0.015,0.023718710988759995,102,40,LAND,False
2026-08-31 14:00:43,-35.3632625,149.1652371,0.015,0.023654824122786522,102,40,LAND,False
2026-08-31 14:00:44,-35.3632625,149.1652371,0.015,0.02354799397289753,102,40,LAND,False
2026-08-31 14:00:44,-35.3632625,149.1652371,0.015,0.023801378905773163,102,40,LAND,False
2026-08-31 14:00:44,-35.3632625,149.1652371,0.015,0.02367405965924263,102,40,LAND,False
2026-08-31 14:00:45,-35.3632625,149.1652371,0.015,0.023534197360277176,102,40,LAND,False
2026-08-31 14:00:45,-35.3632625,149.1652371,0.015,0.023711422458291054,102,40,LAND,False
2026-08-31 14:00:46,-35.3632625,149.1652371,0.015,0.023681042715907097,102,40,LAND,False
2026-08-31 14:00:46,-35.3632625,149.1652371,0.015,0.023963801562786102,102,40,LAND,False
2026-08-31 14:00:46,-35.3632625,149.1652371,0.015,0.02385939471423626,102,40,LAND,False
2026-08-31 14:00:47,-35.3632625,149.1652371,0.015,0.023974061012268066,102,40,LAND,False
2026-08-31 14:00:47,-35.3632625,149.1652371,0.015,0.024203194305300713,102,40,LAND,False
2026-08-31 14:00:48,-35.3632625,149.1652371,0.015,0.024083826690912247,102,40,LAND,False
2026-08-31 14:00:48,-35.3632625,149.1652371,0.015,0.02418946661055088,102,40,LAND,False
2026-08-31 14:00:48,-35.3632625,149.1652371,0.015,0.02399541810154915,102,40,LAND,False
2026-08-31 14:00:49,-35.3632625,149.1652371,0.015,0.024041475728154182,102,40,LAND,False
2026-08-31 14:00:49,-35.3632625,149.1652371,0.015,0.023829346522688866,102,40,LAND,False
2026-08-31 14:00:50,-35.3632625,149.1652371,0.015,0.023968597874045372,102,40,LAND,False
2026-08-31 14:00:50,-35.3632625,149.1652371,0.015,0.02380400523543358,102,40,LAND,False
2026-08-31 14:00:51,-35.3632625,149.1652371,0.015,0.023846382275223732,102,40,LAND,False
2026-08-31 14:00:51,-35.3632625,149.1652371,0.015,0.023762332275509834,102,40,LAND,False
2026-08-31 14:00:52,-35.3632625,149.1652371,0.015,0.023619715124368668,102,40,LAND,False
2026-08-31 14:00:52,-35.3632625,149.1652371,0.015,0.023796668276190758,102,40,LAND,False
2026-08-31 14:00:52,-35.3632625,149.1652371,0.015,0.023622095584869385,102,40,LAND,False
2026-08-31 14:00:53,-35.3632625,149.1652371,0.015,0.02383977361023426,102,40,LAND,False
2026-08-31 14:00:53,-35.3632625,149.1652371,0.015,0.023867247626185417,102,40,LAND,False
2026-08-31 14:00:54,-35.3632625,149.1652371,0.015,0.023690976202487946,102,40,LAND,False
2026-08-31 14:00:54,-35.3632625,149.1652371,0.015,0.02368226647377014,102,40,LAND,False
2026-08-31 14:00:54,-35.3632625,149.1652371,0.015,0.02365782856941223,102,40,LAND,False
2026-08-31 14:00:55,-35.3632625,149.1652371,0.015,0.02354222908616066,102,40,LAND,False
2026-08-31 14:00:55,-35.3632625,149.1652371,0.015,0.0235410388559103,102,40,LAND,False
2026-08-31 14:00:56,-35.3632625,149.1652371,0.015,0.023445433005690575,102,40,LAND,False
2026-08-31 14:00:56,-35.3632625,149.1652371,0.015,0.023568373173475266,102,40,LAND,False
2026-08-31 14:00:57,-35.3632625,149.1652371,0.015,0.023201385512948036,102,40,LAND,False
2026-08-31 14:00:57,-35.3632625,149.1652371,0.015,0.023237157613039017,102,40,LAND,False
2026-08-31 14:00:58,-35.3632625,149.1652371,0.015,0.0233441274613142,102,40,LAND,False
2026-08-31 14:00:58,-35.3632625,149.1652371,0.015,0.023327531293034554,102,40,LAND,False
2026-08-31 14:00:58,-35.3632625,149.1652371,0.015,0.023426426574587822,102,40,LAND,False
2026-08-31 14:00:59,-35.3632625,149.1652371,0.015,0.023280594497919083,102,40,LAND,False
2026-08-31 14:00:59,-35.3632625,149.1652371,0.015,0.023379767313599586,102,40,LAND,False
2026-08-31 14:01:00,-35.3632625,149.1652371,0.015,0.02342359349131584,102,40,LAND,False
2026-08-31 14:01:00,-35.3632625,149.1652371,0.015,0.023429954424500465,102,40,LAND,False
2026-08-31 14:01:00,-35.3632625,149.1652371,0.015,0.023435203358530998,102,40,LAND,False
2026-08-31 14:01:01,-35.3632625,149.1652371,0.015,0.023371892049908638,102,40,LAND,False
2026-08-31 14:01:01,-35.3632625,149.1652371,0.015,0.023354370146989822,102,40,LAND,False
2026-08-31 14:01:02,-35.3632625,149.1652371,0.015,0.023109830915927887,102,40,LAND,False
2026-08-31 14:01:02,-35.3632625,149.1652371,0.015,0.023392682895064354,102,40,LAND,False
2026-08-31 14:01:02,-35.3632625,149.1652371,0.015,0.023580987006425858,102,40,LAND,False
2026-08-31 14:01:03,-35.3632625,149.1652371,0.015,0.023681404069066048,102,40,LAND,False
2026-08-31 14:01:03,-35.3632625,149.1652371,0.015,0.023753304034471512,102,40,LAND,False
2026-08-31 14:01:03,-35.3632625,149.1652371,0.015,0.02373974770307541,102,40,LAND,False
2026-08-31 14:01:04,-35.3632625,149.1652371,0.015,0.024110348895192146,102,40,LAND,False
2026-08-31 14:01:04,-35.3632625,149.1652371,0.015,0.024192946031689644,102,40,LAND,False
2026-08-31 14:01:05,-35.3632625,149.1652371,0.015,0.024182822555303574,102,40,LAND,False
2026-08-31 14:01:05,-35.3632625,149.1652371,0.015,0.024383407086133957,102,40,LAND,False
2026-08-31 14:01:06,-35.3632625,149.1652371,0.015,0.02408546209335327,102,40,LAND,False
2026-08-31 14:01:06,-35.3632625,149.1652371,0.015,0.024177152663469315,102,40,LAND,False
2026-08-31 14:01:06,-35.3632625,149.1652371,0.015,0.024135690182447433,102,40,LAND,False
2026-08-31 14:01:07,-35.3632625,149.1652371,0.015,0.02400675043463707,102,40,LAND,False
2026-08-31 14:01:07,-35.3632625,149.1652371,0.015,0.024021565914154053,102,40,LAND,False
2026-08-31 14:01:08,-35.3632625,149.1652371,0.015,0.024071592837572098,102,40,LAND,False
2026-08-31 14:01:08,-35.3632625,149.1652371,0.015,0.02404717169702053,102,40,LAND,False
2026-08-31 14:01:08,-35.3632625,149.1652371,0.015,0.023932255804538727,102,40,LAND,False
2026-08-31 14:01:09,-35.3632625,149.1652371,0.015,0.02358504943549633,102,40,LAND,False
2026-08-31 14:01:09,-35.3632625,149.1652371,0.015,0.02371305413544178,102,40,LAND,False
2026-08-31 14:01:10,-35.3632625,149.1652371,0.015,0.023495087400078773,102,40,LAND,False
2026-08-31 14:01:10,-35.3632625,149.1652371,0.015,0.02356620691716671,102,40,LAND,False
2026-08-31 14:01:11,-35.3632625,149.1652371,0.015,0.023380430415272713,102,40,LAND,False
2026-08-31 14:01:11,-35.3632625,149.1652371,0.015,0.023507587611675262,102,40,LAND,False
2026-08-31 14:01:11,-35.3632625,149.1652371,0.015,0.023611312732100487,102,40,LAND,False
2026-08-31 14:01:12,-35.3632625,149.1652371,0.015,0.023419640958309174,102,40,LAND,False
2026-08-31 14:01:12,-35.3632625,149.1652371,0.015,0.02368049882352352,102,40,LAND,False
2026-08-31 14:01:12,-35.3632625,149.1652371,0.015,0.023621568456292152,102,40,LAND,False
2026-08-31 14:01:13,-35.3632625,149.1652371,0.015,0.023469597101211548,102,40,LAND,False
2026-08-31 14:01:13,-35.3632625,149.1652371,0.015,0.023556020110845566,102,40,LAND,False
2026-08-31 14:01:14,-35.3632625,149.1652371,0.015,0.023628564551472664,102,40,LAND,False
2026-08-31 14:01:14,-35.3632625,149.1652371,0.015,0.02382168173789978,102,40,LAND,False
2026-08-31 14:01:15,-35.3632625,149.1652371,0.015,0.023722289130091667,102,40,LAND,False
2026-08-31 14:01:15,-35.3632625,149.1652371,0.015,0.023765556514263153,102,40,LAND,False
2026-08-31 14:01:15,-35.3632625,149.1652371,0.015,0.024004213511943817,102,40,LAND,False
2026-08-31 14:01:16,-35.3632625,149.1652371,0.015,0.023897988721728325,102,40,LAND,False
2026-08-31 14:01:16,-35.3632625,149.1652371,0.015,0.023827090859413147,102,40,LAND,False
2026-08-31 14:01:16,-35.3632625,149.1652371,0.015,0.0237260852009058,102,40,LAND,False
2026-08-31 14:01:17,-35.3632625,149.1652371,0.015,0.024014364928007126,102,40,LAND,False
2026-08-31 14:01:17,-35.3632625,149.1652371,0.015,0.023820942267775536,102,40,LAND,False
2026-08-31 14:01:18,-35.3632625,149.1652371,0.015,0.02387995459139347,102,40,LAND,False
2026-08-31 14:01:18,-35.3632625,149.1652371,0.015,0.024037018418312073,102,40,LAND,False
2026-08-31 14:01:18,-35.3632625,149.1652371,0.015,0.02407737448811531,102,40,LAND,False
2026-08-31 14:01:19,-35.3632625,149.1652371,0.015,0.024048158898949623,102,40,LAND,False
2026-08-31 14:01:19,-35.3632625,149.1652371,0.015,0.024139758199453354,102,40,LAND,False
2026-08-31 14:01:20,-35.3632625,149.1652371,0.015,0.02395721897482872,102,40,LAND,False
2026-08-31 14:01:20,-35.3632625,149.1652371,0.015,0.02409806102514267,102,40,LAND,False
2026-08-31 14:01:20,-35.3632625,149.1652371,0.015,0.023897819221019745,102,40,LAND,False
2026-08-31 14:01:21,-35.3632625,149.1652371,0.015,0.02414419688284397,102,40,LAND,False
2026-08-31 14:01:21,-35.3632625,149.1652371,0.015,0.024038203060626984,102,40,LAND,False
2026-08-31 14:01:22,-35.3632625,149.1652371,0.015,0.023679669946432114,102,40,LAND,False
2026-08-31 14:01:22,-35.3632625,149.1652371,0.015,0.02378564514219761,102,40,LAND,False
2026-08-31 14:01:22,-35.3632625,149.1652371,0.015,0.02368360012769699,102,40,LAND,False
2026-08-31 14:01:23,-35.3632625,149.1652371,0.015,0.023746861144900322,102,40,LAND,False
2026-08-31 14:01:23,-35.3632625,149.1652371,0.015,0.023687535896897316,102,40,LAND,False
2026-08-31 14:01:24,-35.3632625,149.1652371,0.015,0.023518996313214302,102,40,LAND,False
2026-08-31 14:01:24,-35.3632625,149.1652371,0.015,0.023531977087259293,102,40,LAND,False
2026-08-31 14:01:24,-35.3632625,149.1652371,0.015,0.02358686551451683,102,40,LAND,False
2026-08-31 14:01:25,-35.3632625,149.1652371,0.015,0.023435626178979874,102,40,LAND,False
2026-08-31 14:01:25,-35.3632625,149.1652371,0.015,0.023483946919441223,102,40,LAND,False
2026-08-31 14:01:25,-35.3632625,149.1652371,0.015,0.02329428493976593,102,40,LAND,False
2026-08-31 14:01:26,-35.3632625,149.1652371,0.015,0.02336898446083069,102,40,LAND,False
2026-08-31 14:01:26,-35.3632625,149.1652371,0.015,0.023297568783164024,102,40,LAND,False
2026-08-31 14:01:27,-35.3632625,149.1652371,0.015,0.02319708652794361,102,40,LAND,False
2026-08-31 14:01:27,-35.3632625,149.1652371,0.015,0.023444173857569695,102,40,LAND,False
2026-08-31 14:01:27,-35.3632625,149.1652371,0.015,0.023443760350346565,102,40,LAND,False
2026-08-31 14:01:28,-35.3632625,149.1652371,0.015,0.023697668686509132,102,40,LAND,False
2026-08-31 14:01:28,-35.3632625,149.1652371,0.015,0.023687219247221947,102,40,LAND,False
2026-08-31 14:01:29,-35.3632625,149.1652371,0.015,0.023711904883384705,102,40,LAND,False
2026-08-31 14:01:29,-35.3632625,149.1652371,0.015,0.02386060729622841,102,40,LAND,False
2026-08-31 14:01:29,-35.3632625,149.1652371,0.015,0.02363421395421028,102,40,LAND,False
2026-08-31 14:01:30,-35.3632625,149.1652371,0.015,0.023695122450590134,102,40,LAND,False
2026-08-31 14:01:30,-35.3632625,149.1652371,0.015,0.02394094690680504,102,40,LAND,False
2026-08-31 14:01:30,-35.3632625,149.1652371,0.015,0.023829860612750053,102,40,LAND,False
2026-08-31 14:01:31,-35.3632625,149.1652371,0.015,0.023781824856996536,102,40,LAND,False
2026-08-31 14:01:31,-35.3632625,149.1652371,0.015,0.02366749569773674,102,40,LAND,False
2026-08-31 14:01:32,-35.3632625,149.1652371,0.015,0.023608863353729248,102,40,LAND,False
2026-08-31 14:01:32,-35.3632625,149.1652371,0.015,0.023783240467309952,102,40,LAND,False
2026-08-31 14:01:32,-35.3632625,149.1652371,0.015,0.023628847673535347,102,40,LAND,False
2026-08-31 14:01:33,-35.3632625,149.1652371,0.015,0.02374032698571682,102,40,LAND,False
2026-08-31 14:01:33,-35.3632625,149.1652371,0.015,0.0239050704985857,102,40,LAND,False
2026-08-31 14:01:34,-35.3632625,149.1652371,0.015,0.02372867986559868,102,40,LAND,False
2026-08-31 14:01:34,-35.3632625,149.1652371,0.015,0.02389313466846943,102,40,LAND,False
2026-08-31 14:01:34,-35.3632625,149.1652371,0.015,0.023810196667909622,102,40,LAND,False
2026-08-31 14:01:35,-35.3632625,149.1652371,0.015,0.024009566754102707,102,40,LAND,False
2026-08-31 14:01:35,-35.3632625,149.1652371,0.015,0.023986874148249626,102,40,LAND,False
2026-08-31 14:01:35,-35.3632625,149.1652371,0.015,0.02388656698167324,102,40,LAND,False
2026-08-31 14:01:36,-35.3632625,149.1652371,0.015,0.0238094050437212,102,40,LAND,False
2026-08-31 14:01:36,-35.3632625,149.1652371,0.015,0.023943521082401276,102,40,LAND,False
2026-08-31 14:01:37,-35.3632625,149.1652371,0.015,0.023791812360286713,102,40,LAND,False
2026-08-31 14:01:37,-35.3632625,149.1652371,0.015,0.023711614310741425,102,40,LAND,False
2026-08-31 14:01:37,-35.3632625,149.1652371,0.015,0.02359464205801487,102,40,LAND,False
2026-08-31 14:01:38,-35.3632625,149.1652371,0.015,0.023838086053729057,102,40,LAND,False
2026-08-31 14:01:38,-35.3632625,149.1652371,0.015,0.02367985062301159,102,40,LAND,False
2026-08-31 14:01:39,-35.3632625,149.1652371,0.015,0.023805007338523865,102,40,LAND,False
2026-08-31 14:01:39,-35.3632625,149.1652371,0.015,0.02408684603869915,102,40,LAND,False
2026-08-31 14:01:39,-35.3632625,149.1652371,0.015,0.023951206356287003,102,40,LAND,False
2026-08-31 14:01:40,-35.3632625,149.1652371,0.015,0.024018071591854095,102,40,LAND,False
2026-08-31 14:01:40,-35.3632625,149.1652371,0.015,0.02408742718398571,102,40,LAND,False
2026-08-31 14:01:41,-35.3632625,149.1652371,0.015,0.023934971541166306,102,40,LAND,False
2026-08-31 14:01:41,-35.3632625,149.1652371,0.015,0.02402491681277752,102,40,LAND,False
2026-08-31 14:01:41,-35.3632625,149.1652371,0.015,0.023998422548174858,102,40,LAND,False
2026-08-31 14:01:42,-35.3632625,149.1652371,0.015,0.02377624250948429,102,40,LAND,False
2026-08-31 14:01:42,-35.3632625,149.1652371,0.015,0.023954832926392555,102,40,LAND,False
2026-08-31 14:01:42,-35.3632625,149.1652371,0.015,0.023563189432024956,102,40,LAND,False
2026-08-31 14:01:43,-35.3632625,149.1652371,0.015,0.023547576740384102,102,40,LAND,False
2026-08-31 14:01:43,-35.3632625,149.1652371,0.015,0.02362322434782982,102,40,LAND,False
2026-08-31 14:01:44,-35.3632625,149.1652371,0.015,0.023655293509364128,102,40,LAND,False
2026-08-31 14:01:44,-35.3632625,149.1652371,0.015,0.023722222074866295,102,40,LAND,False
2026-08-31 14:01:44,-35.3632625,149.1652371,0.015,0.023700466379523277,102,40,LAND,False
2026-08-31 14:01:45,-35.3632625,149.1652371,0.015,0.02364231087267399,102,40,LAND,False
2026-08-31 14:01:45,-35.3632625,149.1652371,0.015,0.023637203499674797,102,40,LAND,False
2026-08-31 14:01:46,-35.3632625,149.1652371,0.015,0.023618781939148903,102,40,LAND,False
2026-08-31 14:01:46,-35.3632625,149.1652371,0.015,0.02377099171280861,102,40,LAND,False
2026-08-31 14:01:46,-35.3632625,149.1652371,0.015,0.023642806336283684,102,40,LAND,False
2026-08-31 14:01:47,-35.3632625,149.1652371,0.015,0.023692725226283073,102,40,LAND,False
2026-08-31 14:01:47,-35.3632625,149.1652371,0.015,0.02372087724506855,102,40,LAND,False
2026-08-31 14:01:47,-35.3632625,149.1652371,0.015,0.023709403350949287,102,40,LAND,False
2026-08-31 14:01:48,-35.3632625,149.1652371,0.015,0.023897182196378708,102,40,LAND,False
2026-08-31 14:01:48,-35.3632625,149.1652371,0.015,0.023807166144251823,102,40,LAND,False
2026-08-31 14:01:49,-35.3632625,149.1652371,0.015,0.02373073436319828,102,40,LAND,False
2026-08-31 14:01:49,-35.3632625,149.1652371,0.015,0.023906834423542023,102,40,LAND,False
2026-08-31 14:01:49,-35.3632625,149.1652371,0.015,0.023846017196774483,102,40,LAND,False
2026-08-31 14:01:50,-35.3632625,149.1652371,0.015,0.023916827514767647,102,40,LAND,False
2026-08-31 14:01:50,-35.3632625,149.1652371,0.015,0.02391938865184784,102,40,LAND,False
2026-08-31 14:01:51,-35.3632625,149.1652371,0.015,0.02378017082810402,102,40,LAND,False
2026-08-31 14:01:51,-35.3632625,149.1652371,0.015,0.02390804886817932,102,40,LAND,False
2026-08-31 14:01:51,-35.3632625,149.1652371,0.015,0.023927070200443268,102,40,LAND,False
2026-08-31 14:01:52,-35.3632625,149.1652371,0.015,0.023762088268995285,102,40,LAND,False
2026-08-31 14:01:52,-35.3632625,149.1652371,0.015,0.02399805374443531,102,40,LAND,False
2026-08-31 14:01:53,-35.3632625,149.1652371,0.015,0.023885954171419144,102,40,LAND,False
2026-08-31 14:01:53,-35.3632625,149.1652371,0.015,0.024074744433164597,102,40,LAND,False
2026-08-31 14:01:54,-35.3632625,149.1652371,0.015,0.023792188614606857,102,40,LAND,False
2026-08-31 14:01:54,-35.3632625,149.1652371,0.015,0.023836148902773857,102,40,LAND,False
2026-08-31 14:01:54,-35.3632625,149.1652371,0.015,0.023874379694461823,102,40,LAND,False
2026-08-31 14:01:55,-35.3632625,149.1652371,0.015,0.02378394454717636,102,40,LAND,False
2026-08-31 14:01:55,-35.3632625,149.1652371,0.015,0.02402285858988762,102,40,LAND,False
2026-08-31 14:01:55,-35.3632625,149.1652371,0.015,0.024059150367975235,102,40,LAND,False
2026-08-31 14:01:56,-35.3632625,149.1652371,0.015,0.024087730795145035,102,40,LAND,False
2026-08-31 14:01:56,-35.3632625,149.1652371,0.015,0.024082986637949944,102,40,LAND,False
2026-08-31 14:01:57,-35.3632625,149.1652371,0.015,0.023989824578166008,102,40,LAND,False
2026-08-31 14:01:57,-35.3632625,149.1652371,0.015,0.02411435730755329,102,40,LAND,False
2026-08-31 14:01:58,-35.3632625,149.1652371,0.015,0.023831499740481377,102,40,LAND,False
2026-08-31 14:01:58,-35.3632625,149.1652371,0.015,0.02396218664944172,102,40,LAND,False
2026-08-31 14:01:58,-35.3632625,149.1652371,0.015,0.023996394127607346,102,40,LAND,False
2026-08-31 14:01:59,-35.3632625,149.1652371,0.015,0.023886242881417274,102,40,LAND,False
2026-08-31 14:01:59,-35.3632625,149.1652371,0.015,0.024023815989494324,102,40,LAND,False
2026-08-31 14:02:00,-35.3632625,149.1652371,0.015,0.023859012871980667,102,40,LAND,False
2026-08-31 14:02:00,-35.3632625,149.1652371,0.015,0.0242241732776165,102,40,LAND,False
2026-08-31 14:02:00,-35.3632625,149.1652371,0.015,0.024258341640233994,102,40,LAND,False
2026-08-31 14:02:01,-35.3632625,149.1652371,0.015,0.024144060909748077,102,40,LAND,False
2026-08-31 14:02:01,-35.3632625,149.1652371,0.015,0.02431437559425831,102,40,LAND,False
2026-08-31 14:02:02,-35.3632625,149.1652371,0.015,0.024043461307883263,102,40,LAND,False
2026-08-31 14:02:02,-35.3632625,149.1652371,0.015,0.023978475481271744,102,40,LAND,False
2026-08-31 14:02:02,-35.3632625,149.1652371,0.015,0.02395714446902275,102,40,LAND,False
2026-08-31 14:02:03,-35.3632625,149.1652371,0.015,0.0238060150295496,102,40,LAND,False
2026-08-31 14:02:03,-35.3632625,149.1652371,0.015,0.023904740810394287,102,40,LAND,False
2026-08-31 14:02:04,-35.3632625,149.1652371,0.015,0.023557081818580627,102,40,LAND,False
2026-08-31 14:02:04,-35.3632625,149.1652371,0.015,0.023736407980322838,102,40,LAND,False
2026-08-31 14:02:04,-35.3632625,149.1652371,0.015,0.02390293776988983,102,40,LAND,False
2026-08-31 14:02:05,-35.3632625,149.1652371,0.015,0.023743879050016403,102,40,LAND,False
2026-08-31 14:02:05,-35.3632625,149.1652371,0.015,0.02377714402973652,102,40,LAND,False
2026-08-31 14:02:06,-35.3632625,149.1652371,0.015,0.023511016741394997,102,40,LAND,False
2026-08-31 14:02:06,-35.3632625,149.1652371,0.015,0.02346840873360634,102,40,LAND,False
2026-08-31 14:02:06,-35.3632625,149.1652371,0.015,0.023599807173013687,102,40,LAND,False
2026-08-31 14:02:07,-35.3632625,149.1652371,0.015,0.023380370810627937,102,40,LAND,False
2026-08-31 14:02:07,-35.3632625,149.1652371,0.015,0.023570839315652847,102,40,LAND,False
2026-08-31 14:02:08,-35.3632625,149.1652371,0.016,0.023517433553934097,102,40,LAND,False
2026-08-31 14:02:08,-35.3632625,149.1652371,0.016,0.023497987538576126,102,40,LAND,False
2026-08-31 14:02:08,-35.3632625,149.1652371,0.016,0.023408761247992516,102,40,LAND,False
2026-08-31 14:02:09,-35.3632625,149.1652371,0.016,0.02357829548418522,102,40,LAND,False
2026-08-31 14:02:09,-35.3632625,149.1652371,0.016,0.023728417232632637,102,40,LAND,False
2026-08-31 14:02:10,-35.3632625,149.1652371,0.016,0.02339191921055317,102,40,LAND,False
2026-08-31 14:02:10,-35.3632625,149.1652371,0.016,0.023427678272128105,102,40,LAND,False
2026-08-31 14:02:10,-35.3632625,149.1652371,0.016,0.023648429661989212,102,40,LAND,False
2026-08-31 14:02:11,-35.3632625,149.1652371,0.016,0.023464778438210487,102,40,LAND,False
2026-08-31 14:02:11,-35.3632625,149.1652371,0.016,0.023564394563436508,102,40,LAND,False
2026-08-31 14:02:12,-35.3632625,149.1652371,0.016,0.023395279422402382,102,40,LAND,False
2026-08-31 14:02:12,-35.3632625,149.1652371,0.015,0.02354697324335575,102,40,LAND,False
2026-08-31 14:02:12,-35.3632625,149.1652371,0.015,0.023557065054774284,102,40,LAND,False
2026-08-31 14:02:13,-35.3632625,149.1652371,0.015,0.023431379348039627,102,40,LAND,False
2026-08-31 14:02:13,-35.3632625,149.1652371,0.015,0.023719971999526024,102,40,LAND,False
2026-08-31 14:02:14,-35.3632625,149.1652371,0.015,0.023336980491876602,102,40,LAND,False
2026-08-31 14:02:14,-35.3632625,149.1652371,0.015,0.023521948605775833,102,40,LAND,False
2026-08-31 14:02:14,-35.3632625,149.1652371,0.015,0.023521948605775833,102,40,LAND,False
2026-08-31 14:02:14,-35.3632625,149.1652371,0.015,0.02336958982050419,102,40,LAND,False
2026-08-31 14:02:15,-35.3632625,149.1652371,0.015,0.023493263870477676,102,40,LAND,False
2026-08-31 14:02:15,-35.3632625,149.1652371,0.015,0.02361852489411831,102,40,LAND,False
2026-08-31 14:02:16,-35.3632625,149.1652371,0.015,0.023516945540905,102,40,LAND,False
2026-08-31 14:02:16,-35.3632625,149.1652371,0.015,0.023829111829400063,102,40,LAND,False
2026-08-31 14:02:16,-35.3632625,149.1652371,0.015,0.02384190633893013,102,40,LAND,False
2026-08-31 14:02:17,-35.3632625,149.1652371,0.015,0.02369861863553524,102,40,LAND,False
2026-08-31 14:02:18,-35.3632625,149.1652371,0.015,0.02358526550233364,102,40,LAND,False
2026-08-31 14:02:18,-35.3632625,149.1652371,0.015,0.02366678975522518,102,40,LAND,False
2026-08-31 14:02:18,-35.3632625,149.1652371,0.015,0.023817451670765877,102,40,LAND,False
2026-08-31 14:02:19,-35.3632625,149.1652371,0.015,0.023519832640886307,102,40,LAND,False
2026-08-31 14:02:19,-35.3632625,149.1652371,0.015,0.023668359965085983,102,40,LAND,False
2026-08-31 14:02:19,-35.3632625,149.1652371,0.015,0.02368980087339878,102,40,LAND,False
2026-08-31 14:02:20,-35.3632625,149.1652371,0.015,0.023478856310248375,102,40,LAND,False
2026-08-31 14:02:20,-35.3632625,149.1652371,0.015,0.023543022572994232,102,40,LAND,False
2026-08-31 14:02:21,-35.3632625,149.1652371,0.015,0.023575017228722572,102,40,LAND,False
2026-08-31 14:02:21,-35.3632625,149.1652371,0.015,0.023830903694033623,102,40,LAND,False
2026-08-31 14:02:21,-35.3632625,149.1652371,0.015,0.02377348206937313,102,40,LAND,False
2026-08-31 14:02:22,-35.3632625,149.1652371,0.015,0.023745186626911163,102,40,LAND,False
2026-08-31 14:02:22,-35.3632625,149.1652371,0.015,0.023895325139164925,102,40,LAND,False
2026-08-31 14:02:22,-35.3632625,149.1652371,0.015,0.023711085319519043,102,40,LAND,False
2026-08-31 14:02:23,-35.3632625,149.1652371,0.015,0.023682154715061188,102,40,LAND,False
2026-08-31 14:02:23,-35.3632625,149.1652371,0.015,0.023735489696264267,102,40,LAND,False
2026-08-31 14:02:24,-35.3632625,149.1652371,0.015,0.023643745109438896,102,40,LAND,False
2026-08-31 14:02:24,-35.3632625,149.1652371,0.015,0.02402161806821823,102,40,LAND,False
2026-08-31 14:02:24,-35.3632625,149.1652371,0.015,0.023823929950594902,102,40,LAND,False
2026-08-31 14:02:25,-35.3632625,149.1652371,0.015,0.02380276657640934,102,40,LAND,False
2026-08-31 14:02:25,-35.3632625,149.1652371,0.015,0.024066416546702385,102,40,LAND,False
2026-08-31 14:02:26,-35.3632625,149.1652371,0.015,0.02388547733426094,102,40,LAND,False
2026-08-31 14:02:26,-35.3632625,149.1652371,0.015,0.024026721715927124,102,40,LAND,False
2026-08-31 14:02:27,-35.3632625,149.1652371,0.015,0.0237799733877182,102,40,LAND,False
2026-08-31 14:02:27,-35.3632625,149.1652371,0.015,0.023690227419137955,102,40,LAND,False
2026-08-31 14:02:27,-35.3632625,149.1652371,0.015,0.023850752040743828,102,40,LAND,False
2026-08-31 14:02:28,-35.3632625,149.1652371,0.015,0.023690180853009224,102,40,LAND,False
2026-08-31 14:02:28,-35.3632625,149.1652371,0.015,0.023736149072647095,102,40,LAND,False
2026-08-31 14:02:29,-35.3632625,149.1652371,0.015,0.02375376597046852,102,40,LAND,False
2026-08-31 14:02:29,-35.3632625,149.1652371,0.015,0.023709766566753387,102,40,LAND,False
2026-08-31 14:02:29,-35.3632625,149.1652371,0.015,0.02362765185534954,102,40,LAND,False
2026-08-31 14:02:30,-35.3632625,149.1652371,0.015,0.02355247177183628,102,40,LAND,False
2026-08-31 14:02:30,-35.3632625,149.1652371,0.015,0.023728828877210617,102,40,LAND,False
2026-08-31 14:02:31,-35.3632625,149.1652371,0.015,0.023399250581860542,102,40,LAND,False
2026-08-31 14:02:31,-35.3632625,149.1652371,0.015,0.023454437032341957,102,40,LAND,False
2026-08-31 14:02:32,-35.3632625,149.1652371,0.015,0.023483632132411003,102,40,LAND,False
2026-08-31 14:02:32,-35.3632625,149.1652371,0.015,0.02338159829378128,102,40,LAND,False
2026-08-31 14:02:32,-35.3632625,149.1652371,0.015,0.023475928232073784,102,40,LAND,False
2026-08-31 14:02:33,-35.3632625,149.1652371,0.015,0.023299431428313255,102,40,LAND,False
2026-08-31 14:02:33,-35.3632625,149.1652371,0.015,0.023646537214517593,102,40,LAND,False
2026-08-31 14:02:33,-35.3632625,149.1652371,0.015,0.02344108559191227,102,40,LAND,False
2026-08-31 14:02:34,-35.3632625,149.1652371,0.015,0.023527981713414192,102,40,LAND,False
2026-08-31 14:02:34,-35.3632625,149.1652371,0.015,0.02376774698495865,102,40,LAND,False
2026-08-31 14:02:35,-35.3632625,149.1652371,0.015,0.023659398779273033,102,40,LAND,False
2026-08-31 14:02:35,-35.3632625,149.1652371,0.015,0.02373797632753849,102,40,LAND,False
2026-08-31 14:02:36,-35.3632625,149.1652371,0.015,0.02370464988052845,102,40,LAND,False
2026-08-31 14:02:36,-35.3632625,149.1652371,0.015,0.02368723414838314,102,40,LAND,False
2026-08-31 14:02:36,-35.3632625,149.1652371,0.015,0.023885240778326988,102,40,LAND,False
2026-08-31 14:02:37,-35.3632625,149.1652371,0.015,0.02372271567583084,102,40,LAND,False
2026-08-31 14:02:37,-35.3632625,149.1652371,0.015,0.024025805294513702,102,40,LAND,False
2026-08-31 14:02:37,-35.3632625,149.1652371,0.015,0.023885415866971016,102,40,LAND,False
2026-08-31 14:02:38,-35.3632625,149.1652371,0.015,0.023695725947618484,102,40,LAND,False
2026-08-31 14:02:38,-35.3632625,149.1652371,0.015,0.02374187856912613,102,40,LAND,False
2026-08-31 14:02:39,-35.3632625,149.1652371,0.015,0.023536745458841324,102,40,LAND,False
2026-08-31 14:02:39,-35.3632625,149.1652371,0.015,0.02352834679186344,102,40,LAND,False
2026-08-31 14:02:40,-35.3632625,149.1652371,0.015,0.02304954081773758,102,40,LAND,False
2026-08-31 14:02:40,-35.3632625,149.1652371,0.015,0.023016352206468582,102,40,LAND,False
2026-08-31 14:02:40,-35.3632625,149.1652371,0.015,0.022831110283732414,102,40,LAND,False
2026-08-31 14:02:41,-35.3632625,149.1652371,0.015,0.022589094936847687,102,40,LAND,False
2026-08-31 14:02:41,-35.3632625,149.1652371,0.015,0.022391507402062416,102,40,LAND,False
2026-08-31 14:02:41,-35.3632625,149.1652371,0.015,0.0222056545317173,102,40,LAND,False
2026-08-31 14:02:42,-35.3632625,149.1652371,0.015,0.021427875384688377,102,40,LAND,False
2026-08-31 14:02:42,-35.3632625,149.1652371,0.015,0.021178336814045906,102,40,LAND,False
2026-08-31 14:02:43,-35.3632625,149.1652371,0.015,0.01972663588821888,102,40,LAND,False
2026-08-31 14:02:43,-35.3632625,149.1652371,0.015,0.019325191155076027,102,40,LAND,False
2026-08-31 14:02:43,-35.3632625,149.1652371,0.015,0.01827239990234375,102,40,LAND,False
2026-08-31 14:02:44,-35.3632625,149.1652371,0.015,0.01775328256189823,102,40,LAND,False
2026-08-31 14:02:44,-35.3632625,149.1652371,0.015,0.016508644446730614,102,40,LAND,False
2026-08-31 14:02:45,-35.3632625,149.1652371,0.015,0.015868138521909714,102,40,LAND,False
2026-08-31 14:02:45,-35.3632625,149.1652371,0.015,0.014681857079267502,102,40,LAND,False
2026-08-31 14:02:46,-35.3632625,149.1652371,0.015,0.013939247466623783,102,40,LAND,False
2026-08-31 14:02:46,-35.3632625,149.1652371,0.015,0.012753677554428577,102,40,LAND,False
2026-08-31 14:02:46,-35.3632625,149.1652371,0.015,0.012341727502644062,102,40,LAND,False
2026-08-31 14:02:47,-35.3632625,149.1652371,0.015,0.011049089953303337,102,40,LAND,False
2026-08-31 14:02:47,-35.3632625,149.1652371,0.015,0.010438578203320503,102,40,LAND,False
2026-08-31 14:02:47,-35.3632625,149.1652371,0.015,0.010438578203320503,102,40,LAND,False
2026-08-31 14:02:48,-35.3632625,149.1652371,0.015,0.008793745189905167,102,40,LAND,False
2026-08-31 14:02:48,-35.3632625,149.1652371,0.015,0.008338842540979385,102,40,LAND,False
2026-08-31 14:02:48,-35.3632625,149.1652371,0.015,0.007288703229278326,102,40,LAND,False
2026-08-31 14:02:49,-35.3632625,149.1652371,0.015,0.006622102111577988,102,40,LAND,False
2026-08-31 14:02:49,-35.3632625,149.1652371,0.015,0.005058117676526308,102,40,LAND,False
2026-08-31 14:02:50,-35.3632625,149.1652371,0.015,0.00450080307200551,102,40,LAND,False
2026-08-31 14:02:50,-35.3632625,149.1652371,0.015,0.003699851455166936,102,40,LAND,False
2026-08-31 14:02:51,-35.3632625,149.1652371,0.015,0.003319984069094062,102,40,LAND,False
2026-08-31 14:02:51,-35.3632625,149.1652371,0.015,0.0023920980747789145,102,40,LAND,False
2026-08-31 14:02:51,-35.3632625,149.1652371,0.015,0.0020526298321783543,102,40,LAND,False
2026-08-31 14:02:52,-35.3632625,149.1652371,0.015,0.0009690884035080671,102,40,LAND,False
2026-08-31 14:02:52,-35.3632625,149.1652371,0.015,0.0005198608851060271,102,40,LAND,False
2026-08-31 14:02:52,-35.3632625,149.1652371,0.015,0.0005198608851060271,102,40,LAND,False
2026-08-31 14:02:53,-35.3632625,149.1652371,0.015,0.0006912036915309727,102,40,LAND,False
2026-08-31 14:02:53,-35.3632625,149.1652371,0.015,0.001043372438289225,102,40,LAND,False
2026-08-31 14:02:53,-35.3632625,149.1652371,0.015,0.0016183912521228194,102,40,LAND,False
2026-08-31 14:02:54,-35.3632625,149.165237,0.015,0.0019361971644684672,102,40,LAND,False
2026-08-31 14:02:54,-35.3632625,149.165237,0.015,0.002701635006815195,102,40,LAND,False
2026-08-31 14:02:55,-35.3632625,149.165237,0.015,0.003079372923821211,102,40,LAND,False
2026-08-31 14:02:55,-35.3632625,149.165237,0.015,0.004163865931332111,102,40,LAND,False
2026-08-31 14:02:55,-35.3632625,149.165237,0.015,0.00431404635310173,102,40,LAND,False
2026-08-31 14:02:56,-35.3632625,149.165237,0.015,0.004846916534006596,102,40,LAND,False
2026-08-31 14:02:56,-35.3632625,149.165237,0.015,0.0051753101870417595,102,40,LAND,False
2026-08-31 14:02:56,-35.3632625,149.165237,0.015,0.005798168946057558,102,40,LAND,False
2026-08-31 14:02:57,-35.3632625,149.165237,0.015,0.006036191713064909,102,40,LAND,False
2026-08-31 14:02:57,-35.3632625,149.165237,0.015,0.0067323800176382065,102,40,LAND,False
2026-08-31 14:02:58,-35.3632625,149.165237,0.015,0.007039591204375029,102,40,LAND,False
2026-08-31 14:02:58,-35.3632625,149.165237,0.015,0.007748794741928577,102,40,LAND,False
2026-08-31 14:02:58,-35.3632625,149.165237,0.015,0.008010911755263805,102,40,LAND,False
2026-08-31 14:02:59,-35.3632625,149.165237,0.015,0.008645457215607166,102,40,LAND,False
2026-08-31 14:03:00,-35.3632625,149.165237,0.015,0.009541511535644531,102,40,LAND,False
2026-08-31 14:03:00,-35.3632625,149.165237,0.015,0.00974595919251442,103,40,LAND,False
2026-08-31 14:03:00,-35.3632625,149.165237,0.015,0.009971406310796738,103,40,LAND,False
2026-08-31 14:03:00,-35.3632625,149.165237,0.015,0.010075111873447895,103,40,LAND,False
2026-08-31 14:03:01,-35.3632625,149.165237,0.015,0.010261897929012775,103,40,LAND,False
2026-08-31 14:03:01,-35.3632625,149.165237,0.015,0.010261897929012775,103,40,LAND,False
2026-08-31 14:03:01,-35.3632625,149.165237,0.015,0.01090145856142044,103,40,LAND,False
2026-08-31 14:03:02,-35.3632625,149.165237,0.015,0.010976406745612621,103,40,LAND,False
2026-08-31 14:03:02,-35.3632625,149.165237,0.015,0.011495904996991158,103,40,LAND,False
2026-08-31 14:03:03,-35.3632625,149.165237,0.015,0.011629053391516209,103,40,LAND,False
2026-08-31 14:03:03,-35.3632625,149.165237,0.015,0.012100951746106148,103,40,LAND,False
2026-08-31 14:03:03,-35.3632625,149.165237,0.015,0.012297647073864937,103,40,LAND,False
2026-08-31 14:03:04,-35.3632625,149.165237,0.015,0.012714329175651073,103,40,LAND,False
2026-08-31 14:03:04,-35.3632625,149.165237,0.015,0.01291412953287363,103,40,LAND,False
2026-08-31 14:03:05,-35.3632625,149.165237,0.015,0.013223078101873398,103,40,LAND,False
2026-08-31 14:03:05,-35.3632625,149.165237,0.015,0.013500241562724113,103,40,LAND,False
2026-08-31 14:03:05,-35.3632625,149.165237,0.015,0.014047082513570786,103,40,LAND,False
2026-08-31 14:03:06,-35.3632625,149.1652369,0.015,0.014121239073574543,103,40,LAND,False
2026-08-31 14:03:06,-35.3632625,149.1652369,0.015,0.01452910341322422,103,40,LAND,False
2026-08-31 14:03:06,-35.3632625,149.1652369,0.015,0.01461116410791874,103,40,LAND,False
2026-08-31 14:03:07,-35.3632625,149.1652369,0.015,0.015119384974241257,103,40,LAND,False
2026-08-31 14:03:07,-35.3632625,149.1652369,0.015,0.01525605097413063,103,40,LAND,False
2026-08-31 14:03:08,-35.3632625,149.1652369,0.015,0.015407338738441467,103,40,LAND,False
2026-08-31 14:03:08,-35.3632625,149.1652369,0.015,0.015618689358234406,103,40,LAND,False
2026-08-31 14:03:08,-35.3632625,149.1652369,0.015,0.01584434136748314,103,40,LAND,False
2026-08-31 14:03:09,-35.3632625,149.1652369,0.015,0.016057856380939484,103,40,LAND,False
2026-08-31 14:03:09,-35.3632625,149.1652369,0.015,0.016410453245043755,103,40,LAND,False
2026-08-31 14:03:10,-35.3632625,149.1652369,0.015,0.01645277813076973,103,40,LAND,False
2026-08-31 14:03:10,-35.3632625,149.1652369,0.015,0.016736004501581192,103,40,LAND,False
2026-08-31 14:03:10,-35.3632625,149.1652369,0.015,0.016941800713539124,103,40,LAND,False
2026-08-31 14:03:11,-35.3632625,149.1652369,0.015,0.017003128305077553,103,40,LAND,False
2026-08-31 14:03:11,-35.3632625,149.1652369,0.015,0.017232242971658707,103,40,LAND,False
2026-08-31 14:03:12,-35.3632625,149.1652369,0.015,0.017411373555660248,103,40,LAND,False
2026-08-31 14:03:12,-35.3632625,149.1652369,0.015,0.01764063350856304,103,40,LAND,False
2026-08-31 14:03:12,-35.3632625,149.1652369,0.015,0.017812112346291542,103,40,LAND,False
2026-08-31 14:03:13,-35.3632625,149.1652369,0.015,0.017955414950847626,103,40,LAND,False
2026-08-31 14:03:13,-35.3632625,149.1652369,0.015,0.018159743398427963,103,40,LAND,False
2026-08-31 14:03:14,-35.3632625,149.1652369,0.015,0.01806318573653698,103,40,LAND,False
2026-08-31 14:03:14,-35.3632625,149.1652369,0.015,0.018412189558148384,103,40,LAND,False
2026-08-31 14:03:14,-35.3632625,149.1652369,0.015,0.01847158744931221,103,40,LAND,False
2026-08-31 14:03:15,-35.3632625,149.1652369,0.015,0.01849653571844101,103,40,LAND,False
2026-08-31 14:03:15,-35.3632625,149.1652369,0.015,0.018670547753572464,103,40,LAND,False
2026-08-31 14:03:16,-35.3632625,149.1652369,0.015,0.018988197669386864,103,40,LAND,False
2026-08-31 14:03:16,-35.3632625,149.1652369,0.015,0.019271036610007286,103,40,LAND,False
2026-08-31 14:03:17,-35.3632625,149.1652369,0.015,0.019241301342844963,103,40,LAND,False
2026-08-31 14:03:17,-35.3632625,149.1652369,0.015,0.019431937485933304,103,40,LAND,False
2026-08-31 14:03:17,-35.3632625,149.1652369,0.015,0.019683165475726128,103,40,LAND,False
2026-08-31 14:03:18,-35.3632625,149.1652369,0.015,0.01973745785653591,103,40,LAND,False
2026-08-31 14:03:18,-35.3632625,149.1652369,0.015,0.02007376402616501,103,40,LAND,False
2026-08-31 14:03:19,-35.3632625,149.1652369,0.015,0.020236244425177574,103,40,LAND,False
2026-08-31 14:03:19,-35.3632625,149.1652369,0.015,0.020324071869254112,103,40,LAND,False
2026-08-31 14:03:19,-35.3632625,149.1652369,0.015,0.020495504140853882,103,40,LAND,False
2026-08-31 14:03:20,-35.3632625,149.1652369,0.015,0.020377267152071,103,40,LAND,False
2026-08-31 14:03:20,-35.3632625,149.1652369,0.015,0.02053115889430046,103,40,LAND,False
2026-08-31 14:03:20,-35.3632625,149.1652369,0.015,0.02053115889430046,103,40,LAND,False
2026-08-31 14:03:21,-35.3632625,149.1652369,0.015,0.020497355610132217,103,40,LAND,False
2026-08-31 14:03:21,-35.3632625,149.1652369,0.015,0.02040119841694832,103,40,LAND,False
2026-08-31 14:03:21,-35.3632625,149.1652369,0.015,0.02046032063663006,103,40,LAND,False
2026-08-31 14:03:22,-35.3632625,149.1652369,0.015,0.020426247268915176,103,40,LAND,False
2026-08-31 14:03:22,-35.3632625,149.1652369,0.015,0.020555639639496803,103,40,LAND,False
2026-08-31 14:03:23,-35.3632625,149.1652369,0.015,0.020525384694337845,103,40,LAND,False
2026-08-31 14:03:23,-35.3632625,149.1652369,0.015,0.020744072273373604,103,40,LAND,False
2026-08-31 14:03:23,-35.3632625,149.1652369,0.015,0.020781047642230988,103,40,LAND,False
2026-08-31 14:03:24,-35.3632625,149.1652369,0.015,0.020768748596310616,103,40,LAND,False
2026-08-31 14:03:24,-35.3632625,149.1652369,0.015,0.020955603569746017,103,40,LAND,False
2026-08-31 14:03:24,-35.3632625,149.1652369,0.015,0.020771324634552002,103,40,LAND,False
2026-08-31 14:03:25,-35.3632625,149.1652369,0.015,0.02081618830561638,103,40,LAND,False
2026-08-31 14:03:25,-35.3632625,149.1652369,0.015,0.02112427167594433,103,40,LAND,False
2026-08-31 14:03:26,-35.3632625,149.1652369,0.015,0.021031124517321587,103,40,LAND,False
2026-08-31 14:03:26,-35.3632625,149.1652369,0.015,0.021312611177563667,103,40,LAND,False
2026-08-31 14:03:27,-35.3632625,149.1652369,0.015,0.021164914593100548,103,40,LAND,False
2026-08-31 14:03:27,-35.3632625,149.1652369,0.015,0.02139226719737053,103,40,LAND,False
2026-08-31 14:03:27,-35.3632625,149.1652369,0.014,0.02139226719737053,103,40,LAND,False
2026-08-31 14:03:28,-35.3632625,149.1652369,0.014,0.021442875266075134,103,40,LAND,False
2026-08-31 14:03:28,-35.3632625,149.1652369,0.014,0.021658478304743767,103,40,LAND,False
2026-08-31 14:03:29,-35.3632625,149.1652369,0.014,0.021425621584057808,103,40,LAND,False
2026-08-31 14:03:29,-35.3632625,149.1652369,0.014,0.021438833326101303,103,40,LAND,False
2026-08-31 14:03:29,-35.3632625,149.1652369,0.014,0.02186601050198078,103,40,LAND,False
2026-08-31 14:03:30,-35.3632625,149.1652369,0.014,0.021768050268292427,103,40,LAND,False
2026-08-31 14:03:30,-35.3632625,149.1652369,0.014,0.022019965574145317,103,40,LAND,False
2026-08-31 14:03:30,-35.3632625,149.1652369,0.014,0.022092176601290703,103,40,LAND,False
2026-08-31 14:03:31,-35.3632625,149.1652369,0.014,0.022132661193609238,104,40,LAND,False
2026-08-31 14:03:31,-35.3632625,149.1652369,0.014,0.022369777783751488,104,40,LAND,False
2026-08-31 14:03:32,-35.3632625,149.1652369,0.014,0.022102974355220795,104,40,LAND,False
2026-08-31 14:03:32,-35.3632625,149.1652369,0.014,0.022237012162804604,104,40,LAND,False
2026-08-31 14:03:33,-35.3632625,149.1652369,0.014,0.02233494073152542,104,40,LAND,False
2026-08-31 14:03:33,-35.3632625,149.1652369,0.014,0.02219708263874054,104,40,LAND,False
2026-08-31 14:03:33,-35.3632625,149.1652369,0.014,0.02251249924302101,104,40,LAND,False
2026-08-31 14:03:34,-35.3632625,149.1652369,0.015,0.022425582632422447,104,40,LAND,False
2026-08-31 14:03:34,-35.3632625,149.1652369,0.015,0.022583628073334694,104,40,LAND,False
2026-08-31 14:03:34,-35.3632625,149.1652369,0.015,0.02244030311703682,104,40,LAND,False
2026-08-31 14:03:35,-35.3632625,149.1652369,0.015,0.022616662085056305,104,40,LAND,False
2026-08-31 14:03:35,-35.3632625,149.1652369,0.015,0.0225782860070467,104,40,LAND,False
2026-08-31 14:03:36,-35.3632625,149.1652369,0.015,0.02235547825694084,104,40,LAND,False
2026-08-31 14:03:36,-35.3632625,149.1652369,0.015,0.02248760685324669,104,40,LAND,False
2026-08-31 14:03:37,-35.3632625,149.1652369,0.015,0.022216666489839554,104,40,LAND,False
2026-08-31 14:03:37,-35.3632625,149.1652369,0.015,0.022305788472294807,104,40,LAND,False
2026-08-31 14:03:37,-35.3632625,149.1652369,0.015,0.022414207458496094,104,40,LAND,False
2026-08-31 14:03:38,-35.3632625,149.1652369,0.015,0.02235862985253334,104,40,LAND,False
2026-08-31 14:03:38,-35.3632625,149.1652369,0.015,0.022692639380693436,104,40,LAND,False
2026-08-31 14:03:39,-35.3632625,149.1652369,0.015,0.02265055477619171,104,40,LAND,False
2026-08-31 14:03:39,-35.3632625,149.1652369,0.015,0.02268298715353012,104,40,LAND,False
2026-08-31 14:03:39,-35.3632625,149.1652369,0.015,0.022694038227200508,104,40,LAND,False
2026-08-31 14:03:40,-35.3632625,149.1652369,0.015,0.022671351209282875,104,40,LAND,False
2026-08-31 14:03:40,-35.3632625,149.1652369,0.015,0.022925153374671936,104,40,LAND,False
2026-08-31 14:03:41,-35.3632625,149.1652369,0.015,0.022654782980680466,104,40,LAND,False
2026-08-31 14:03:41,-35.3632625,149.1652369,0.015,0.02261391095817089,104,40,LAND,False
2026-08-31 14:03:41,-35.3632625,149.1652369,0.015,0.022652985528111458,104,40,LAND,False
2026-08-31 14:03:42,-35.3632625,149.1652369,0.015,0.022639377042651176,104,40,LAND,False
2026-08-31 14:03:42,-35.3632625,149.1652369,0.015,0.022708743810653687,104,40,LAND,False
2026-08-31 14:03:43,-35.3632625,149.1652369,0.015,0.022762572392821312,104,40,LAND,False
2026-08-31 14:03:43,-35.3632625,149.1652369,0.015,0.023067452013492584,104,40,LAND,False
2026-08-31 14:03:44,-35.3632625,149.1652369,0.015,0.023044466972351074,104,40,LAND,False
2026-08-31 14:03:44,-35.3632625,149.1652369,0.015,0.02307358756661415,104,40,LAND,False
2026-08-31 14:03:44,-35.3632625,149.1652369,0.015,0.023287223652005196,104,40,LAND,False
2026-08-31 14:03:45,-35.3632625,149.1652369,0.015,0.023100415244698524,104,40,LAND,False
2026-08-31 14:03:45,-35.3632625,149.1652369,0.015,0.023142123594880104,104,40,LAND,False
2026-08-31 14:03:45,-35.3632625,149.1652369,0.015,0.023228416219353676,104,40,LAND,False
2026-08-31 14:03:46,-35.3632625,149.1652369,0.015,0.023079387843608856,104,40,LAND,False
2026-08-31 14:03:46,-35.3632625,149.1652369,0.015,0.023079387843608856,104,40,LAND,False
2026-08-31 14:03:46,-35.3632625,149.1652369,0.015,0.023418685421347618,104,40,LAND,False
2026-08-31 14:03:47,-35.3632625,149.1652369,0.015,0.023188352584838867,104,40,LAND,False
2026-08-31 14:03:47,-35.3632625,149.1652369,0.015,0.023373782634735107,104,40,LAND,False
2026-08-31 14:03:48,-35.3632625,149.1652369,0.015,0.02329672873020172,104,40,LAND,False
2026-08-31 14:03:48,-35.3632625,149.1652369,0.015,0.023078370839357376,104,40,LAND,False
2026-08-31 14:03:48,-35.3632625,149.1652369,0.015,0.023351261392235756,104,40,LAND,False
2026-08-31 14:03:49,-35.3632625,149.1652369,0.015,0.02326309122145176,104,40,LAND,False
2026-08-31 14:03:49,-35.3632625,149.1652369,0.015,0.02325519360601902,104,40,LAND,False
2026-08-31 14:03:50,-35.3632625,149.1652369,0.015,0.023415429517626762,104,40,LAND,False
2026-08-31 14:03:50,-35.3632625,149.1652369,0.015,0.023360326886177063,104,40,LAND,False
2026-08-31 14:03:50,-35.3632625,149.1652369,0.015,0.023457888513803482,104,40,LAND,False
2026-08-31 14:03:51,-35.3632625,149.1652369,0.015,0.02332780323922634,104,40,LAND,False
2026-08-31 14:03:51,-35.3632625,149.1652369,0.015,0.023468472063541412,104,40,LAND,False
2026-08-31 14:03:52,-35.3632625,149.1652369,0.015,0.02345573902130127,104,40,LAND,False
2026-08-31 14:03:52,-35.3632625,149.1652369,0.015,0.02330196090042591,104,40,LAND,False
2026-08-31 14:03:53,-35.3632625,149.1652369,0.015,0.023256244137883186,104,40,LAND,False
2026-08-31 14:03:53,-35.3632625,149.1652369,0.015,0.02309069223701954,104,40,LAND,False
2026-08-31 14:03:53,-35.3632625,149.1652369,0.015,0.023178989067673683,104,40,LAND,False
2026-08-31 14:03:54,-35.3632625,149.1652369,0.015,0.02334091253578663,104,40,LAND,False
2026-08-31 14:03:54,-35.3632625,149.1652369,0.015,0.023285459727048874,104,40,LAND,False
2026-08-31 14:03:55,-35.3632625,149.1652369,0.015,0.02354559302330017,104,40,LAND,False
2026-08-31 14:03:55,-35.3632625,149.1652369,0.015,0.023381898179650307,104,40,LAND,False
2026-08-31 14:03:56,-35.3632625,149.1652369,0.015,0.02334589697420597,104,40,LAND,False
2026-08-31 14:03:56,-35.3632625,149.1652369,0.015,0.02334589697420597,104,40,LAND,False
2026-08-31 14:03:56,-35.3632625,149.1652369,0.015,0.02335803024470806,104,40,LAND,False
2026-08-31 14:03:57,-35.3632625,149.1652369,0.015,0.02346745692193508,104,40,LAND,False
2026-08-31 14:03:57,-35.3632625,149.1652369,0.015,0.02338801510632038,104,40,LAND,False
2026-08-31 14:03:57,-35.3632625,149.1652369,0.015,0.02366529405117035,104,40,LAND,False
2026-08-31 14:03:58,-35.3632625,149.1652369,0.015,0.02344236522912979,104,40,LAND,False
2026-08-31 14:03:58,-35.3632625,149.1652369,0.015,0.023541415110230446,104,40,LAND,False
2026-08-31 14:03:58,-35.3632625,149.1652369,0.015,0.023541415110230446,104,40,LAND,False
2026-08-31 14:03:59,-35.3632625,149.1652369,0.015,0.023719770833849907,104,40,LAND,False
2026-08-31 14:03:59,-35.3632625,149.1652369,0.015,0.023593444377183914,104,40,LAND,False
2026-08-31 14:04:00,-35.3632625,149.1652369,0.015,0.023785334080457687,104,40,LAND,False
2026-08-31 14:04:00,-35.3632625,149.1652369,0.015,0.023689517751336098,104,40,LAND,False
2026-08-31 14:04:00,-35.3632625,149.1652369,0.015,0.02387729287147522,104,40,LAND,False
2026-08-31 14:04:01,-35.3632625,149.1652369,0.015,0.023871425539255142,104,40,LAND,False
2026-08-31 14:04:01,-35.3632625,149.1652369,0.015,0.02365068718791008,104,40,LAND,False
2026-08-31 14:04:01,-35.3632625,149.1652369,0.015,0.02375647984445095,104,40,LAND,False
2026-08-31 14:04:02,-35.3632625,149.1652369,0.015,0.023499539121985435,104,40,LAND,False
2026-08-31 14:04:02,-35.3632625,149.1652369,0.015,0.02347327023744583,104,40,LAND,False
2026-08-31 14:04:03,-35.3632625,149.1652369,0.015,0.023668138310313225,104,40,LAND,False
2026-08-31 14:04:03,-35.3632625,149.1652369,0.015,0.023380177095532417,104,40,LAND,False
2026-08-31 14:04:03,-35.3632625,149.1652369,0.015,0.023625506088137627,104,40,LAND,False
2026-08-31 14:04:04,-35.3632625,149.1652369,0.015,0.02364211343228817,104,40,LAND,False
2026-08-31 14:04:04,-35.3632625,149.1652369,0.015,0.023848719894886017,104,40,LAND,False
2026-08-31 14:04:05,-35.3632625,149.1652369,0.015,0.023746559396386147,104,40,LAND,False
2026-08-31 14:04:05,-35.3632625,149.1652369,0.015,0.023870740085840225,104,40,LAND,False
2026-08-31 14:04:05,-35.3632625,149.1652369,0.015,0.02407931350171566,104,40,LAND,False
2026-08-31 14:04:06,-35.3632625,149.1652369,0.015,0.0237614456564188,104,40,LAND,False
2026-08-31 14:04:06,-35.3632625,149.1652369,0.015,0.02379683405160904,104,40,LAND,False
2026-08-31 14:04:06,-35.3632625,149.1652369,0.015,0.02390667051076889,104,40,LAND,False
2026-08-31 14:04:07,-35.3632625,149.1652369,0.015,0.02383585087954998,104,40,LAND,False
2026-08-31 14:04:07,-35.3632625,149.1652369,0.015,0.024070890620350838,104,40,LAND,False
2026-08-31 14:04:08,-35.3632625,149.1652369,0.015,0.02407499961555004,104,40,LAND,False
2026-08-31 14:04:08,-35.3632625,149.1652369,0.015,0.02389686368405819,104,40,LAND,False
2026-08-31 14:04:09,-35.3632625,149.1652369,0.015,0.023610353469848633,104,40,LAND,False
2026-08-31 14:04:09,-35.3632625,149.1652369,0.015,0.023634521290659904,104,40,LAND,False
2026-08-31 14:04:09,-35.3632625,149.1652369,0.015,0.023754531517624855,104,40,LAND,False
2026-08-31 14:04:10,-35.3632625,149.1652369,0.015,0.023458335548639297,104,40,LAND,False
2026-08-31 14:04:10,-35.3632625,149.1652369,0.015,0.023364216089248657,104,40,LAND,False
2026-08-31 14:04:11,-35.3632625,149.1652369,0.015,0.023445555940270424,104,40,LAND,False
2026-08-31 14:04:11,-35.3632625,149.1652369,0.015,0.023245422169566154,104,40,LAND,False
2026-08-31 14:04:11,-35.3632625,149.1652369,0.015,0.023567667230963707,104,40,LAND,False
2026-08-31 14:04:12,-35.3632625,149.1652369,0.015,0.023522231727838516,104,40,LAND,False
2026-08-31 14:04:12,-35.3632625,149.1652369,0.015,0.023428956046700478,104,40,LAND,False
2026-08-31 14:04:13,-35.3632625,149.1652369,0.015,0.023455612361431122,104,40,LAND,False
2026-08-31 14:04:13,-35.3632625,149.1652369,0.015,0.02334217168390751,104,40,LAND,False
2026-08-31 14:04:13,-35.3632625,149.1652369,0.015,0.023378686979413033,104,40,LAND,False
2026-08-31 14:04:14,-35.3632625,149.1652369,0.015,0.02313888445496559,104,40,LAND,False
2026-08-31 14:04:14,-35.3632625,149.1652369,0.015,0.023246973752975464,104,40,LAND,False
2026-08-31 14:04:15,-35.3632625,149.1652369,0.015,0.02336059883236885,104,40,LAND,False
2026-08-31 14:04:15,-35.3632625,149.1652369,0.015,0.023275943472981453,104,40,LAND,False
2026-08-31 14:04:15,-35.3632625,149.1652369,0.015,0.02366013079881668,105,40,LAND,False
2026-08-31 14:04:16,-35.3632625,149.1652369,0.015,0.023399867117404938,105,40,LAND,False
2026-08-31 14:04:16,-35.3632625,149.1652369,0.015,0.02338946983218193,105,40,LAND,False
2026-08-31 14:04:17,-35.3632625,149.1652369,0.015,0.02338765561580658,105,40,LAND,False
2026-08-31 14:04:17,-35.3632625,149.1652369,0.015,0.02336728572845459,105,40,LAND,False
2026-08-31 14:04:17,-35.3632625,149.1652369,0.015,0.023494578897953033,105,40,LAND,False
2026-08-31 14:04:18,-35.3632625,149.1652369,0.015,0.023317070677876472,105,40,LAND,False
2026-08-31 14:04:18,-35.3632625,149.1652369,0.015,0.02345735765993595,105,40,LAND,False
2026-08-31 14:04:18,-35.3632625,149.1652369,0.015,0.023648621514439583,105,40,LAND,False
2026-08-31 14:04:19,-35.3632625,149.1652369,0.015,0.023545604199171066,105,40,LAND,False
2026-08-31 14:04:19,-35.3632625,149.1652369,0.015,0.023896358907222748,105,40,LAND,False
2026-08-31 14:04:20,-35.3632625,149.1652369,0.015,0.023840829730033875,105,40,LAND,False
2026-08-31 14:04:20,-35.3632625,149.1652369,0.015,0.024051543325185776,105,40,LAND,False
2026-08-31 14:04:21,-35.3632625,149.1652369,0.015,0.023998521268367767,105,40,LAND,False
2026-08-31 14:04:21,-35.3632625,149.1652369,0.015,0.02386493608355522,105,40,LAND,False
2026-08-31 14:04:21,-35.3632625,149.1652369,0.015,0.024148521944880486,105,40,LAND,False
2026-08-31 14:04:22,-35.3632625,149.1652369,0.015,0.023871999233961105,105,40,LAND,False
2026-08-31 14:04:22,-35.3632625,149.1652369,0.015,0.023747559636831284,105,40,LAND,False
2026-08-31 14:04:23,-35.3632625,149.1652369,0.015,0.023631472140550613,105,40,LAND,False
2026-08-31 14:04:23,-35.3632625,149.1652369,0.015,0.023463910445570946,105,40,LAND,False
2026-08-31 14:04:23,-35.3632625,149.1652369,0.015,0.023682476952672005,105,40,LAND,False
2026-08-31 14:04:24,-35.3632625,149.1652369,0.015,0.02341587282717228,105,40,LAND,False
2026-08-31 14:04:24,-35.3632625,149.1652369,0.015,0.023457061499357224,105,40,LAND,False
2026-08-31 14:04:25,-35.3632625,149.1652369,0.015,0.023553965613245964,105,40,LAND,False
2026-08-31 14:04:25,-35.3632625,149.1652369,0.015,0.023250071331858635,105,40,LAND,False
2026-08-31 14:04:25,-35.3632625,149.1652369,0.015,0.023451700806617737,105,40,LAND,False
2026-08-31 14:04:26,-35.3632625,149.1652369,0.015,0.02336651273071766,105,40,LAND,False
2026-08-31 14:04:26,-35.3632625,149.1652369,0.015,0.023440474644303322,105,40,LAND,False
2026-08-31 14:04:27,-35.3632625,149.1652369,0.015,0.02349504828453064,105,40,LAND,False
2026-08-31 14:04:27,-35.3632625,149.1652369,0.015,0.023374171927571297,105,40,LAND,False
2026-08-31 14:04:27,-35.3632625,149.1652369,0.015,0.023399388417601585,105,40,LAND,False
2026-08-31 14:04:28,-35.3632625,149.1652369,0.015,0.023258637636899948,105,40,LAND,False
2026-08-31 14:04:28,-35.3632625,149.1652369,0.015,0.023508451879024506,105,40,LAND,False
2026-08-31 14:04:29,-35.3632625,149.1652369,0.015,0.023523779585957527,105,40,LAND,False
2026-08-31 14:04:29,-35.3632625,149.1652369,0.015,0.023416344076395035,105,40,LAND,False
2026-08-31 14:04:29,-35.3632625,149.1652369,0.015,0.02363969013094902,105,40,LAND,False
2026-08-31 14:04:30,-35.3632625,149.1652369,0.015,0.02332431636750698,105,40,LAND,False
2026-08-31 14:04:30,-35.3632625,149.1652369,0.015,0.023359227925539017,105,40,LAND,False
2026-08-31 14:04:31,-35.3632625,149.1652369,0.015,0.023633213713765144,105,40,LAND,False
2026-08-31 14:04:31,-35.3632625,149.1652369,0.015,0.023486493155360222,105,40,LAND,False
2026-08-31 14:04:32,-35.3632625,149.1652369,0.015,0.023711951449513435,105,40,LAND,False
2026-08-31 14:04:32,-35.3632625,149.1652369,0.015,0.023716269060969353,105,40,LAND,False
2026-08-31 14:04:32,-35.3632625,149.1652369,0.015,0.02396804466843605,105,40,LAND,False
2026-08-31 14:04:33,-35.3632625,149.1652369,0.015,0.023959310725331306,105,40,LAND,False
2026-08-31 14:04:33,-35.3632625,149.1652369,0.015,0.023806581273674965,105,40,LAND,False
2026-08-31 14:04:34,-35.3632625,149.1652369,0.015,0.023945404216647148,105,40,LAND,False
2026-08-31 14:04:34,-35.3632625,149.1652369,0.015,0.0237047728151083,105,40,LAND,False
2026-08-31 14:04:34,-35.3632625,149.1652369,0.015,0.023549942299723625,105,40,LAND,False
2026-08-31 14:04:35,-35.3632625,149.1652369,0.015,0.02339084818959236,105,40,LAND,False
2026-08-31 14:04:35,-35.3632625,149.1652369,0.015,0.02340814657509327,105,40,LAND,False
2026-08-31 14:04:36,-35.3632625,149.1652369,0.015,0.02339847944676876,105,40,LAND,False
2026-08-31 14:04:36,-35.3632625,149.1652369,0.015,0.023327110335230827,105,40,LAND,False
2026-08-31 14:04:37,-35.3632625,149.1652369,0.015,0.023713167756795883,105,40,LAND,False
2026-08-31 14:04:37,-35.3632625,149.1652369,0.015,0.023591643199324608,105,40,LAND,False
2026-08-31 14:04:37,-35.3632625,149.1652369,0.015,0.023681191727519035,105,40,LAND,False
2026-08-31 14:04:38,-35.3632625,149.1652369,0.015,0.023614663630723953,105,40,LAND,False
2026-08-31 14:04:38,-35.3632625,149.1652369,0.015,0.023525817319750786,105,40,LAND,False
2026-08-31 14:04:38,-35.3632625,149.1652369,0.015,0.023713424801826477,105,40,LAND,False
2026-08-31 14:04:39,-35.3632625,149.1652369,0.015,0.023462161421775818,105,40,LAND,False
2026-08-31 14:04:39,-35.3632625,149.1652369,0.015,0.023496780544519424,105,40,LAND,False
2026-08-31 14:04:40,-35.3632625,149.1652369,0.015,0.023468835279345512,105,40,LAND,False
2026-08-31 14:04:40,-35.3632625,149.1652369,0.015,0.023413294926285744,105,40,LAND,False
2026-08-31 14:04:41,-35.3632625,149.1652369,0.015,0.02349935472011566,105,40,LAND,False
2026-08-31 14:04:41,-35.3632625,149.1652369,0.015,0.023423941805958748,105,40,LAND,False
2026-08-31 14:04:41,-35.3632625,149.1652369,0.015,0.02362859807908535,105,40,LAND,False
2026-08-31 14:04:42,-35.3632625,149.1652369,0.015,0.023499449715018272,105,40,LAND,False
2026-08-31 14:04:42,-35.3632625,149.1652369,0.015,0.02356628328561783,105,40,LAND,False
2026-08-31 14:04:42,-35.3632625,149.1652369,0.015,0.02373325452208519,105,40,LAND,False
2026-08-31 14:04:43,-35.3632625,149.1652369,0.015,0.023724645376205444,105,40,LAND,False
2026-08-31 14:04:43,-35.3632625,149.1652369,0.015,0.023781076073646545,105,40,LAND,False
2026-08-31 14:04:44,-35.3632625,149.1652369,0.015,0.024061910808086395,105,40,LAND,False
2026-08-31 14:04:44,-35.3632625,149.1652369,0.015,0.023977108299732208,105,40,LAND,False
2026-08-31 14:04:44,-35.3632625,149.1652369,0.015,0.024097008630633354,105,40,LAND,False
2026-08-31 14:04:45,-35.3632625,149.1652369,0.015,0.023992888629436493,105,40,LAND,False
2026-08-31 14:04:45,-35.3632625,149.1652369,0.015,0.024090470746159554,105,40,LAND,False
2026-08-31 14:04:46,-35.3632625,149.1652369,0.015,0.0240301676094532,105,40,LAND,False
2026-08-31 14:04:46,-35.3632625,149.1652369,0.015,0.02390834502875805,105,40,LAND,False
2026-08-31 14:04:46,-35.3632625,149.1652369,0.015,0.02404523827135563,105,40,LAND,False
2026-08-31 14:04:47,-35.3632625,149.1652369,0.015,0.023822279646992683,105,40,LAND,False
2026-08-31 14:04:47,-35.3632625,149.1652369,0.015,0.023860931396484375,105,40,LAND,False
2026-08-31 14:04:47,-35.3632625,149.1652369,0.015,0.024083124473690987,105,40,LAND,False
2026-08-31 14:04:48,-35.3632625,149.1652369,0.015,0.023917915299534798,105,40,LAND,False
2026-08-31 14:04:48,-35.3632625,149.1652369,0.015,0.02408325858414173,105,40,LAND,False
2026-08-31 14:04:49,-35.3632625,149.1652369,0.015,0.024009795859456062,105,40,LAND,False
2026-08-31 14:04:49,-35.3632625,149.1652369,0.015,0.023758510127663612,105,40,LAND,False
2026-08-31 14:04:50,-35.3632625,149.1652369,0.015,0.02390284650027752,105,40,LAND,False
2026-08-31 14:04:50,-35.3632625,149.1652369,0.015,0.023699453100562096,105,40,LAND,False
2026-08-31 14:04:50,-35.3632625,149.1652369,0.015,0.023710334673523903,105,40,LAND,False
2026-08-31 14:04:51,-35.3632625,149.1652369,0.015,0.023537330329418182,105,40,LAND,False
2026-08-31 14:04:51,-35.3632625,149.1652369,0.015,0.023679619655013084,105,40,LAND,False
2026-08-31 14:04:51,-35.3632625,149.1652369,0.015,0.023810990154743195,105,40,LAND,False
2026-08-31 14:04:52,-35.3632625,149.1652369,0.015,0.023617759346961975,105,40,LAND,False
2026-08-31 14:04:52,-35.3632625,149.1652369,0.015,0.023882059380412102,105,40,LAND,False
2026-08-31 14:04:53,-35.3632625,149.1652369,0.015,0.02390291914343834,105,40,LAND,False
2026-08-31 14:04:53,-35.3632625,149.1652369,0.015,0.02361389435827732,105,40,LAND,False
2026-08-31 14:04:53,-35.3632625,149.1652369,0.015,0.023790908977389336,105,40,LAND,False
2026-08-31 14:04:54,-35.3632625,149.1652369,0.015,0.023480789735913277,105,40,LAND,False
2026-08-31 14:04:54,-35.3632625,149.1652369,0.015,0.02346627786755562,105,40,LAND,False
2026-08-31 14:04:55,-35.3632625,149.1652369,0.015,0.023618493229150772,105,40,LAND,False
2026-08-31 14:04:55,-35.3632625,149.1652369,0.015,0.023316338658332825,105,40,LAND,False
2026-08-31 14:04:56,-35.3632625,149.1652369,0.015,0.023513130843639374,105,40,LAND,False
2026-08-31 14:04:56,-35.3632625,149.1652369,0.015,0.023463290184736252,105,40,LAND,False
2026-08-31 14:04:56,-35.3632625,149.1652369,0.015,0.023749694228172302,105,40,LAND,False
2026-08-31 14:04:57,-35.3632625,149.1652369,0.015,0.02359789051115513,105,40,LAND,False
2026-08-31 14:04:57,-35.3632625,149.1652369,0.015,0.023675834760069847,105,40,LAND,False
2026-08-31 14:04:57,-35.3632625,149.1652369,0.015,0.023821529000997543,105,40,LAND,False
2026-08-31 14:04:58,-35.3632625,149.1652369,0.015,0.023655550554394722,105,40,LAND,False
2026-08-31 14:04:58,-35.3632625,149.1652369,0.015,0.023691819980740547,105,40,LAND,False
2026-08-31 14:04:59,-35.3632625,149.1652369,0.014,0.02385551668703556,105,40,LAND,False
2026-08-31 14:04:59,-35.3632625,149.1652369,0.014,0.02381732687354088,105,40,LAND,False
2026-08-31 14:05:00,-35.3632625,149.1652369,0.014,0.023629095405340195,105,40,LAND,False
2026-08-31 14:05:00,-35.3632625,149.1652369,0.014,0.023629095405340195,105,40,LAND,False
2026-08-31 14:05:00,-35.3632625,149.1652369,0.014,0.023990705609321594,105,40,LAND,False
2026-08-31 14:05:01,-35.3632625,149.1652369,0.015,0.023909132927656174,105,40,LAND,False
2026-08-31 14:05:01,-35.3632625,149.1652369,0.015,0.023822065442800522,105,40,LAND,False
2026-08-31 14:05:01,-35.3632625,149.1652369,0.015,0.024104252457618713,105,40,LAND,False
2026-08-31 14:05:02,-35.3632625,149.1652369,0.015,0.023810703307390213,105,40,LAND,False
2026-08-31 14:05:02,-35.3632625,149.1652369,0.015,0.023835832253098488,105,40,LAND,False
2026-08-31 14:05:03,-35.3632625,149.1652369,0.015,0.023877492174506187,105,40,LAND,False
2026-08-31 14:05:03,-35.3632625,149.1652369,0.015,0.02387668564915657,105,40,LAND,False
2026-08-31 14:05:03,-35.3632625,149.1652369,0.015,0.023848306387662888,105,40,LAND,False
2026-08-31 14:05:04,-35.3632625,149.1652369,0.015,0.023590784519910812,105,40,LAND,False
2026-08-31 14:05:04,-35.3632625,149.1652369,0.015,0.023723961785435677,105,40,LAND,False
2026-08-31 14:05:05,-35.3632625,149.1652369,0.015,0.023723961785435677,105,40,LAND,False
2026-08-31 14:05:05,-35.3632625,149.1652369,0.015,0.02356114611029625,105,40,LAND,False
2026-08-31 14:05:05,-35.3632625,149.1652369,0.015,0.023612700402736664,105,40,LAND,False
2026-08-31 14:05:06,-35.3632625,149.1652369,0.015,0.023365290835499763,105,40,LAND,False
2026-08-31 14:05:06,-35.3632625,149.1652369,0.015,0.02349465899169445,105,40,LAND,False
2026-08-31 14:05:07,-35.3632625,149.1652369,0.015,0.02352007105946541,105,40,LAND,False
2026-08-31 14:05:07,-35.3632625,149.1652369,0.015,0.02335137128829956,105,40,LAND,False
2026-08-31 14:05:07,-35.3632625,149.1652369,0.015,0.023659581318497658,105,40,LAND,False
2026-08-31 14:05:08,-35.3632625,149.1652369,0.015,0.023690078407526016,105,40,LAND,False
2026-08-31 14:05:08,-35.3632625,149.1652369,0.015,0.023574234917759895,105,40,LAND,False
2026-08-31 14:05:09,-35.3632625,149.1652369,0.015,0.023613767698407173,105,40,LAND,False
2026-08-31 14:05:09,-35.3632625,149.1652369,0.015,0.02336631901562214,105,40,LAND,False
2026-08-31 14:05:09,-35.3632625,149.1652369,0.015,0.02353915572166443,105,40,LAND,False
2026-08-31 14:05:10,-35.3632625,149.1652369,0.015,0.0234473068267107,105,40,LAND,False
2026-08-31 14:05:10,-35.3632625,149.1652369,0.015,0.023473577573895454,105,40,LAND,False
2026-08-31 14:05:11,-35.3632625,149.1652369,0.015,0.023776477202773094,105,40,LAND,False
2026-08-31 14:05:11,-35.3632625,149.1652369,0.015,0.023698857054114342,105,40,LAND,False
2026-08-31 14:05:11,-35.3632625,149.1652369,0.015,0.023882301524281502,105,40,LAND,False
2026-08-31 14:05:12,-35.3632625,149.1652369,0.015,0.023790303617715836,105,40,LAND,False
2026-08-31 14:05:12,-35.3632625,149.1652369,0.015,0.02395433560013771,105,40,LAND,False
2026-08-31 14:05:13,-35.3632625,149.1652369,0.015,0.02396138198673725,105,40,LAND,False
2026-08-31 14:05:13,-35.3632625,149.1652369,0.015,0.023875800892710686,105,40,LAND,False
2026-08-31 14:05:13,-35.3632625,149.1652369,0.015,0.02401602454483509,105,40,LAND,False
2026-08-31 14:05:14,-35.3632625,149.1652369,0.015,0.023854320868849754,105,40,LAND,False
2026-08-31 14:05:14,-35.3632625,149.1652369,0.015,0.023902328684926033,105,40,LAND,False
2026-08-31 14:05:15,-35.3632625,149.1652369,0.015,0.023745598271489143,105,40,LAND,False
2026-08-31 14:05:15,-35.3632625,149.1652369,0.015,0.02376742474734783,105,40,LAND,False
2026-08-31 14:05:15,-35.3632625,149.1652369,0.015,0.023588931187987328,105,40,LAND,False
2026-08-31 14:05:16,-35.3632625,149.1652369,0.015,0.023506486788392067,105,40,LAND,False
2026-08-31 14:05:16,-35.3632625,149.1652369,0.015,0.023775234818458557,105,40,LAND,False
2026-08-31 14:05:17,-35.3632625,149.1652369,0.015,0.02364593930542469,105,40,LAND,False
2026-08-31 14:05:17,-35.3632625,149.1652369,0.015,0.02375609241425991,105,40,LAND,False
2026-08-31 14:05:18,-35.3632625,149.1652369,0.015,0.023972617462277412,105,40,LAND,False
2026-08-31 14:05:18,-35.3632625,149.1652369,0.015,0.023779956623911858,105,40,LAND,False
2026-08-31 14:05:18,-35.3632625,149.1652369,0.015,0.023867033421993256,105,40,LAND,False
2026-08-31 14:05:19,-35.3632625,149.1652369,0.015,0.023879919201135635,105,40,LAND,False
2026-08-31 14:05:19,-35.3632625,149.1652369,0.015,0.023889854550361633,105,40,LAND,False
2026-08-31 14:05:20,-35.3632625,149.1652369,0.015,0.02413039654493332,105,40,LAND,False
2026-08-31 14:05:20,-35.3632625,149.1652369,0.015,0.02403191477060318,105,40,LAND,False
2026-08-31 14:05:20,-35.3632625,149.1652369,0.015,0.02402948960661888,105,40,LAND,False
2026-08-31 14:05:21,-35.3632625,149.1652369,0.015,0.02377699315547943,105,40,LAND,False
2026-08-31 14:05:21,-35.3632625,149.1652369,0.015,0.023694485425949097,105,40,LAND,False
2026-08-31 14:05:22,-35.3632625,149.1652369,0.015,0.023886483162641525,105,40,LAND,False
2026-08-31 14:05:22,-35.3632625,149.1652369,0.015,0.023676814511418343,105,40,LAND,False
2026-08-31 14:05:23,-35.3632625,149.1652369,0.015,0.023654906079173088,105,40,LAND,False
2026-08-31 14:05:23,-35.3632625,149.1652369,0.015,0.023626351729035378,105,40,LAND,False
2026-08-31 14:05:23,-35.3632625,149.1652369,0.015,0.023642970249056816,105,40,LAND,False
2026-08-31 14:05:24,-35.3632625,149.1652369,0.015,0.023924672976136208,105,40,LAND,False
2026-08-31 14:05:24,-35.3632625,149.1652369,0.015,0.023806491866707802,105,40,LAND,False
2026-08-31 14:05:24,-35.3632625,149.1652369,0.015,0.023887645453214645,105,40,LAND,False
2026-08-31 14:05:25,-35.3632625,149.1652369,0.015,0.02385161817073822,105,40,LAND,False
2026-08-31 14:05:25,-35.3632625,149.1652369,0.015,0.023743096739053726,105,40,LAND,False
2026-08-31 14:05:26,-35.3632625,149.1652369,0.015,0.023930935189127922,105,40,LAND,False
2026-08-31 14:05:26,-35.3632625,149.1652369,0.015,0.023750288411974907,105,40,LAND,False
2026-08-31 14:05:27,-35.3632625,149.1652369,0.015,0.023887455463409424,105,40,LAND,False
2026-08-31 14:05:27,-35.3632625,149.1652369,0.015,0.0236341655254364,105,40,LAND,False
2026-08-31 14:05:27,-35.3632625,149.1652369,0.015,0.023530203849077225,105,40,LAND,False
2026-08-31 14:05:28,-35.3632625,149.1652369,0.015,0.02349724993109703,105,40,LAND,False
2026-08-31 14:05:28,-35.3632625,149.1652369,0.015,0.023382872343063354,105,40,LAND,False
2026-08-31 14:05:29,-35.3632625,149.1652369,0.015,0.023735783994197845,105,40,LAND,False
2026-08-31 14:05:29,-35.3632625,149.1652369,0.015,0.023735783994197845,105,40,LAND,False
2026-08-31 14:05:29,-35.3632625,149.1652369,0.015,0.02340671420097351,105,40,LAND,False
2026-08-31 14:05:30,-35.3632625,149.1652369,0.015,0.02339191362261772,105,40,LAND,False
2026-08-31 14:05:30,-35.3632625,149.1652369,0.015,0.02321101352572441,105,40,LAND,False
2026-08-31 14:05:30,-35.3632625,149.1652369,0.015,0.023409895598888397,105,40,LAND,False
2026-08-31 14:05:31,-35.3632625,149.1652369,0.015,0.023313507437705994,105,40,LAND,False
2026-08-31 14:05:31,-35.3632625,149.1652369,0.015,0.023344438523054123,105,40,LAND,False
2026-08-31 14:05:32,-35.3632625,149.1652369,0.015,0.023467987775802612,105,40,LAND,False
2026-08-31 14:05:32,-35.3632625,149.1652369,0.015,0.02321919985115528,105,40,LAND,False
2026-08-31 14:05:32,-35.3632625,149.1652369,0.015,0.023492930456995964,105,40,LAND,False
2026-08-31 14:05:33,-35.3632625,149.1652369,0.015,0.02337179146707058,105,40,LAND,False
2026-08-31 14:05:33,-35.3632625,149.1652369,0.015,0.023846512660384178,105,40,LAND,False
2026-08-31 14:05:34,-35.3632625,149.1652369,0.015,0.02376977913081646,105,40,LAND,False
2026-08-31 14:05:34,-35.3632625,149.1652369,0.015,0.02350700832903385,105,40,LAND,False
2026-08-31 14:05:34,-35.3632625,149.1652369,0.015,0.023667672649025917,105,40,LAND,False
2026-08-31 14:05:35,-35.3632625,149.1652369,0.015,0.023454245179891586,105,40,LAND,False
2026-08-31 14:05:35,-35.3632625,149.1652369,0.015,0.02348986826837063,105,40,LAND,False
2026-08-31 14:05:36,-35.3632625,149.1652369,0.015,0.023797977715730667,105,40,LAND,False
2026-08-31 14:05:36,-35.3632625,149.1652369,0.015,0.023758254945278168,105,40,LAND,False
2026-08-31 14:05:37,-35.3632625,149.1652369,0.014,0.023985059931874275,105,40,LAND,False
2026-08-31 14:05:37,-35.3632625,149.1652369,0.014,0.023945555090904236,105,40,LAND,False
2026-08-31 14:05:37,-35.3632625,149.1652369,0.014,0.02420325018465519,105,40,LAND,False
2026-08-31 14:05:38,-35.3632625,149.1652369,0.014,0.024095846340060234,105,40,LAND,False
2026-08-31 14:05:38,-35.3632625,149.1652369,0.014,0.023984625935554504,105,40,LAND,False
2026-08-31 14:05:38,-35.3632625,149.1652369,0.014,0.02409539557993412,105,40,LAND,False
2026-08-31 14:05:39,-35.3632625,149.1652369,0.014,0.024030016735196114,105,40,LAND,False
2026-08-31 14:05:39,-35.3632625,149.1652369,0.014,0.0241512730717659,105,40,LAND,False
2026-08-31 14:05:40,-35.3632625,149.1652369,0.014,0.024199942126870155,105,40,LAND,False
2026-08-31 14:05:40,-35.3632625,149.1652369,0.015,0.023966988548636436,105,40,LAND,False
2026-08-31 14:05:41,-35.3632625,149.1652369,0.015,0.02395467832684517,105,40,LAND,False
2026-08-31 14:05:41,-35.3632625,149.1652369,0.015,0.023753106594085693,105,40,LAND,False
2026-08-31 14:05:41,-35.3632625,149.1652369,0.015,0.023825624957680702,105,40,LAND,False
2026-08-31 14:05:42,-35.3632625,149.1652369,0.015,0.02372661419212818,105,40,LAND,False
2026-08-31 14:05:42,-35.3632625,149.1652369,0.015,0.023732708767056465,105,40,LAND,False
2026-08-31 14:05:42,-35.3632625,149.1652369,0.015,0.023889068514108658,105,40,LAND,False
2026-08-31 14:05:43,-35.3632625,149.1652369,0.015,0.023734750226140022,105,40,LAND,False
2026-08-31 14:05:43,-35.3632625,149.1652369,0.015,0.023718146607279778,105,40,LAND,False
2026-08-31 14:05:44,-35.3632625,149.1652369,0.015,0.02374442294239998,105,40,LAND,False
2026-08-31 14:05:44,-35.3632625,149.1652369,0.015,0.023610100150108337,105,40,LAND,False
2026-08-31 14:05:45,-35.3632625,149.1652369,0.015,0.02393266372382641,105,40,LAND,False
2026-08-31 14:05:45,-35.3632625,149.1652369,0.015,0.0237783994525671,105,40,LAND,False
2026-08-31 14:05:45,-35.3632625,149.1652369,0.015,0.023801440373063087,105,40,LAND,False
2026-08-31 14:05:46,-35.3632625,149.1652369,0.015,0.023747609928250313,105,40,LAND,False
2026-08-31 14:05:46,-35.3632625,149.1652369,0.015,0.023479284718632698,105,40,LAND,False
2026-08-31 14:05:46,-35.3632625,149.1652369,0.015,0.023587346076965332,105,40,LAND,False
2026-08-31 14:05:47,-35.3632625,149.1652369,0.015,0.023139987140893936,105,40,LAND,False
2026-08-31 14:05:47,-35.3632625,149.1652369,0.015,0.023182284086942673,105,40,LAND,False
2026-08-31 14:05:47,-35.3632625,149.1652369,0.015,0.02335788868367672,105,40,LAND,False
2026-08-31 14:05:48,-35.3632625,149.1652369,0.015,0.02329334057867527,105,40,LAND,False
2026-08-31 14:05:48,-35.3632625,149.1652369,0.015,0.023509005084633827,105,40,LAND,False
2026-08-31 14:05:49,-35.3632625,149.1652369,0.015,0.02339486964046955,105,40,LAND,False
2026-08-31 14:05:49,-35.3632625,149.1652369,0.015,0.02354954183101654,105,40,LAND,False
2026-08-31 14:05:50,-35.3632625,149.1652369,0.015,0.02373576909303665,105,40,LAND,False
2026-08-31 14:05:50,-35.3632625,149.1652369,0.015,0.023570900782942772,105,40,LAND,False
2026-08-31 14:05:50,-35.3632625,149.1652369,0.015,0.02359088882803917,105,40,LAND,False
2026-08-31 14:05:51,-35.3632625,149.1652369,0.015,0.02378459833562374,105,40,LAND,False
2026-08-31 14:05:51,-35.3632625,149.1652369,0.015,0.023736240342259407,105,40,LAND,False
2026-08-31 14:05:52,-35.3632625,149.1652369,0.015,0.02409829944372177,105,40,LAND,False
2026-08-31 14:05:52,-35.3632625,149.1652369,0.015,0.023993199691176414,105,40,LAND,False
2026-08-31 14:05:52,-35.3632625,149.1652369,0.015,0.02424256131052971,105,40,LAND,False
2026-08-31 14:05:53,-35.3632625,149.1652369,0.015,0.02417737990617752,105,40,LAND,False
2026-08-31 14:05:53,-35.3632625,149.1652369,0.015,0.02391648106276989,105,40,LAND,False
2026-08-31 14:05:54,-35.3632625,149.1652369,0.015,0.02416890114545822,105,40,LAND,False
2026-08-31 14:05:54,-35.3632625,149.1652369,0.015,0.02401466853916645,105,40,LAND,False
2026-08-31 14:05:54,-35.3632625,149.1652369,0.015,0.023946024477481842,105,40,LAND,False
2026-08-31 14:05:55,-35.3632625,149.1652369,0.015,0.023882269859313965,105,40,LAND,False
2026-08-31 14:05:55,-35.3632625,149.1652369,0.015,0.02383919060230255,105,40,LAND,False
2026-08-31 14:05:56,-35.3632625,149.1652369,0.015,0.023915180936455727,105,40,LAND,False
2026-08-31 14:05:56,-35.3632625,149.1652369,0.015,0.023841969668865204,105,40,LAND,False
2026-08-31 14:05:56,-35.3632625,149.1652369,0.015,0.02389431558549404,105,40,LAND,False
2026-08-31 14:05:57,-35.3632625,149.1652369,0.015,0.023881681263446808,105,40,LAND,False
2026-08-31 14:05:57,-35.3632625,149.1652369,0.015,0.023734748363494873,105,40,LAND,False
2026-08-31 14:05:58,-35.3632625,149.1652369,0.015,0.023698944598436356,105,40,LAND,False
2026-08-31 14:05:58,-35.3632625,149.1652369,0.015,0.023391028866171837,105,40,LAND,False
2026-08-31 14:05:59,-35.3632625,149.1652369,0.015,0.023655474185943604,105,40,LAND,False
2026-08-31 14:05:59,-35.3632625,149.1652369,0.015,0.023431099951267242,105,40,LAND,False
2026-08-31 14:05:59,-35.3632625,149.1652369,0.015,0.023561932146549225,105,40,LAND,False
2026-08-31 14:06:00,-35.3632625,149.1652369,0.015,0.023854592815041542,105,40,LAND,False
2026-08-31 14:06:00,-35.3632625,149.1652369,0.015,0.02365066669881344,105,40,LAND,False
2026-08-31 14:06:00,-35.3632625,149.1652369,0.015,0.023726534098386765,105,40,LAND,False
2026-08-31 14:06:01,-35.3632625,149.1652369,0.015,0.02367863617837429,105,40,LAND,False
2026-08-31 14:06:01,-35.3632625,149.1652369,0.015,0.023828499019145966,105,40,LAND,False
2026-08-31 14:06:02,-35.3632625,149.1652369,0.015,0.02392689511179924,105,40,LAND,False
2026-08-31 14:06:02,-35.3632625,149.1652369,0.015,0.023633522912859917,105,40,LAND,False
2026-08-31 14:06:02,-35.3632625,149.1652369,0.015,0.023682961240410805,105,40,LAND,False
2026-08-31 14:06:03,-35.3632625,149.1652369,0.015,0.023649346083402634,105,40,LAND,False
2026-08-31 14:06:03,-35.3632625,149.1652369,0.015,0.023662760853767395,105,40,LAND,False
2026-08-31 14:06:04,-35.3632625,149.1652369,0.015,0.02377101220190525,105,40,LAND,False
2026-08-31 14:06:04,-35.3632625,149.1652369,0.015,0.02372215874493122,105,40,LAND,False
2026-08-31 14:06:04,-35.3632625,149.1652369,0.015,0.024037448689341545,105,40,LAND,False
2026-08-31 14:06:05,-35.3632625,149.1652369,0.015,0.023787938058376312,105,40,LAND,False
2026-08-31 14:06:05,-35.3632625,149.1652369,0.015,0.023644322529435158,105,40,LAND,False
2026-08-31 14:06:06,-35.3632625,149.1652369,0.015,0.023898841813206673,105,40,LAND,False
2026-08-31 14:06:06,-35.3632625,149.1652369,0.015,0.023666001856327057,105,40,LAND,False
2026-08-31 14:06:07,-35.3632625,149.1652369,0.015,0.023680778220295906,105,40,LAND,False
2026-08-31 14:06:07,-35.3632625,149.1652369,0.015,0.023541469126939774,105,40,LAND,False
2026-08-31 14:06:07,-35.3632625,149.1652369,0.015,0.023628663271665573,105,40,LAND,False
2026-08-31 14:06:08,-35.3632625,149.1652369,0.015,0.023796431720256805,105,40,LAND,False
2026-08-31 14:06:08,-35.3632625,149.1652369,0.015,0.023397646844387054,105,40,LAND,False
2026-08-31 14:06:08,-35.3632625,149.1652369,0.015,0.02357430011034012,105,40,LAND,False
2026-08-31 14:06:09,-35.3632625,149.1652369,0.015,0.023443689569830894,105,40,LAND,False
2026-08-31 14:06:09,-35.3632625,149.1652369,0.015,0.023503949865698814,105,40,LAND,False
2026-08-31 14:06:10,-35.3632625,149.1652369,0.015,0.02366553246974945,105,40,LAND,False
2026-08-31 14:06:10,-35.3632625,149.1652369,0.015,0.023434951901435852,105,40,LAND,False
2026-08-31 14:06:10,-35.3632625,149.1652369,0.015,0.02347884140908718,105,40,LAND,False
2026-08-31 14:06:11,-35.3632625,149.1652369,0.015,0.023315533995628357,105,40,LAND,False
2026-08-31 14:06:11,-35.3632625,149.1652369,0.015,0.023298796266317368,105,40,LAND,False
2026-08-31 14:06:12,-35.3632625,149.1652369,0.015,0.023368006572127342,105,40,LAND,False
2026-08-31 14:06:12,-35.3632625,149.1652369,0.015,0.023238705471158028,105,40,LAND,False
2026-08-31 14:06:12,-35.3632625,149.1652369,0.015,0.023413894698023796,105,40,LAND,False
2026-08-31 14:06:13,-35.3632625,149.1652369,0.015,0.023430565372109413,105,40,LAND,False
2026-08-31 14:06:13,-35.3632625,149.1652369,0.015,0.023433739319443703,105,40,LAND,False
2026-08-31 14:06:14,-35.3632625,149.1652369,0.015,0.023667436093091965,105,40,LAND,False
2026-08-31 14:06:14,-35.3632625,149.1652369,0.015,0.023397618904709816,105,40,LAND,False
2026-08-31 14:06:14,-35.3632625,149.1652369,0.015,0.023515645414590836,105,40,LAND,False
2026-08-31 14:06:15,-35.3632625,149.1652369,0.015,0.0238203015178442,105,40,LAND,False
2026-08-31 14:06:15,-35.3632625,149.1652369,0.015,0.023765336722135544,105,40,LAND,False
2026-08-31 14:06:16,-35.3632625,149.1652369,0.015,0.023936638608574867,105,40,LAND,False
2026-08-31 14:06:16,-35.3632625,149.1652369,0.015,0.023771218955516815,105,40,LAND,False
2026-08-31 14:06:16,-35.3632625,149.1652369,0.015,0.023929109796881676,105,40,LAND,False
2026-08-31 14:06:17,-35.3632625,149.1652369,0.015,0.02395041100680828,105,40,LAND,False
2026-08-31 14:06:17,-35.3632625,149.1652369,0.015,0.023802978917956352,105,40,LAND,False
2026-08-31 14:06:18,-35.3632625,149.1652369,0.015,0.024003958329558372,105,40,LAND,False
2026-08-31 14:06:18,-35.3632625,149.1652369,0.015,0.023964863270521164,105,40,LAND,False
2026-08-31 14:06:18,-35.3632625,149.1652369,0.015,0.02386125735938549,105,40,LAND,False
2026-08-31 14:06:19,-35.3632625,149.1652369,0.015,0.023924682289361954,105,40,LAND,False
2026-08-31 14:06:19,-35.3632625,149.1652369,0.015,0.023677300661802292,105,40,LAND,False
2026-08-31 14:06:20,-35.3632625,149.1652369,0.015,0.023759983479976654,105,40,LAND,False
2026-08-31 14:06:20,-35.3632625,149.1652369,0.015,0.02356559783220291,105,40,LAND,False
2026-08-31 14:06:20,-35.3632625,149.1652369,0.015,0.023768844082951546,105,40,LAND,False
2026-08-31 14:06:21,-35.3632625,149.1652369,0.015,0.02378915436565876,105,40,LAND,False
2026-08-31 14:06:21,-35.3632625,149.1652369,0.015,0.02354593202471733,105,40,LAND,False
2026-08-31 14:06:22,-35.3632625,149.1652369,0.015,0.02376669831573963,105,40,LAND,False
2026-08-31 14:06:22,-35.3632625,149.1652369,0.015,0.023495009168982506,105,40,LAND,False
2026-08-31 14:06:22,-35.3632625,149.1652369,0.015,0.02354651317000389,105,40,LAND,False
2026-08-31 14:06:23,-35.3632625,149.1652369,0.015,0.02355741523206234,105,40,LAND,False
2026-08-31 14:06:23,-35.3632625,149.1652369,0.015,0.02331649139523506,105,40,LAND,False
2026-08-31 14:06:23,-35.3632625,149.1652369,0.015,0.023504633456468582,105,40,LAND,False
2026-08-31 14:06:24,-35.3632625,149.1652369,0.015,0.023363247513771057,105,40,LAND,False
2026-08-31 14:06:24,-35.3632625,149.1652369,0.015,0.023353874683380127,105,40,LAND,False
2026-08-31 14:06:25,-35.3632625,149.1652369,0.015,0.023234808817505836,105,40,LAND,False
2026-08-31 14:06:25,-35.3632625,149.1652369,0.015,0.023210696876049042,105,40,LAND,False
2026-08-31 14:06:26,-35.3632625,149.1652369,0.015,0.023398946970701218,105,40,LAND,False
2026-08-31 14:06:26,-35.3632625,149.1652369,0.015,0.02337110973894596,105,40,LAND,False
2026-08-31 14:06:26,-35.3632625,149.1652369,0.015,0.023400649428367615,105,40,LAND,False
2026-08-31 14:06:27,-35.3632625,149.1652369,0.015,0.023644892498850822,105,40,LAND,False
2026-08-31 14:06:27,-35.3632625,149.1652369,0.015,0.023613272234797478,105,40,LAND,False
2026-08-31 14:06:27,-35.3632625,149.1652369,0.015,0.023901700973510742,105,40,LAND,False
2026-08-31 14:06:28,-35.3632625,149.1652369,0.015,0.023851266130805016,105,40,LAND,False
2026-08-31 14:06:28,-35.3632625,149.1652369,0.015,0.023864692077040672,105,40,LAND,False
2026-08-31 14:06:29,-35.3632625,149.1652369,0.015,0.023723825812339783,105,40,LAND,False
2026-08-31 14:06:29,-35.3632625,149.1652369,0.015,0.02377554588019848,105,40,LAND,False
2026-08-31 14:06:30,-35.3632625,149.1652369,0.015,0.02397811971604824,105,40,LAND,False
2026-08-31 14:06:30,-35.3632625,149.1652369,0.015,0.02361973002552986,105,40,LAND,False
2026-08-31 14:06:30,-35.3632625,149.1652369,0.014,0.02368106134235859,105,40,LAND,False
2026-08-31 14:06:31,-35.3632625,149.1652369,0.014,0.023803656920790672,105,40,LAND,False
2026-08-31 14:06:31,-35.3632625,149.1652369,0.014,0.02375170588493347,105,40,LAND,False
2026-08-31 14:06:31,-35.3632625,149.1652369,0.014,0.02387263998389244,105,40,LAND,False
2026-08-31 14:06:32,-35.3632625,149.1652369,0.014,0.023709736764431,105,40,LAND,False
2026-08-31 14:06:32,-35.3632625,149.1652369,0.014,0.023441802710294724,105,40,LAND,False
2026-08-31 14:06:33,-35.3632625,149.1652369,0.014,0.02354288287460804,105,40,LAND,False
2026-08-31 14:06:33,-35.3632625,149.1652369,0.014,0.023413250222802162,105,40,LAND,False
2026-08-31 14:06:34,-35.3632625,149.1652369,0.014,0.023550620302557945,105,40,LAND,False
2026-08-31 14:06:34,-35.3632625,149.1652369,0.014,0.02351483330130577,105,40,LAND,False
2026-08-31 14:06:35,-35.3632625,149.1652369,0.014,0.02356172911822796,105,40,LAND,False
2026-08-31 14:06:35,-35.3632625,149.1652369,0.014,0.023498672991991043,105,40,LAND,False
2026-08-31 14:06:35,-35.3632625,149.1652369,0.014,0.023498672991991043,105,40,LAND,False
2026-08-31 14:06:36,-35.3632625,149.1652369,0.014,0.023856304585933685,105,40,LAND,False
2026-08-31 14:06:36,-35.3632625,149.1652369,0.014,0.023700721561908722,105,40,LAND,False
2026-08-31 14:06:36,-35.3632625,149.1652369,0.014,0.023850638419389725,105,40,LAND,False
2026-08-31 14:06:37,-35.3632625,149.1652369,0.015,0.02387678623199463,105,40,LAND,False
2026-08-31 14:06:37,-35.3632625,149.1652369,0.015,0.023779792711138725,105,40,LAND,False
2026-08-31 14:06:38,-35.3632625,149.1652369,0.015,0.023969832807779312,105,40,LAND,False
2026-08-31 14:06:38,-35.3632625,149.1652369,0.015,0.023724080994725227,105,40,LAND,False
2026-08-31 14:06:38,-35.3632625,149.1652369,0.015,0.023781996220350266,105,40,LAND,False
2026-08-31 14:06:39,-35.3632625,149.1652369,0.015,0.02394280955195427,105,40,LAND,False
2026-08-31 14:06:39,-35.3632625,149.1652369,0.015,0.02385817840695381,105,40,LAND,False
2026-08-31 14:06:40,-35.3632625,149.1652369,0.015,0.023650037124753,105,40,LAND,False
2026-08-31 14:06:40,-35.3632625,149.1652369,0.015,0.023544272407889366,105,40,LAND,False
2026-08-31 14:06:40,-35.3632625,149.1652369,0.015,0.023732636123895645,105,40,LAND,False
2026-08-31 14:06:41,-35.3632625,149.1652369,0.015,0.02364337258040905,105,40,LAND,False
2026-08-31 14:06:41,-35.3632625,149.1652369,0.015,0.02358975261449814,105,40,LAND,False
2026-08-31 14:06:42,-35.3632625,149.1652369,0.015,0.02375410497188568,105,40,LAND,False
2026-08-31 14:06:42,-35.3632625,149.1652369,0.015,0.02349105291068554,105,40,LAND,False
2026-08-31 14:06:42,-35.3632625,149.1652369,0.015,0.023416968062520027,105,40,LAND,False
2026-08-31 14:06:43,-35.3632625,149.1652369,0.015,0.023550789803266525,105,40,LAND,False
2026-08-31 14:06:43,-35.3632625,149.1652369,0.015,0.023471778258681297,105,40,LAND,False
2026-08-31 14:06:44,-35.3632625,149.1652369,0.015,0.02348451130092144,105,40,LAND,False
2026-08-31 14:06:44,-35.3632625,149.1652369,0.015,0.023435307666659355,105,40,LAND,False
2026-08-31 14:06:44,-35.3632625,149.1652369,0.015,0.02379472926259041,105,40,LAND,False
2026-08-31 14:06:45,-35.3632625,149.1652369,0.015,0.023765070363879204,105,40,LAND,False
2026-08-31 14:06:45,-35.3632625,149.1652369,0.015,0.02368657849729061,105,40,LAND,False
2026-08-31 14:06:46,-35.3632625,149.1652369,0.015,0.023815494030714035,105,40,LAND,False
2026-08-31 14:06:46,-35.3632625,149.1652369,0.015,0.023899132385849953,105,40,LAND,False
2026-08-31 14:06:46,-35.3632625,149.1652369,0.015,0.024073656648397446,105,40,LAND,False
2026-08-31 14:06:47,-35.3632625,149.1652369,0.015,0.023892268538475037,105,40,LAND,False
2026-08-31 14:06:47,-35.3632625,149.1652369,0.015,0.02411803975701332,105,40,LAND,False
2026-08-31 14:06:48,-35.3632625,149.1652369,0.015,0.024333052337169647,105,40,LAND,False
2026-08-31 14:06:48,-35.3632625,149.1652369,0.015,0.02413887530565262,105,40,LAND,False
2026-08-31 14:06:48,-35.3632625,149.1652369,0.015,0.024201292544603348,105,40,LAND,False
2026-08-31 14:06:49,-35.3632625,149.1652369,0.015,0.024181324988603592,105,40,LAND,False
2026-08-31 14:06:49,-35.3632625,149.1652369,0.015,0.02407512627542019,105,40,LAND,False
2026-08-31 14:06:50,-35.3632625,149.1652369,0.015,0.024046478793025017,105,40,LAND,False
2026-08-31 14:06:50,-35.3632625,149.1652369,0.015,0.023868795484304428,105,40,LAND,False
2026-08-31 14:06:50,-35.3632625,149.1652369,0.015,0.02391144260764122,105,40,LAND,False
2026-08-31 14:06:51,-35.3632625,149.1652369,0.015,0.02372794970870018,105,40,LAND,False
2026-08-31 14:06:51,-35.3632625,149.1652369,0.015,0.02382013201713562,105,40,LAND,False
2026-08-31 14:06:51,-35.3632625,149.1652369,0.015,0.02405453287065029,105,40,LAND,False
2026-08-31 14:06:52,-35.3632625,149.1652369,0.015,0.02392369508743286,105,40,LAND,False
2026-08-31 14:06:52,-35.3632625,149.1652369,0.015,0.024045901373028755,105,40,LAND,False
2026-08-31 14:06:53,-35.3632625,149.1652369,0.015,0.023910945281386375,105,40,LAND,False
2026-08-31 14:06:53,-35.3632625,149.1652369,0.015,0.02379608526825905,105,40,LAND,False
2026-08-31 14:06:53,-35.3632625,149.1652369,0.015,0.023871753364801407,105,40,LAND,False
2026-08-31 14:06:54,-35.3632625,149.1652369,0.015,0.023800266906619072,105,40,LAND,False
2026-08-31 14:06:54,-35.3632625,149.1652369,0.015,0.023802923038601875,105,40,LAND,False
2026-08-31 14:06:55,-35.3632625,149.1652369,0.015,0.02394818142056465,105,40,LAND,False
2026-08-31 14:06:55,-35.3632625,149.1652369,0.015,0.023754581809043884,105,40,LAND,False
2026-08-31 14:06:55,-35.3632625,149.1652369,0.015,0.023823702707886696,105,40,LAND,False
2026-08-31 14:06:56,-35.3632625,149.1652369,0.015,0.02365792915225029,105,40,LAND,False
2026-08-31 14:06:56,-35.3632625,149.1652369,0.015,0.023599544540047646,105,40,LAND,False
2026-08-31 14:06:57,-35.3632625,149.1652369,0.015,0.02374771051108837,105,40,LAND,False
2026-08-31 14:06:57,-35.3632625,149.1652369,0.015,0.02340376190841198,105,40,LAND,False
2026-08-31 14:06:57,-35.3632625,149.1652369,0.015,0.02336953766644001,105,40,LAND,False
2026-08-31 14:06:58,-35.3632625,149.1652369,0.015,0.023379912599921227,105,40,LAND,False
2026-08-31 14:06:58,-35.3632625,149.1652369,0.015,0.0234622061252594,105,40,LAND,False
2026-08-31 14:06:58,-35.3632625,149.1652369,0.014,0.02358684316277504,105,40,LAND,False
2026-08-31 14:06:59,-35.3632625,149.1652369,0.014,0.02345632016658783,105,40,LAND,False
2026-08-31 14:06:59,-35.3632625,149.1652369,0.014,0.023620493710041046,105,40,LAND,False
2026-08-31 14:07:00,-35.3632625,149.1652369,0.015,0.02366025559604168,105,40,LAND,False
2026-08-31 14:07:00,-35.3632625,149.1652369,0.015,0.02342435158789158,105,40,LAND,False
2026-08-31 14:07:00,-35.3632625,149.1652369,0.015,0.023650143295526505,105,40,LAND,False
2026-08-31 14:07:01,-35.3632625,149.1652369,0.015,0.023572223260998726,105,40,LAND,False
2026-08-31 14:07:01,-35.3632625,149.1652369,0.015,0.02362711913883686,105,40,LAND,False
2026-08-31 14:07:02,-35.3632625,149.1652369,0.015,0.023878920823335648,105,40,LAND,False
2026-08-31 14:07:02,-35.3632625,149.1652369,0.015,0.023793011903762817,105,40,LAND,False
2026-08-31 14:07:02,-35.3632625,149.1652369,0.015,0.023964153602719307,105,40,LAND,False
2026-08-31 14:07:03,-35.3632625,149.1652369,0.015,0.02394477091729641,105,40,LAND,False
2026-08-31 14:07:03,-35.3632625,149.1652369,0.015,0.023762023076415062,105,40,LAND,False
2026-08-31 14:07:03,-35.3632625,149.1652369,0.015,0.023864522576332092,105,40,LAND,False
2026-08-31 14:07:04,-35.3632625,149.1652369,0.015,0.023569148033857346,105,40,LAND,False
2026-08-31 14:07:04,-35.3632625,149.1652369,0.015,0.023551160469651222,105,40,LAND,False
2026-08-31 14:07:05,-35.3632625,149.1652369,0.015,0.023499002680182457,105,40,LAND,False
2026-08-31 14:07:05,-35.3632625,149.1652369,0.015,0.023443693295121193,105,40,LAND,False
2026-08-31 14:07:06,-35.3632625,149.1652369,0.015,0.023572297766804695,105,40,LAND,False
2026-08-31 14:07:06,-35.3632625,149.1652369,0.015,0.023572297766804695,105,40,LAND,False
2026-08-31 14:07:06,-35.3632625,149.1652369,0.015,0.023818545043468475,105,40,LAND,False
2026-08-31 14:07:07,-35.3632625,149.1652369,0.015,0.023721447214484215,105,40,LAND,False
2026-08-31 14:07:07,-35.3632625,149.1652369,0.015,0.023553503677248955,105,40,LAND,False
2026-08-31 14:07:07,-35.3632625,149.1652369,0.015,0.023724514991044998,105,40,LAND,False
2026-08-31 14:07:08,-35.3632625,149.1652369,0.015,0.02372448518872261,105,40,LAND,False
2026-08-31 14:07:08,-35.3632625,149.1652369,0.015,0.023813584819436073,105,40,LAND,False
2026-08-31 14:07:09,-35.3632625,149.1652369,0.015,0.02414310909807682,105,40,LAND,False
2026-08-31 14:07:09,-35.3632625,149.1652369,0.015,0.02397669479250908,105,40,LAND,False
2026-08-31 14:07:09,-35.3632625,149.1652369,0.015,0.02401961013674736,105,40,LAND,False
2026-08-31 14:07:10,-35.3632625,149.1652369,0.015,0.02394188940525055,105,40,LAND,False
2026-08-31 14:07:10,-35.3632625,149.1652369,0.015,0.02387116476893425,105,40,LAND,False
2026-08-31 14:07:11,-35.3632625,149.1652369,0.015,0.02387535385787487,105,40,LAND,False
2026-08-31 14:07:11,-35.3632625,149.1652369,0.015,0.02348647080361843,105,40,LAND,False
2026-08-31 14:07:12,-35.3632625,149.1652369,0.015,0.02365374192595482,105,40,LAND,False
2026-08-31 14:07:12,-35.3632625,149.1652369,0.015,0.023404376581311226,105,40,LAND,False
2026-08-31 14:07:12,-35.3632625,149.1652369,0.015,0.023454006761312485,105,40,LAND,False
2026-08-31 14:07:13,-35.3632625,149.1652369,0.015,0.023663492873311043,105,40,LAND,False
2026-08-31 14:07:13,-35.3632625,149.1652369,0.015,0.023607058450579643,105,40,LAND,False
2026-08-31 14:07:14,-35.3632625,149.1652369,0.015,0.023757964372634888,105,40,LAND,False
2026-08-31 14:07:14,-35.3632625,149.1652369,0.015,0.02358531951904297,105,40,LAND,False
2026-08-31 14:07:14,-35.3632625,149.1652369,0.015,0.02383468672633171,105,40,LAND,False
2026-08-31 14:07:15,-35.3632625,149.1652369,0.015,0.023897353559732437,105,40,LAND,False
2026-08-31 14:07:15,-35.3632625,149.1652369,0.015,0.023647909983992577,105,40,LAND,False
2026-08-31 14:07:16,-35.3632625,149.1652369,0.015,0.023823780938982964,105,40,LAND,False
2026-08-31 14:07:16,-35.3632625,149.1652369,0.015,0.023663461208343506,105,40,LAND,False
2026-08-31 14:07:16,-35.3632625,149.1652369,0.015,0.02356499433517456,105,40,LAND,False
2026-08-31 14:07:17,-35.3632625,149.1652369,0.015,0.023403936997056007,105,40,LAND,False
2026-08-31 14:07:17,-35.3632625,149.1652369,0.015,0.023550834506750107,105,40,LAND,False
2026-08-31 14:07:17,-35.3632625,149.1652369,0.015,0.02366163395345211,105,40,LAND,False
2026-08-31 14:07:18,-35.3632625,149.1652369,0.015,0.023523109033703804,105,40,LAND,False
2026-08-31 14:07:18,-35.3632625,149.1652369,0.015,0.02375231310725212,105,40,LAND,False
2026-08-31 14:07:19,-35.3632625,149.1652369,0.015,0.02374715730547905,105,40,LAND,False
2026-08-31 14:07:19,-35.3632625,149.1652369,0.015,0.0236820075660944,105,40,LAND,False
2026-08-31 14:07:19,-35.3632625,149.1652369,0.015,0.023843273520469666,105,40,LAND,False
2026-08-31 14:07:20,-35.3632625,149.1652369,0.015,0.023766258731484413,105,40,LAND,False
2026-08-31 14:07:20,-35.3632625,149.1652369,0.015,0.023834092542529106,105,40,LAND,False
2026-08-31 14:07:21,-35.3632625,149.1652369,0.015,0.023794321343302727,105,40,LAND,False
2026-08-31 14:07:21,-35.3632625,149.1652369,0.015,0.023702792823314667,105,40,LAND,False
2026-08-31 14:07:21,-35.3632625,149.1652369,0.015,0.024002166464924812,105,40,LAND,False
2026-08-31 14:07:22,-35.3632625,149.1652369,0.015,0.023858172819018364,105,40,LAND,False
2026-08-31 14:07:22,-35.3632625,149.1652369,0.015,0.02378849871456623,105,40,LAND,False
2026-08-31 14:07:23,-35.3632625,149.1652369,0.015,0.023949909955263138,105,40,LAND,False
2026-08-31 14:07:23,-35.3632625,149.1652369,0.015,0.023674270138144493,105,40,LAND,False
2026-08-31 14:07:23,-35.3632625,149.1652369,0.015,0.023786673322319984,105,40,LAND,False
2026-08-31 14:07:24,-35.3632625,149.1652369,0.015,0.023698287084698677,105,40,LAND,False
2026-08-31 14:07:24,-35.3632625,149.1652369,0.015,0.02352975122630596,105,40,LAND,False
2026-08-31 14:07:24,-35.3632625,149.1652369,0.015,0.02352975122630596,105,40,LAND,False
2026-08-31 14:07:25,-35.3632625,149.1652369,0.015,0.0236712284386158,105,40,LAND,False
2026-08-31 14:07:25,-35.3632625,149.1652369,0.015,0.023597486317157745,105,40,LAND,False
2026-08-31 14:07:26,-35.3632625,149.1652369,0.015,0.023702064529061317,105,40,LAND,False
2026-08-31 14:07:26,-35.3632625,149.1652369,0.015,0.023575183004140854,105,40,LAND,False
2026-08-31 14:07:26,-35.3632625,149.1652369,0.015,0.02351139672100544,105,40,LAND,False
2026-08-31 14:07:27,-35.3632625,149.1652369,0.015,0.0236632339656353,105,40,LAND,False
2026-08-31 14:07:27,-35.3632625,149.1652369,0.015,0.023484937846660614,105,40,LAND,False
2026-08-31 14:07:28,-35.3632625,149.1652369,0.015,0.02351204678416252,105,40,LAND,False
2026-08-31 14:07:28,-35.3632625,149.1652369,0.015,0.023593265563249588,105,40,LAND,False
2026-08-31 14:07:28,-35.3632625,149.1652369,0.015,0.023720845580101013,105,40,LAND,False
2026-08-31 14:07:29,-35.3632625,149.1652369,0.015,0.02398061379790306,105,40,LAND,False
2026-08-31 14:07:29,-35.3632625,149.1652369,0.015,0.023839078843593597,105,40,LAND,False
2026-08-31 14:07:29,-35.3632625,149.1652369,0.015,0.023983297869563103,105,40,LAND,False
2026-08-31 14:07:30,-35.3632625,149.1652369,0.015,0.02404724806547165,105,40,LAND,False
2026-08-31 14:07:30,-35.3632625,149.1652369,0.015,0.023803872987627983,105,40,LAND,False
2026-08-31 14:07:31,-35.3632625,149.1652369,0.015,0.023941796272993088,105,40,LAND,False
2026-08-31 14:07:31,-35.3632625,149.1652369,0.015,0.023732516914606094,105,40,LAND,False
2026-08-31 14:07:31,-35.3632625,149.1652369,0.015,0.02361607737839222,105,40,LAND,False
2026-08-31 14:07:32,-35.3632625,149.1652369,0.015,0.023642748594284058,105,40,LAND,False
2026-08-31 14:07:32,-35.3632625,149.1652369,0.015,0.023971807211637497,105,40,LAND,False
2026-08-31 14:07:33,-35.3632625,149.1652369,0.015,0.023870188742876053,105,40,LAND,False
2026-08-31 14:07:33,-35.3632625,149.1652369,0.015,0.023870188742876053,105,40,LAND,False
2026-08-31 14:07:33,-35.3632625,149.1652369,0.015,0.023914605379104614,105,40,LAND,False
2026-08-31 14:07:34,-35.3632625,149.1652369,0.015,0.02381998300552368,105,40,LAND,False
2026-08-31 14:07:34,-35.3632625,149.1652369,0.015,0.02354281023144722,105,40,LAND,False
2026-08-31 14:07:35,-35.3632625,149.1652369,0.015,0.02372409775853157,105,40,LAND,False
2026-08-31 14:07:35,-35.3632625,149.1652369,0.015,0.023494403809309006,105,40,LAND,False
2026-08-31 14:07:35,-35.3632625,149.1652369,0.015,0.023532774299383163,105,40,LAND,False
2026-08-31 14:07:36,-35.3632625,149.1652369,0.015,0.02373092994093895,105,40,LAND,False
2026-08-31 14:07:36,-35.3632625,149.1652369,0.015,0.023534048348665237,105,40,LAND,False
2026-08-31 14:07:37,-35.3632625,149.1652369,0.015,0.023635683581233025,105,40,LAND,False
2026-08-31 14:07:37,-35.3632625,149.1652369,0.015,0.023591848090291023,105,40,LAND,False
2026-08-31 14:07:37,-35.3632625,149.1652369,0.015,0.023722274228930473,105,40,LAND,False
2026-08-31 14:07:38,-35.3632625,149.1652369,0.015,0.023684600368142128,105,40,LAND,False
2026-08-31 14:07:38,-35.3632625,149.1652369,0.015,0.023754345253109932,105,40,LAND,False
2026-08-31 14:07:38,-35.3632625,149.1652369,0.015,0.023882167413830757,105,40,LAND,False
2026-08-31 14:07:39,-35.3632625,149.1652369,0.015,0.02354259043931961,105,40,LAND,False
2026-08-31 14:07:39,-35.3632625,149.1652369,0.015,0.023462604731321335,105,40,LAND,False
2026-08-31 14:07:40,-35.3632625,149.1652369,0.015,0.023565111681818962,105,40,LAND,False
2026-08-31 14:07:40,-35.3632625,149.1652369,0.015,0.023463716730475426,105,40,LAND,False
2026-08-31 14:07:40,-35.3632625,149.1652369,0.015,0.02341512404382229,105,40,LAND,False
2026-08-31 14:07:41,-35.3632625,149.1652369,0.015,0.023293577134609222,105,40,LAND,False
2026-08-31 14:07:41,-35.3632625,149.1652369,0.015,0.02254725806415081,105,40,LAND,False
2026-08-31 14:07:42,-35.3632625,149.1652369,0.015,0.022426994517445564,105,40,LAND,False
2026-08-31 14:07:42,-35.3632625,149.1652369,0.015,0.021226271986961365,105,40,LAND,False
2026-08-31 14:07:42,-35.3632625,149.1652369,0.015,0.02104058489203453,105,40,LAND,False
2026-08-31 14:07:43,-35.3632625,149.1652369,0.015,0.019975069910287857,105,40,LAND,False
2026-08-31 14:07:43,-35.3632625,149.1652369,0.015,0.01960066147148609,105,40,LAND,False
2026-08-31 14:07:44,-35.3632625,149.1652369,0.015,0.01867351308465004,105,40,LAND,False
2026-08-31 14:07:44,-35.3632625,149.1652369,0.015,0.018052486702799797,105,40,LAND,False
2026-08-31 14:07:44,-35.3632625,149.1652369,0.015,0.01716502383351326,105,40,LAND,False
2026-08-31 14:07:45,-35.3632625,149.1652369,0.015,0.016584355384111404,105,40,LAND,False
2026-08-31 14:07:45,-35.3632625,149.1652369,0.015,0.015234244056046009,105,40,LAND,False
2026-08-31 14:07:46,-35.3632625,149.1652369,0.015,0.014756920747458935,105,40,LAND,False
2026-08-31 14:07:46,-35.3632625,149.1652369,0.015,0.01337204035371542,105,40,LAND,False
2026-08-31 14:07:46,-35.3632625,149.1652369,0.015,0.012708419933915138,105,40,LAND,False
2026-08-31 14:07:47,-35.3632625,149.1652369,0.015,0.011459462344646454,105,40,LAND,False
2026-08-31 14:07:47,-35.3632625,149.1652369,0.015,0.010795998387038708,105,40,LAND,False
2026-08-31 14:07:48,-35.3632625,149.1652369,0.015,0.009845397435128689,105,40,LAND,False
2026-08-31 14:07:48,-35.3632625,149.1652369,0.015,0.009144414216279984,105,40,LAND,False
2026-08-31 14:07:48,-35.3632625,149.1652369,0.015,0.007434547413140535,105,40,LAND,False
2026-08-31 14:07:49,-35.3632625,149.1652369,0.015,0.0067879208363592625,105,40,LAND,False
2026-08-31 14:07:49,-35.3632625,149.1652369,0.015,0.005622786469757557,105,40,LAND,False
2026-08-31 14:07:49,-35.3632625,149.1652369,0.015,0.005107717122882605,105,40,LAND,False
2026-08-31 14:07:50,-35.3632625,149.1652369,0.015,0.004077321849763393,105,40,LAND,False
2026-08-31 14:07:50,-35.3632625,149.1652369,0.015,0.003581632860004902,105,40,LAND,False
2026-08-31 14:07:51,-35.3632625,149.1652369,0.015,0.002830646000802517,105,40,LAND,False
2026-08-31 14:07:51,-35.3632625,149.1652369,0.015,0.0023578519467264414,105,40,LAND,False
2026-08-31 14:07:51,-35.3632625,149.1652369,0.015,0.001509018475189805,105,40,LAND,False
2026-08-31 14:07:52,-35.3632625,149.1652369,0.015,0.0011192294768989086,105,40,LAND,False
2026-08-31 14:07:52,-35.3632625,149.1652369,0.015,0.00043630501022562385,105,40,LAND,False
2026-08-31 14:07:53,-35.3632625,149.1652369,0.015,0.00029490087763406336,105,40,LAND,False
2026-08-31 14:07:53,-35.3632625,149.1652369,0.015,0.0007212015916593373,105,40,LAND,False
2026-08-31 14:07:53,-35.3632625,149.1652369,0.015,0.001045019133016467,105,40,LAND,False
2026-08-31 14:07:54,-35.3632625,149.1652369,0.015,0.0015759658999741077,105,40,LAND,False
2026-08-31 14:07:54,-35.3632625,149.165237,0.015,0.0019200248643755913,105,40,LAND,False
2026-08-31 14:07:55,-35.3632625,149.165237,0.015,0.002893465803936124,105,40,LAND,False
2026-08-31 14:07:55,-35.3632625,149.165237,0.015,0.0032785835210233927,105,40,LAND,False
2026-08-31 14:07:55,-35.3632625,149.165237,0.015,0.004019430838525295,105,40,LAND,False
2026-08-31 14:07:56,-35.3632625,149.165237,0.015,0.004400570411235094,105,40,LAND,False
2026-08-31 14:07:56,-35.3632625,149.165237,0.015,0.0050665936432778835,104,40,LAND,False
2026-08-31 14:07:57,-35.3632625,149.165237,0.015,0.005415916908532381,104,40,LAND,False
2026-08-31 14:07:57,-35.3632625,149.165237,0.015,0.006079866085201502,104,40,LAND,False
2026-08-31 14:07:57,-35.3632625,149.165237,0.015,0.006335366517305374,104,40,LAND,False
2026-08-31 14:07:58,-35.3632625,149.165237,0.015,0.007037853356450796,104,40,LAND,False
2026-08-31 14:07:58,-35.3632625,149.165237,0.015,0.007288825698196888,104,40,LAND,False
2026-08-31 14:07:58,-35.3632625,149.165237,0.015,0.007932126522064209,104,40,LAND,False
2026-08-31 14:07:59,-35.3632625,149.165237,0.015,0.008211776614189148,104,40,LAND,False
2026-08-31 14:07:59,-35.3632625,149.165237,0.015,0.00908585637807846,104,40,LAND,False
2026-08-31 14:08:00,-35.3632625,149.165237,0.015,0.009481477551162243,104,40,LAND,False
2026-08-31 14:08:00,-35.3632625,149.165237,0.015,0.009816886857151985,104,40,LAND,False
2026-08-31 14:08:00,-35.3632625,149.165237,0.015,0.010113675147294998,104,40,LAND,False
2026-08-31 14:08:01,-35.3632625,149.165237,0.015,0.01049644872546196,104,40,LAND,False
2026-08-31 14:08:01,-35.3632625,149.165237,0.015,0.010694963857531548,104,40,LAND,False
2026-08-31 14:08:02,-35.3632625,149.165237,0.015,0.011157248169183731,104,40,LAND,False
2026-08-31 14:08:02,-35.3632625,149.165237,0.015,0.011368922889232635,104,40,LAND,False
2026-08-31 14:08:02,-35.3632625,149.165237,0.015,0.011780479922890663,104,40,LAND,False
2026-08-31 14:08:03,-35.3632625,149.165237,0.015,0.011968971230089664,104,40,LAND,False
2026-08-31 14:08:03,-35.3632625,149.165237,0.015,0.01256213802844286,104,40,LAND,False
2026-08-31 14:08:04,-35.3632625,149.165237,0.015,0.012879905290901661,104,40,LAND,False
2026-08-31 14:08:04,-35.3632625,149.165237,0.015,0.013137854635715485,104,40,LAND,False
2026-08-31 14:08:04,-35.3632625,149.165237,0.015,0.013347596861422062,104,40,LAND,False
2026-08-31 14:08:05,-35.3632625,149.165237,0.015,0.013779925182461739,104,40,LAND,False
2026-08-31 14:08:05,-35.3632625,149.1652371,0.015,0.013913363218307495,104,40,LAND,False
2026-08-31 14:08:05,-35.3632625,149.1652371,0.015,0.014276180416345596,104,40,LAND,False
2026-08-31 14:08:06,-35.3632625,149.1652371,0.015,0.014356660656630993,104,40,LAND,False
2026-08-31 14:08:06,-35.3632625,149.1652371,0.015,0.014608222059905529,104,40,LAND,False
2026-08-31 14:08:07,-35.3632625,149.1652371,0.015,0.014775975607335567,104,40,LAND,False
2026-08-31 14:08:07,-35.3632625,149.1652371,0.015,0.014775864779949188,104,40,LAND,False
2026-08-31 14:08:08,-35.3632625,149.1652371,0.015,0.015045274049043655,104,40,LAND,False
2026-08-31 14:08:08,-35.3632625,149.1652371,0.015,0.015166094526648521,104,40,LAND,False
2026-08-31 14:08:08,-35.3632625,149.1652371,0.015,0.015319055877625942,104,40,LAND,False
2026-08-31 14:08:09,-35.3632625,149.1652371,0.015,0.015729689970612526,104,40,LAND,False
2026-08-31 14:08:09,-35.3632625,149.1652371,0.015,0.015821214765310287,104,40,LAND,False
2026-08-31 14:08:09,-35.3632625,149.1652371,0.015,0.01625586859881878,104,40,LAND,False
2026-08-31 14:08:10,-35.3632625,149.1652371,0.015,0.016164403408765793,104,40,LAND,False
2026-08-31 14:08:10,-35.3632625,149.1652371,0.015,0.01632450334727764,104,40,LAND,False
2026-08-31 14:08:11,-35.3632625,149.1652371,0.015,0.016632497310638428,104,40,LAND,False
2026-08-31 14:08:11,-35.3632625,149.1652371,0.015,0.016789229586720467,104,40,LAND,False
2026-08-31 14:08:11,-35.3632625,149.1652371,0.015,0.01690600998699665,104,40,LAND,False
2026-08-31 14:08:12,-35.3632625,149.1652371,0.015,0.017334697768092155,104,40,LAND,False
2026-08-31 14:08:12,-35.3632625,149.1652371,0.015,0.017300236970186234,104,40,LAND,False
2026-08-31 14:08:12,-35.3632625,149.1652371,0.015,0.017708269879221916,104,40,LAND,False
2026-08-31 14:08:13,-35.3632625,149.1652371,0.015,0.017650486901402473,104,40,LAND,False
2026-08-31 14:08:13,-35.3632625,149.1652371,0.015,0.018062276765704155,104,40,LAND,False
2026-08-31 14:08:14,-35.3632625,149.1652371,0.015,0.018153421580791473,104,40,LAND,False
2026-08-31 14:08:14,-35.3632625,149.1652371,0.015,0.018249254673719406,104,40,LAND,False
2026-08-31 14:08:15,-35.3632625,149.1652371,0.015,0.018459990620613098,104,40,LAND,False
2026-08-31 14:08:15,-35.3632625,149.1652371,0.015,0.01856408454477787,104,40,LAND,False
2026-08-31 14:08:15,-35.3632625,149.1652371,0.015,0.01876099966466427,104,40,LAND,False
2026-08-31 14:08:16,-35.3632625,149.1652371,0.015,0.018928052857518196,104,40,LAND,False
2026-08-31 14:08:16,-35.3632625,149.1652371,0.015,0.01890900544822216,104,40,LAND,False
2026-08-31 14:08:17,-35.3632625,149.1652371,0.015,0.019166206941008568,104,40,LAND,False
2026-08-31 14:08:17,-35.3632625,149.1652371,0.015,0.019142940640449524,104,40,LAND,False
2026-08-31 14:08:17,-35.3632625,149.1652371,0.015,0.019215479493141174,104,40,LAND,False
2026-08-31 14:08:18,-35.3632625,149.1652371,0.015,0.01936933398246765,104,40,LAND,False
2026-08-31 14:08:18,-35.3632625,149.1652371,0.015,0.019534612074494362,104,40,LAND,False
2026-08-31 14:08:19,-35.3632625,149.1652371,0.015,0.019669195637106895,104,40,LAND,False
2026-08-31 14:08:19,-35.3632625,149.1652371,0.015,0.019790945574641228,104,40,LAND,False
2026-08-31 14:08:19,-35.3632625,149.1652371,0.015,0.019974520429968834,104,40,LAND,False
2026-08-31 14:08:20,-35.3632625,149.1652371,0.015,0.020307740196585655,104,40,LAND,False
2026-08-31 14:08:20,-35.3632625,149.1652371,0.015,0.020149441435933113,104,40,LAND,False
2026-08-31 14:08:20,-35.3632625,149.1652371,0.015,0.020355483517050743,104,40,LAND,False
2026-08-31 14:08:21,-35.3632625,149.1652371,0.015,0.020322194322943687,104,40,LAND,False
2026-08-31 14:08:21,-35.3632625,149.1652371,0.015,0.020321475341916084,104,40,LAND,False
2026-08-31 14:08:22,-35.3632625,149.1652371,0.015,0.020455453544855118,104,40,LAND,False
2026-08-31 14:08:22,-35.3632625,149.1652371,0.015,0.020244615152478218,104,40,LAND,False
2026-08-31 14:08:22,-35.3632625,149.1652371,0.015,0.02039373107254505,104,40,LAND,False
2026-08-31 14:08:23,-35.3632625,149.1652371,0.015,0.020691007375717163,104,40,LAND,False
2026-08-31 14:08:23,-35.3632625,149.1652371,0.015,0.0206645205616951,104,40,LAND,False
2026-08-31 14:08:23,-35.3632625,149.1652371,0.015,0.0209075715392828,104,40,LAND,False
2026-08-31 14:08:24,-35.3632625,149.1652371,0.015,0.020867303013801575,104,40,LAND,False
2026-08-31 14:08:24,-35.3632625,149.1652371,0.015,0.021214501932263374,104,40,LAND,False
2026-08-31 14:08:25,-35.3632625,149.1652371,0.015,0.021237455308437347,104,40,LAND,False
2026-08-31 14:08:25,-35.3632625,149.1652371,0.015,0.021206267178058624,104,40,LAND,False
2026-08-31 14:08:25,-35.3632625,149.1652371,0.015,0.021419726312160492,104,40,LAND,False
2026-08-31 14:08:26,-35.3632625,149.1652371,0.015,0.02133103273808956,104,40,LAND,False
2026-08-31 14:08:26,-35.3632625,149.1652371,0.015,0.021281100809574127,104,40,LAND,False
2026-08-31 14:08:27,-35.3632625,149.1652371,0.015,0.021364612504839897,104,40,LAND,False
2026-08-31 14:08:27,-35.3632625,149.1652371,0.015,0.021199321374297142,104,40,LAND,False
2026-08-31 14:08:27,-35.3632625,149.1652371,0.015,0.02131000906229019,104,40,LAND,False
2026-08-31 14:08:28,-35.3632625,149.1652371,0.015,0.021263062953948975,103,40,LAND,False
2026-08-31 14:08:28,-35.3632625,149.1652371,0.015,0.021390797570347786,103,40,LAND,False
2026-08-31 14:08:29,-35.3632625,149.1652371,0.015,0.02166353166103363,103,40,LAND,False
2026-08-31 14:08:29,-35.3632625,149.1652371,0.015,0.021522603929042816,103,40,LAND,False
2026-08-31 14:08:29,-35.3632625,149.1652371,0.015,0.021630873903632164,103,40,LAND,False
2026-08-31 14:08:30,-35.3632625,149.1652371,0.015,0.021835917606949806,103,40,LAND,False
2026-08-31 14:08:30,-35.3632625,149.1652371,0.015,0.021837418898940086,103,40,LAND,False
2026-08-31 14:08:31,-35.3632625,149.1652371,0.015,0.022021472454071045,103,40,LAND,False
2026-08-31 14:08:31,-35.3632625,149.1652371,0.015,0.02189895696938038,103,40,LAND,False
2026-08-31 14:08:31,-35.3632625,149.1652371,0.015,0.02189606800675392,103,40,LAND,False
2026-08-31 14:08:32,-35.3632625,149.1652371,0.015,0.022052854299545288,103,40,LAND,False
2026-08-31 14:08:32,-35.3632625,149.1652371,0.015,0.022177932783961296,103,40,LAND,False
2026-08-31 14:08:33,-35.3632625,149.1652371,0.015,0.02229485847055912,103,40,LAND,False
2026-08-31 14:08:33,-35.3632625,149.1652371,0.015,0.022132359445095062,103,40,LAND,False
2026-08-31 14:08:33,-35.3632625,149.1652371,0.015,0.022236276417970657,103,40,LAND,False
2026-08-31 14:08:34,-35.3632625,149.1652371,0.015,0.022263407707214355,103,40,LAND,False
2026-08-31 14:08:35,-35.3632625,149.1652371,0.015,0.022414878010749817,103,40,LAND,False
2026-08-31 14:08:35,-35.3632625,149.1652371,0.015,0.0223397146910429,103,40,LAND,False
2026-08-31 14:08:35,-35.3632625,149.1652371,0.015,0.0223397146910429,103,40,LAND,False
2026-08-31 14:08:35,-35.3632625,149.1652371,0.015,0.02250177040696144,103,40,LAND,False
2026-08-31 14:08:36,-35.3632625,149.1652371,0.015,0.022529616951942444,103,40,LAND,False
2026-08-31 14:08:36,-35.3632625,149.1652371,0.015,0.022564370185136795,103,40,LAND,False
2026-08-31 14:08:37,-35.3632625,149.1652371,0.015,0.022679811343550682,103,40,LAND,False
2026-08-31 14:08:37,-35.3632625,149.1652371,0.015,0.0225593950599432,103,40,LAND,False
2026-08-31 14:08:37,-35.3632625,149.1652371,0.015,0.022591734305024147,103,40,LAND,False
2026-08-31 14:08:38,-35.3632625,149.1652371,0.015,0.02264515869319439,103,40,LAND,False
2026-08-31 14:08:38,-35.3632625,149.1652371,0.015,0.02243763767182827,103,40,LAND,False
2026-08-31 14:08:39,-35.3632625,149.1652371,0.015,0.02273605763912201,103,40,LAND,False
2026-08-31 14:08:39,-35.3632625,149.1652371,0.015,0.022630933672189713,103,40,LAND,False
2026-08-31 14:08:39,-35.3632625,149.1652371,0.015,0.02266249805688858,103,40,LAND,False
2026-08-31 14:08:40,-35.3632625,149.1652371,0.015,0.022618640214204788,103,40,LAND,False
2026-08-31 14:08:40,-35.3632625,149.1652371,0.015,0.02265859954059124,103,40,LAND,False
2026-08-31 14:08:41,-35.3632625,149.1652371,0.015,0.023021619766950607,103,40,LAND,False
2026-08-31 14:08:41,-35.3632625,149.1652371,0.015,0.023005099967122078,103,40,LAND,False
2026-08-31 14:08:41,-35.3632625,149.1652371,0.015,0.02296077087521553,103,40,LAND,False
2026-08-31 14:08:42,-35.3632625,149.1652371,0.015,0.02303721196949482,103,40,LAND,False
2026-08-31 14:08:42,-35.3632625,149.1652371,0.015,0.022941185161471367,103,40,LAND,False
2026-08-31 14:08:43,-35.3632625,149.1652371,0.015,0.02323552779853344,103,40,LAND,False
2026-08-31 14:08:43,-35.3632625,149.1652371,0.015,0.02323167957365513,103,40,LAND,False
2026-08-31 14:08:43,-35.3632625,149.1652371,0.015,0.023306187242269516,103,40,LAND,False
2026-08-31 14:08:44,-35.3632625,149.1652371,0.015,0.023293476551771164,103,40,LAND,False
2026-08-31 14:08:44,-35.3632625,149.1652371,0.015,0.022979822009801865,103,40,LAND,False
2026-08-31 14:08:44,-35.3632625,149.1652371,0.015,0.0231166984885931,103,40,LAND,False
2026-08-31 14:08:44,-35.3632625,149.1652371,0.015,0.0231166984885931,103,40,LAND,False
2026-08-31 14:08:45,-35.3632625,149.1652371,0.015,0.0230919998139143,103,40,LAND,False
2026-08-31 14:08:45,-35.3632625,149.1652371,0.015,0.023257507011294365,103,40,LAND,False
2026-08-31 14:08:46,-35.3632625,149.1652371,0.015,0.023345837369561195,103,40,LAND,False
2026-08-31 14:08:46,-35.3632625,149.1652371,0.015,0.023227445781230927,103,40,LAND,False
2026-08-31 14:08:47,-35.3632625,149.1652371,0.015,0.023569244891405106,103,40,LAND,False
2026-08-31 14:08:47,-35.3632625,149.1652371,0.015,0.023571524769067764,103,40,LAND,False
2026-08-31 14:08:48,-35.3632625,149.1652371,0.015,0.02344610169529915,103,40,LAND,False
2026-08-31 14:08:48,-35.3632625,149.1652371,0.015,0.02354659140110016,103,40,LAND,False
2026-08-31 14:08:49,-35.3632625,149.1652371,0.015,0.023384341970086098,103,40,LAND,False
2026-08-31 14:08:49,-35.3632625,149.1652371,0.015,0.023577116429805756,103,40,LAND,False
2026-08-31 14:08:49,-35.3632625,149.1652371,0.015,0.02322709560394287,103,40,LAND,False
2026-08-31 14:08:50,-35.3632625,149.1652371,0.015,0.023309603333473206,103,40,LAND,False
2026-08-31 14:08:50,-35.3632625,149.1652371,0.015,0.023405596613883972,103,40,LAND,False
2026-08-31 14:08:50,-35.3632625,149.1652371,0.015,0.02332346700131893,103,40,LAND,False
2026-08-31 14:08:51,-35.3632625,149.1652371,0.015,0.023274682462215424,103,40,LAND,False
2026-08-31 14:08:51,-35.3632625,149.1652371,0.015,0.023164095357060432,103,40,LAND,False
2026-08-31 14:08:52,-35.3632625,149.1652371,0.015,0.023357432335615158,103,40,LAND,False
2026-08-31 14:08:52,-35.3632625,149.1652371,0.015,0.023314975202083588,103,40,LAND,False
2026-08-31 14:08:52,-35.3632625,149.1652371,0.014,0.02319490537047386,103,40,LAND,False
2026-08-31 14:08:53,-35.3632625,149.1652371,0.014,0.02333487756550312,103,40,LAND,False
2026-08-31 14:08:53,-35.3632625,149.1652371,0.014,0.02320675179362297,103,40,LAND,False
2026-08-31 14:08:53,-35.3632625,149.1652371,0.014,0.023190991953015327,103,40,LAND,False
2026-08-31 14:08:54,-35.3632625,149.1652371,0.014,0.023496180772781372,103,40,LAND,False
2026-08-31 14:08:54,-35.3632625,149.1652371,0.014,0.023371003568172455,103,40,LAND,False
2026-08-31 14:08:55,-35.3632625,149.1652371,0.014,0.023432554677128792,103,40,LAND,False
2026-08-31 14:08:55,-35.3632625,149.1652371,0.014,0.023318879306316376,103,40,LAND,False
2026-08-31 14:08:55,-35.3632625,149.1652371,0.014,0.023197147995233536,103,40,LAND,False
2026-08-31 14:08:56,-35.3632625,149.1652371,0.014,0.0233817957341671,103,40,LAND,False
2026-08-31 14:08:56,-35.3632625,149.1652371,0.014,0.023075345903635025,103,40,LAND,False
2026-08-31 14:08:57,-35.3632625,149.1652371,0.014,0.02317408286035061,103,40,LAND,False
2026-08-31 14:08:57,-35.3632625,149.1652371,0.014,0.02340371534228325,103,40,LAND,False
2026-08-31 14:08:57,-35.3632625,149.1652371,0.014,0.023259960114955902,103,40,LAND,False
2026-08-31 14:08:58,-35.3632625,149.1652371,0.014,0.023545552045106888,103,40,LAND,False
2026-08-31 14:08:58,-35.3632625,149.1652371,0.014,0.023480836302042007,103,40,LAND,False
2026-08-31 14:08:59,-35.3632625,149.1652371,0.014,0.02367054671049118,103,40,LAND,False
2026-08-31 14:08:59,-35.3632625,149.1652371,0.014,0.02360796555876732,103,40,LAND,False
2026-08-31 14:08:59,-35.3632625,149.1652371,0.014,0.023376282304525375,103,40,LAND,False
2026-08-31 14:09:00,-35.3632625,149.1652371,0.014,0.023512378334999084,103,40,LAND,False
2026-08-31 14:09:00,-35.3632625,149.1652371,0.014,0.023449989035725594,103,40,LAND,False
2026-08-31 14:09:01,-35.3632625,149.1652371,0.015,0.023295128718018532,103,40,LAND,False
2026-08-31 14:09:01,-35.3632625,149.1652371,0.015,0.023452425375580788,103,40,LAND,False
2026-08-31 14:09:01,-35.3632625,149.1652371,0.015,0.02338915877044201,103,40,LAND,False
2026-08-31 14:09:02,-35.3632625,149.1652371,0.015,0.02379624918103218,103,40,LAND,False
2026-08-31 14:09:02,-35.3632625,149.1652371,0.015,0.023835821077227592,103,40,LAND,False
2026-08-31 14:09:02,-35.3632625,149.1652371,0.015,0.023738937452435493,103,40,LAND,False
2026-08-31 14:09:03,-35.3632625,149.1652371,0.015,0.023907935246825218,103,40,LAND,False
2026-08-31 14:09:03,-35.3632625,149.1652371,0.015,0.023948168382048607,103,40,LAND,False
2026-08-31 14:09:04,-35.3632625,149.1652371,0.015,0.024059120565652847,103,40,LAND,False
2026-08-31 14:09:04,-35.3632625,149.1652371,0.015,0.023815827444195747,103,40,LAND,False
2026-08-31 14:09:04,-35.3632625,149.1652371,0.015,0.023780325427651405,103,40,LAND,False
2026-08-31 14:09:05,-35.3632625,149.1652371,0.015,0.02382156066596508,103,40,LAND,False
2026-08-31 14:09:05,-35.3632625,149.1652371,0.015,0.023524664342403412,103,40,LAND,False
2026-08-31 14:09:06,-35.3632625,149.1652371,0.015,0.023698080331087112,103,40,LAND,False
2026-08-31 14:09:06,-35.3632625,149.1652371,0.015,0.023628422990441322,103,40,LAND,False
2026-08-31 14:09:06,-35.3632625,149.1652371,0.015,0.02370981127023697,103,40,LAND,False
2026-08-31 14:09:07,-35.3632625,149.1652371,0.015,0.02387198433279991,103,40,LAND,False
2026-08-31 14:09:07,-35.3632625,149.1652371,0.015,0.023774823173880577,103,40,LAND,False
2026-08-31 14:09:08,-35.3632625,149.1652371,0.015,0.023855675011873245,103,40,LAND,False
2026-08-31 14:09:08,-35.3632625,149.1652371,0.015,0.0238181259483099,103,40,LAND,False
2026-08-31 14:09:08,-35.3632625,149.1652371,0.015,0.023809028789401054,102,40,LAND,False
2026-08-31 14:09:09,-35.3632625,149.1652371,0.015,0.02387130632996559,102,40,LAND,False
2026-08-31 14:09:09,-35.3632625,149.1652371,0.015,0.023733874782919884,102,40,LAND,False
2026-08-31 14:09:10,-35.3632625,149.1652371,0.015,0.023667773231863976,102,40,LAND,False
2026-08-31 14:09:10,-35.3632625,149.1652371,0.015,0.02347385883331299,102,40,LAND,False
2026-08-31 14:09:10,-35.3632625,149.1652371,0.015,0.023479588329792023,102,40,LAND,False
2026-08-31 14:09:11,-35.3632625,149.1652371,0.015,0.023707237094640732,102,40,LAND,False
2026-08-31 14:09:11,-35.3632625,149.1652371,0.015,0.023519933223724365,102,40,LAND,False
2026-08-31 14:09:11,-35.3632625,149.1652371,0.015,0.02356657199561596,102,40,LAND,False
2026-08-31 14:09:12,-35.3632625,149.1652371,0.015,0.023723145946860313,102,40,LAND,False
2026-08-31 14:09:12,-35.3632625,149.1652371,0.015,0.02355809137225151,102,40,LAND,False
2026-08-31 14:09:13,-35.3632625,149.1652371,0.015,0.023771587759256363,102,40,LAND,False
2026-08-31 14:09:13,-35.3632625,149.1652371,0.015,0.023695392534136772,102,40,LAND,False
2026-08-31 14:09:13,-35.3632625,149.1652371,0.015,0.023763272911310196,102,40,LAND,False
2026-08-31 14:09:14,-35.3632625,149.1652371,0.015,0.02388996258378029,102,40,LAND,False
2026-08-31 14:09:14,-35.3632625,149.1652371,0.015,0.023734550923109055,102,40,LAND,False
2026-08-31 14:09:15,-35.3632625,149.1652371,0.015,0.02366245910525322,102,40,LAND,False
2026-08-31 14:09:15,-35.3632625,149.1652371,0.015,0.023701922968029976,102,40,LAND,False
2026-08-31 14:09:16,-35.3632625,149.1652371,0.015,0.02361001819372177,102,40,LAND,False
2026-08-31 14:09:16,-35.3632625,149.1652371,0.015,0.023631596937775612,102,40,LAND,False
2026-08-31 14:09:16,-35.3632625,149.1652371,0.015,0.02351236343383789,102,40,LAND,False
2026-08-31 14:09:17,-35.3632625,149.1652371,0.015,0.023674877360463142,102,40,LAND,False
2026-08-31 14:09:17,-35.3632625,149.1652371,0.015,0.023642657324671745,102,40,LAND,False
2026-08-31 14:09:17,-35.3632625,149.1652371,0.015,0.02371811307966709,102,40,LAND,False
2026-08-31 14:09:18,-35.3632625,149.1652371,0.015,0.02402614615857601,102,40,LAND,False
2026-08-31 14:09:18,-35.3632625,149.1652371,0.015,0.023852434009313583,102,40,LAND,False
2026-08-31 14:09:19,-35.3632625,149.1652371,0.015,0.02372893877327442,102,40,LAND,False
2026-08-31 14:09:19,-35.3632625,149.1652371,0.015,0.02349770814180374,102,40,LAND,False
2026-08-31 14:09:20,-35.3632625,149.1652371,0.015,0.02346976473927498,102,40,LAND,False
2026-08-31 14:09:20,-35.3632625,149.1652371,0.015,0.023488985374569893,102,40,LAND,False
2026-08-31 14:09:20,-35.3632625,149.1652371,0.015,0.023317845538258553,102,40,LAND,False
2026-08-31 14:09:21,-35.3632625,149.1652371,0.015,0.02343340963125229,102,40,LAND,False
2026-08-31 14:09:21,-35.3632625,149.1652371,0.015,0.02334871143102646,102,40,LAND,False
2026-08-31 14:09:21,-35.3632625,149.1652371,0.015,0.023215003311634064,102,40,LAND,False
2026-08-31 14:09:22,-35.3632625,149.1652371,0.015,0.02342880330979824,102,40,LAND,False
2026-08-31 14:09:22,-35.3632625,149.1652371,0.015,0.02339015156030655,102,40,LAND,False
2026-08-31 14:09:23,-35.3632625,149.1652371,0.015,0.023532098159193993,102,40,LAND,False
2026-08-31 14:09:23,-35.3632625,149.1652371,0.015,0.023759204894304276,102,40,LAND,False
2026-08-31 14:09:23,-35.3632625,149.1652371,0.015,0.023615090176463127,102,40,LAND,False
2026-08-31 14:09:24,-35.3632625,149.1652371,0.015,0.02384323440492153,102,40,LAND,False
2026-08-31 14:09:24,-35.3632625,149.1652371,0.015,0.02372630499303341,102,40,LAND,False
2026-08-31 14:09:25,-35.3632625,149.1652371,0.015,0.023839790374040604,102,40,LAND,False
2026-08-31 14:09:25,-35.3632625,149.1652371,0.015,0.02372908592224121,102,40,LAND,False
2026-08-31 14:09:25,-35.3632625,149.1652371,0.015,0.02361072413623333,102,40,LAND,False
2026-08-31 14:09:26,-35.3632625,149.1652371,0.015,0.02374720573425293,102,40,LAND,False
2026-08-31 14:09:26,-35.3632625,149.1652371,0.015,0.023420680314302444,102,40,LAND,False
2026-08-31 14:09:27,-35.3632625,149.1652371,0.015,0.023545823991298676,102,40,LAND,False
2026-08-31 14:09:27,-35.3632625,149.1652371,0.015,0.023541513830423355,102,40,LAND,False
2026-08-31 14:09:27,-35.3632625,149.1652371,0.015,0.023311862722039223,102,40,LAND,False
2026-08-31 14:09:28,-35.3632625,149.1652371,0.015,0.023632006719708443,102,40,LAND,False
2026-08-31 14:09:28,-35.3632625,149.1652371,0.015,0.023697346448898315,102,40,LAND,False
2026-08-31 14:09:29,-35.3632625,149.1652371,0.015,0.023665359243750572,102,40,LAND,False
2026-08-31 14:09:29,-35.3632625,149.1652371,0.015,0.0236962977796793,102,40,LAND,False
2026-08-31 14:09:29,-35.3632625,149.1652371,0.015,0.023583272472023964,102,40,LAND,False
2026-08-31 14:09:30,-35.3632625,149.1652371,0.015,0.02360248938202858,102,40,LAND,False
2026-08-31 14:09:30,-35.3632625,149.1652371,0.015,0.023469218984246254,102,40,LAND,False
2026-08-31 14:09:31,-35.3632625,149.1652371,0.015,0.023389456793665886,102,40,LAND,False
2026-08-31 14:09:31,-35.3632625,149.1652371,0.015,0.02361101098358631,102,40,LAND,False
2026-08-31 14:09:31,-35.3632625,149.1652371,0.015,0.023534627631306648,102,40,LAND,False
2026-08-31 14:09:32,-35.3632625,149.1652371,0.015,0.023828372359275818,102,40,LAND,False
2026-08-31 14:09:32,-35.3632625,149.1652371,0.015,0.023786742240190506,102,40,LAND,False
2026-08-31 14:09:33,-35.3632625,149.1652371,0.015,0.02404090389609337,102,40,LAND,False
2026-08-31 14:09:33,-35.3632625,149.1652371,0.015,0.023840406909585,102,40,LAND,False
2026-08-31 14:09:33,-35.3632625,149.1652371,0.015,0.023888016119599342,102,40,LAND,False
2026-08-31 14:09:34,-35.3632625,149.1652371,0.015,0.02406063862144947,102,40,LAND,False
2026-08-31 14:09:34,-35.3632625,149.1652371,0.015,0.023999659344553947,102,40,LAND,False
2026-08-31 14:09:34,-35.3632625,149.1652371,0.015,0.023973992094397545,102,40,LAND,False
2026-08-31 14:09:35,-35.3632625,149.1652371,0.015,0.024102753028273582,102,40,LAND,False
2026-08-31 14:09:35,-35.3632625,149.1652371,0.015,0.023996517062187195,102,40,LAND,False
2026-08-31 14:09:36,-35.3632625,149.1652371,0.015,0.024090059101581573,102,40,LAND,False
2026-08-31 14:09:36,-35.3632625,149.1652371,0.015,0.024066150188446045,102,40,LAND,False
2026-08-31 14:09:36,-35.3632625,149.1652371,0.015,0.023665865883231163,102,40,LAND,False
2026-08-31 14:09:37,-35.3632625,149.1652371,0.015,0.023816222324967384,102,40,LAND,False
2026-08-31 14:09:37,-35.3632625,149.1652371,0.015,0.023566890507936478,102,40,LAND,False
2026-08-31 14:09:38,-35.3632625,149.1652371,0.015,0.023762693628668785,102,40,LAND,False
2026-08-31 14:09:38,-35.3632625,149.1652371,0.015,0.02370155043900013,102,40,LAND,False
2026-08-31 14:09:39,-35.3632625,149.1652371,0.015,0.02356599271297455,102,40,LAND,False
2026-08-31 14:09:39,-35.3632625,149.1652371,0.015,0.023881075903773308,102,40,LAND,False
2026-08-31 14:09:39,-35.3632625,149.1652371,0.015,0.023881075903773308,102,40,LAND,False
2026-08-31 14:09:40,-35.3632625,149.1652371,0.015,0.023653335869312286,102,40,LAND,False
2026-08-31 14:09:40,-35.3632625,149.1652371,0.015,0.02360452339053154,102,40,LAND,False
2026-08-31 14:09:40,-35.3632625,149.1652371,0.015,0.02346598356962204,102,40,LAND,False
2026-08-31 14:09:41,-35.3632625,149.1652371,0.015,0.023581162095069885,102,40,LAND,False
2026-08-31 14:09:41,-35.3632625,149.1652371,0.015,0.023463746532797813,102,40,LAND,False
2026-08-31 14:09:42,-35.3632625,149.1652371,0.015,0.023540057241916656,102,40,LAND,False
2026-08-31 14:09:42,-35.3632625,149.1652371,0.015,0.023757629096508026,102,40,LAND,False
2026-08-31 14:09:42,-35.3632625,149.1652371,0.015,0.023384999483823776,102,40,LAND,False
2026-08-31 14:09:43,-35.3632625,149.1652371,0.015,0.023636914789676666,102,40,LAND,False
2026-08-31 14:09:43,-35.3632625,149.1652371,0.015,0.02370849996805191,102,40,LAND,False
2026-08-31 14:09:44,-35.3632625,149.1652371,0.015,0.023929227143526077,102,40,LAND,False
2026-08-31 14:09:44,-35.3632625,149.1652371,0.015,0.02390880137681961,102,40,LAND,False
2026-08-31 14:09:44,-35.3632625,149.1652371,0.015,0.023858005180954933,102,40,LAND,False
2026-08-31 14:09:45,-35.3632625,149.1652371,0.015,0.023912504315376282,102,40,LAND,False
2026-08-31 14:09:45,-35.3632625,149.1652371,0.015,0.02369069866836071,102,40,LAND,False
2026-08-31 14:09:45,-35.3632625,149.1652371,0.015,0.023686682805418968,102,40,LAND,False
2026-08-31 14:09:46,-35.3632625,149.1652371,0.015,0.023786379024386406,102,40,LAND,False
2026-08-31 14:09:46,-35.3632625,149.1652371,0.015,0.023674914613366127,102,40,LAND,False
2026-08-31 14:09:47,-35.3632625,149.1652371,0.015,0.02382817305624485,102,40,LAND,False
2026-08-31 14:09:47,-35.3632625,149.1652371,0.015,0.02382073365151882,102,40,LAND,False
2026-08-31 14:09:47,-35.3632625,149.1652371,0.015,0.023953376337885857,102,40,LAND,False
2026-08-31 14:09:48,-35.3632625,149.1652371,0.015,0.024156497791409492,102,40,LAND,False
2026-08-31 14:09:48,-35.3632625,149.1652371,0.015,0.0239076167345047,102,40,LAND,False
2026-08-31 14:09:49,-35.3632625,149.1652371,0.015,0.023927731439471245,102,40,LAND,False
2026-08-31 14:09:49,-35.3632625,149.1652371,0.015,0.02404303476214409,102,40,LAND,False
2026-08-31 14:09:50,-35.3632625,149.1652371,0.015,0.023908574134111404,102,40,LAND,False
2026-08-31 14:09:50,-35.3632625,149.1652371,0.015,0.023815138265490532,102,40,LAND,False
2026-08-31 14:09:50,-35.3632625,149.1652371,0.015,0.023627931252121925,102,40,LAND,False
2026-08-31 14:09:51,-35.3632625,149.1652371,0.015,0.02385634183883667,102,40,LAND,False
2026-08-31 14:09:51,-35.3632625,149.1652371,0.015,0.023868588730692863,102,40,LAND,False
2026-08-31 14:09:51,-35.3632625,149.1652371,0.015,0.023534510284662247,102,40,LAND,False
2026-08-31 14:09:52,-35.3632625,149.1652371,0.015,0.02363838627934456,102,40,LAND,False
2026-08-31 14:09:52,-35.3632625,149.1652371,0.015,0.023457448929548264,102,40,LAND,False
2026-08-31 14:09:53,-35.3632625,149.1652371,0.015,0.02355041541159153,102,40,LAND,False
2026-08-31 14:09:53,-35.3632625,149.1652371,0.015,0.02345258742570877,102,40,LAND,False
2026-08-31 14:09:54,-35.3632625,149.1652371,0.015,0.023582328110933304,102,40,LAND,False
2026-08-31 14:09:54,-35.3632625,149.1652371,0.015,0.02349030040204525,102,40,LAND,False
2026-08-31 14:09:55,-35.3632625,149.1652371,0.015,0.023557554930448532,102,40,LAND,False
2026-08-31 14:09:55,-35.3632625,149.1652371,0.015,0.023600490763783455,102,40,LAND,False
2026-08-31 14:09:55,-35.3632625,149.1652371,0.015,0.023617200553417206,102,40,LAND,False
2026-08-31 14:09:56,-35.3632625,149.1652371,0.015,0.023765334859490395,102,40,LAND,False
2026-08-31 14:09:56,-35.3632625,149.1652371,0.015,0.02366757020354271,102,40,LAND,False
2026-08-31 14:09:57,-35.3632625,149.1652371,0.015,0.023654209449887276,102,40,LAND,False
2026-08-31 14:09:57,-35.3632625,149.1652371,0.015,0.023795412853360176,102,40,LAND,False
2026-08-31 14:09:57,-35.3632625,149.1652371,0.015,0.023495718836784363,102,40,LAND,False
2026-08-31 14:09:58,-35.3632625,149.1652371,0.015,0.023747211322188377,102,40,LAND,False
2026-08-31 14:09:58,-35.3632625,149.1652371,0.015,0.023571014404296875,102,40,LAND,False
2026-08-31 14:09:59,-35.3632625,149.1652371,0.015,0.023743711411952972,102,40,LAND,False
2026-08-31 14:09:59,-35.3632625,149.1652371,0.015,0.02367737516760826,102,40,LAND,False
2026-08-31 14:09:59,-35.3632625,149.1652371,0.015,0.023609934374690056,102,40,LAND,False
2026-08-31 14:10:00,-35.3632625,149.1652371,0.015,0.023818975314497948,102,40,LAND,False
2026-08-31 14:10:00,-35.3632625,149.1652371,0.015,0.023557253181934357,102,40,LAND,False
2026-08-31 14:10:00,-35.3632625,149.1652371,0.015,0.023514574393630028,102,40,LAND,False
2026-08-31 14:10:01,-35.3632625,149.1652371,0.015,0.023601068183779716,102,40,LAND,False
2026-08-31 14:10:01,-35.3632625,149.1652371,0.015,0.023368066176772118,102,40,LAND,False
2026-08-31 14:10:02,-35.3632625,149.1652371,0.015,0.023573370650410652,102,40,LAND,False
2026-08-31 14:10:02,-35.3632625,149.1652371,0.015,0.023654986172914505,102,40,LAND,False
2026-08-31 14:10:02,-35.3632625,149.1652371,0.015,0.023557085543870926,102,40,LAND,False
2026-08-31 14:10:03,-35.3632625,149.1652371,0.015,0.023759739473462105,102,40,LAND,False
2026-08-31 14:10:03,-35.3632625,149.1652371,0.015,0.02358110062777996,102,40,LAND,False
2026-08-31 14:10:03,-35.3632625,149.1652371,0.015,0.023640424013137817,102,40,LAND,False
2026-08-31 14:10:04,-35.3632625,149.1652371,0.015,0.024072717875242233,102,40,LAND,False
2026-08-31 14:10:04,-35.3632625,149.1652371,0.015,0.024048741906881332,102,40,LAND,False
2026-08-31 14:10:05,-35.3632625,149.1652371,0.015,0.024252168834209442,102,40,LAND,False
2026-08-31 14:10:05,-35.3632625,149.1652371,0.015,0.02425842173397541,102,40,LAND,False
2026-08-31 14:10:05,-35.3632625,149.1652371,0.015,0.02409849874675274,102,40,LAND,False
2026-08-31 14:10:06,-35.3632625,149.1652371,0.015,0.02429882436990738,102,40,LAND,False
2026-08-31 14:10:06,-35.3632625,149.1652371,0.015,0.02400660514831543,102,40,LAND,False
2026-08-31 14:10:07,-35.3632625,149.1652371,0.015,0.024039924144744873,102,40,LAND,False
2026-08-31 14:10:07,-35.3632625,149.1652371,0.015,0.024153901264071465,102,40,LAND,False
2026-08-31 14:10:07,-35.3632625,149.1652371,0.015,0.02398751862347126,102,40,LAND,False
2026-08-31 14:10:08,-35.3632625,149.1652371,0.015,0.023852070793509483,102,40,LAND,False
2026-08-31 14:10:08,-35.3632625,149.1652371,0.015,0.023752620443701744,102,40,LAND,False
2026-08-31 14:10:09,-35.3632625,149.1652371,0.015,0.02395514026284218,102,40,LAND,False
2026-08-31 14:10:09,-35.3632625,149.1652371,0.015,0.023821678012609482,102,40,LAND,False
2026-08-31 14:10:09,-35.3632625,149.1652371,0.015,0.023829365149140358,102,40,LAND,False
2026-08-31 14:10:10,-35.3632625,149.1652371,0.015,0.024010639637708664,102,40,LAND,False
2026-08-31 14:10:10,-35.3632625,149.1652371,0.015,0.023776236921548843,102,40,LAND,False
2026-08-31 14:10:11,-35.3632625,149.1652371,0.015,0.023765528574585915,102,40,LAND,False
2026-08-31 14:10:11,-35.3632625,149.1652371,0.015,0.023875044658780098,102,40,LAND,False
2026-08-31 14:10:11,-35.3632625,149.1652371,0.015,0.02366679348051548,102,40,LAND,False
2026-08-31 14:10:12,-35.3632625,149.1652371,0.015,0.023874597623944283,102,40,LAND,False
2026-08-31 14:10:12,-35.3632625,149.1652371,0.015,0.023818572983145714,102,40,LAND,False
2026-08-31 14:10:12,-35.3632625,149.1652371,0.015,0.02350321225821972,102,40,LAND,False
2026-08-31 14:10:13,-35.3632625,149.1652371,0.015,0.023702511563897133,102,40,LAND,False
2026-08-31 14:10:13,-35.3632625,149.1652371,0.015,0.023592574521899223,102,40,LAND,False
2026-08-31 14:10:14,-35.3632625,149.1652371,0.015,0.02360905334353447,102,40,LAND,False
2026-08-31 14:10:14,-35.3632625,149.1652371,0.015,0.02366173453629017,102,40,LAND,False
2026-08-31 14:10:15,-35.3632625,149.1652371,0.015,0.023692848160862923,102,40,LAND,False
2026-08-31 14:10:15,-35.3632625,149.1652371,0.015,0.023573970422148705,102,40,LAND,False
2026-08-31 14:10:15,-35.3632625,149.1652371,0.015,0.023438585922122,102,40,LAND,False
2026-08-31 14:10:16,-35.3632625,149.1652371,0.015,0.02373920939862728,102,40,LAND,False
2026-08-31 14:10:16,-35.3632625,149.1652371,0.015,0.02380593679845333,102,40,LAND,False
2026-08-31 14:10:17,-35.3632625,149.1652371,0.015,0.023762069642543793,102,40,LAND,False
2026-08-31 14:10:17,-35.3632625,149.1652371,0.015,0.02396414428949356,102,40,LAND,False
2026-08-31 14:10:17,-35.3632625,149.1652371,0.015,0.023945067077875137,102,40,LAND,False
2026-08-31 14:10:18,-35.3632625,149.1652371,0.015,0.02396557107567787,102,40,LAND,False
2026-08-31 14:10:18,-35.3632625,149.1652371,0.015,0.023853139951825142,102,40,LAND,False
2026-08-31 14:10:18,-35.3632625,149.1652371,0.015,0.02394837699830532,102,40,LAND,False
2026-08-31 14:10:19,-35.3632625,149.1652371,0.015,0.02388000302016735,102,40,LAND,False
2026-08-31 14:10:19,-35.3632625,149.1652371,0.015,0.0237218476831913,102,40,LAND,False
2026-08-31 14:10:20,-35.3632625,149.1652371,0.015,0.023920264095067978,102,40,LAND,False
2026-08-31 14:10:20,-35.3632625,149.1652371,0.015,0.023998452350497246,102,40,LAND,False
2026-08-31 14:10:21,-35.3632625,149.1652371,0.015,0.024139173328876495,102,40,LAND,False
2026-08-31 14:10:21,-35.3632625,149.1652371,0.015,0.024139173328876495,102,40,LAND,False
2026-08-31 14:10:21,-35.3632625,149.1652371,0.015,0.023853246122598648,102,40,LAND,False
2026-08-31 14:10:22,-35.3632625,149.1652371,0.015,0.023868270218372345,102,40,LAND,False
2026-08-31 14:10:22,-35.3632625,149.1652371,0.015,0.02377154864370823,102,40,LAND,False
2026-08-31 14:10:22,-35.3632625,149.1652371,0.015,0.02354448288679123,102,40,LAND,False
2026-08-31 14:10:23,-35.3632625,149.1652371,0.015,0.023557912558317184,102,40,LAND,False
2026-08-31 14:10:23,-35.3632625,149.1652371,0.015,0.023377440869808197,102,40,LAND,False
2026-08-31 14:10:24,-35.3632625,149.1652371,0.015,0.023557564243674278,102,40,LAND,False
2026-08-31 14:10:24,-35.3632625,149.1652371,0.015,0.023318197578191757,102,40,LAND,False
2026-08-31 14:10:24,-35.3632625,149.1652371,0.015,0.02328413724899292,102,40,LAND,False
2026-08-31 14:10:25,-35.3632625,149.1652371,0.015,0.023554673418402672,102,40,LAND,False
2026-08-31 14:10:25,-35.3632625,149.1652371,0.015,0.023497093468904495,102,40,LAND,False
2026-08-31 14:10:26,-35.3632625,149.1652371,0.015,0.023646952584385872,102,40,LAND,False
2026-08-31 14:10:26,-35.3632625,149.1652371,0.015,0.023830750957131386,102,40,LAND,False
2026-08-31 14:10:27,-35.3632625,149.1652371,0.015,0.023680290207266808,102,40,LAND,False
2026-08-31 14:10:27,-35.3632625,149.1652371,0.015,0.023982016369700432,102,40,LAND,False
2026-08-31 14:10:27,-35.3632625,149.1652371,0.015,0.023782879114151,102,40,LAND,False
2026-08-31 14:10:28,-35.3632625,149.1652371,0.015,0.02401699498295784,102,40,LAND,False
2026-08-31 14:10:28,-35.3632625,149.1652371,0.015,0.02406858094036579,102,40,LAND,False
2026-08-31 14:10:28,-35.3632625,149.1652371,0.015,0.023833345621824265,102,40,LAND,False
2026-08-31 14:10:29,-35.3632625,149.1652371,0.015,0.024207351729273796,102,40,LAND,False
2026-08-31 14:10:29,-35.3632625,149.1652371,0.015,0.024091418832540512,102,40,LAND,False
2026-08-31 14:10:30,-35.3632625,149.1652371,0.015,0.02423945441842079,102,40,LAND,False
2026-08-31 14:10:30,-35.3632625,149.1652371,0.015,0.02440027892589569,102,40,LAND,False
2026-08-31 14:10:30,-35.3632625,149.1652371,0.015,0.024232175201177597,102,40,LAND,False
2026-08-31 14:10:31,-35.3632625,149.1652371,0.015,0.02455088123679161,102,40,LAND,False
2026-08-31 14:10:31,-35.3632625,149.1652371,0.015,0.024421382695436478,102,40,LAND,False
2026-08-31 14:10:31,-35.3632625,149.1652371,0.015,0.02415512688457966,102,40,LAND,False
2026-08-31 14:10:32,-35.3632625,149.1652371,0.015,0.024212999269366264,102,40,LAND,False
2026-08-31 14:10:32,-35.3632625,149.1652371,0.015,0.023925993591547012,102,40,LAND,False
2026-08-31 14:10:33,-35.3632625,149.1652371,0.015,0.024064702913165092,102,40,LAND,False
2026-08-31 14:10:33,-35.3632625,149.1652371,0.015,0.024064702913165092,102,40,LAND,False
2026-08-31 14:10:33,-35.3632625,149.1652371,0.015,0.02384635992348194,102,40,LAND,False
2026-08-31 14:10:34,-35.3632625,149.1652371,0.015,0.023886937648057938,102,40,LAND,False
2026-08-31 14:10:34,-35.3632625,149.1652371,0.015,0.023992234840989113,102,40,LAND,False
2026-08-31 14:10:34,-35.3632625,149.1652371,0.015,0.023851491510868073,102,40,LAND,False
2026-08-31 14:10:35,-35.3632625,149.1652371,0.015,0.024155108258128166,102,40,LAND,False
2026-08-31 14:10:35,-35.3632625,149.1652371,0.015,0.024012872949242592,102,40,LAND,False
2026-08-31 14:10:36,-35.3632625,149.1652371,0.015,0.02404976077377796,102,40,LAND,False
2026-08-31 14:10:36,-35.3632625,149.1652371,0.015,0.02421976998448372,102,40,LAND,False
2026-08-31 14:10:36,-35.3632625,149.1652371,0.015,0.023834867402911186,102,40,LAND,False
2026-08-31 14:10:37,-35.3632625,149.1652371,0.015,0.024018429219722748,102,40,LAND,False
2026-08-31 14:10:38,-35.3632625,149.1652371,0.015,0.023826785385608673,102,40,LAND,False
2026-08-31 14:10:38,-35.3632625,149.1652371,0.015,0.023770475760102272,102,40,LAND,False
2026-08-31 14:10:38,-35.3632625,149.1652371,0.015,0.023740727454423904,102,40,LAND,False
2026-08-31 14:10:39,-35.3632625,149.1652371,0.015,0.023840010166168213,102,40,LAND,False
2026-08-31 14:10:39,-35.3632625,149.1652371,0.015,0.023577488958835602,102,40,LAND,False
2026-08-31 14:10:40,-35.3632625,149.1652371,0.015,0.023822419345378876,102,40,LAND,False
2026-08-31 14:10:40,-35.3632625,149.1652371,0.015,0.023673318326473236,102,40,LAND,False
2026-08-31 14:10:40,-35.3632625,149.1652371,0.015,0.023627901449799538,102,40,LAND,False
2026-08-31 14:10:41,-35.3632625,149.1652371,0.015,0.023798653855919838,102,40,LAND,False
2026-08-31 14:10:41,-35.3632625,149.1652371,0.015,0.02368881180882454,102,40,LAND,False
2026-08-31 14:10:42,-35.3632625,149.1652371,0.015,0.02366454340517521,102,40,LAND,False
2026-08-31 14:10:42,-35.3632625,149.1652371,0.015,0.023750431835651398,102,40,LAND,False
2026-08-31 14:10:42,-35.3632625,149.1652371,0.015,0.023641154170036316,102,40,LAND,False
2026-08-31 14:10:43,-35.3632625,149.1652371,0.015,0.023868359625339508,102,40,LAND,False
2026-08-31 14:10:43,-35.3632625,149.1652371,0.015,0.023899167776107788,102,40,LAND,False
2026-08-31 14:10:44,-35.3632625,149.1652371,0.015,0.024098483845591545,102,40,LAND,False
2026-08-31 14:10:44,-35.3632625,149.1652371,0.015,0.024002941325306892,102,40,LAND,False
2026-08-31 14:10:44,-35.3632625,149.1652371,0.015,0.02387169562280178,102,40,LAND,False
2026-08-31 14:10:45,-35.3632625,149.1652371,0.015,0.023968985304236412,102,40,LAND,False
2026-08-31 14:10:45,-35.3632625,149.1652371,0.015,0.023796256631612778,102,40,LAND,False
2026-08-31 14:10:46,-35.3632625,149.1652371,0.015,0.02389121986925602,102,40,LAND,False
2026-08-31 14:10:46,-35.3632625,149.1652371,0.015,0.02424239180982113,102,40,LAND,False
2026-08-31 14:10:46,-35.3632625,149.1652371,0.015,0.024056199938058853,102,40,LAND,False
2026-08-31 14:10:47,-35.3632625,149.1652371,0.015,0.02409907430410385,102,40,LAND,False
2026-08-31 14:10:47,-35.3632625,149.1652371,0.015,0.02381909266114235,102,40,LAND,False
2026-08-31 14:10:48,-35.3632625,149.1652371,0.015,0.02398492768406868,102,40,LAND,False
2026-08-31 14:10:48,-35.3632625,149.1652371,0.015,0.02398492768406868,102,40,LAND,False
2026-08-31 14:10:49,-35.3632625,149.1652371,0.015,0.023708457127213478,102,40,LAND,False
2026-08-31 14:10:49,-35.3632625,149.1652371,0.015,0.023896483704447746,102,40,LAND,False
2026-08-31 14:10:49,-35.3632625,149.1652371,0.015,0.023565009236335754,102,40,LAND,False
2026-08-31 14:10:50,-35.3632625,149.1652371,0.015,0.023591838777065277,102,40,LAND,False
2026-08-31 14:10:50,-35.3632625,149.1652371,0.015,0.02376749739050865,102,40,LAND,False
2026-08-31 14:10:51,-35.3632625,149.1652371,0.015,0.023612484335899353,102,40,LAND,False
2026-08-31 14:10:51,-35.3632625,149.1652371,0.015,0.023697463795542717,102,40,LAND,False
2026-08-31 14:10:51,-35.3632625,149.1652371,0.015,0.023631040006875992,102,40,LAND,False
2026-08-31 14:10:52,-35.3632625,149.1652371,0.015,0.023916607722640038,102,40,LAND,False
2026-08-31 14:10:52,-35.3632625,149.1652371,0.015,0.023809362202882767,102,40,LAND,False
2026-08-31 14:10:52,-35.3632625,149.1652371,0.015,0.023563947528600693,102,40,LAND,False
2026-08-31 14:10:53,-35.3632625,149.1652371,0.014,0.023704957216978073,102,40,LAND,False
2026-08-31 14:10:53,-35.3632625,149.1652371,0.014,0.023519113659858704,102,40,LAND,False
2026-08-31 14:10:54,-35.3632625,149.1652371,0.014,0.02361072599887848,102,40,LAND,False
2026-08-31 14:10:54,-35.3632625,149.1652371,0.014,0.023773008957505226,102,40,LAND,False
2026-08-31 14:10:54,-35.3632625,149.1652371,0.015,0.023629050701856613,102,40,LAND,False
2026-08-31 14:10:55,-35.3632625,149.1652371,0.015,0.023939259350299835,102,40,LAND,False
2026-08-31 14:10:55,-35.3632625,149.1652371,0.015,0.023833099752664566,102,40,LAND,False
2026-08-31 14:10:56,-35.3632625,149.1652371,0.015,0.024033818393945694,102,40,LAND,False
2026-08-31 14:10:56,-35.3632625,149.1652371,0.015,0.02388930879533291,102,40,LAND,False
2026-08-31 14:10:57,-35.3632625,149.1652371,0.015,0.02381838671863079,102,40,LAND,False
2026-08-31 14:10:57,-35.3632625,149.1652371,0.015,0.024012496694922447,102,40,LAND,False
2026-08-31 14:10:57,-35.3632625,149.1652371,0.015,0.023793041706085205,102,40,LAND,False
2026-08-31 14:10:58,-35.3632625,149.1652371,0.015,0.023868348449468613,102,40,LAND,False
2026-08-31 14:10:58,-35.3632625,149.1652371,0.015,0.023888174444437027,102,40,LAND,False
2026-08-31 14:10:58,-35.3632625,149.1652371,0.015,0.023789186030626297,102,40,LAND,False
2026-08-31 14:10:59,-35.3632625,149.1652371,0.015,0.02390608936548233,102,40,LAND,False
2026-08-31 14:10:59,-35.3632625,149.1652371,0.015,0.023903459310531616,102,40,LAND,False
2026-08-31 14:11:00,-35.3632625,149.1652371,0.015,0.0235739853233099,102,40,LAND,False
2026-08-31 14:11:00,-35.3632625,149.1652371,0.015,0.02364462986588478,102,40,LAND,False
2026-08-31 14:11:00,-35.3632625,149.1652371,0.015,0.023478606715798378,102,40,LAND,False
2026-08-31 14:11:01,-35.3632625,149.1652371,0.015,0.023488538339734077,102,40,LAND,False
2026-08-31 14:11:01,-35.3632625,149.1652371,0.015,0.023197779431939125,102,40,LAND,False
2026-08-31 14:11:02,-35.3632625,149.1652371,0.015,0.0232028067111969,102,40,LAND,False
2026-08-31 14:11:02,-35.3632625,149.1652371,0.015,0.02341468073427677,102,40,LAND,False
2026-08-31 14:11:02,-35.3632625,149.1652371,0.015,0.023315398022532463,102,40,LAND,False
2026-08-31 14:11:03,-35.3632625,149.1652371,0.015,0.023598477244377136,102,40,LAND,False
2026-08-31 14:11:03,-35.3632625,149.1652371,0.015,0.023593148216605186,102,40,LAND,False
2026-08-31 14:11:04,-35.3632625,149.1652371,0.015,0.023493023589253426,102,40,LAND,False
2026-08-31 14:11:04,-35.3632625,149.1652371,0.015,0.023570941761136055,102,40,LAND,False
2026-08-31 14:11:04,-35.3632625,149.1652371,0.015,0.023343931883573532,102,40,LAND,False
2026-08-31 14:11:05,-35.3632625,149.1652371,0.015,0.023290788754820824,102,40,LAND,False
2026-08-31 14:11:05,-35.3632625,149.1652371,0.015,0.02336154319345951,102,40,LAND,False
2026-08-31 14:11:06,-35.3632625,149.1652371,0.015,0.02321503311395645,102,40,LAND,False
2026-08-31 14:11:06,-35.3632625,149.1652371,0.015,0.023244138807058334,102,40,LAND,False
2026-08-31 14:11:06,-35.3632625,149.1652371,0.015,0.023246977478265762,102,40,LAND,False
2026-08-31 14:11:07,-35.3632625,149.1652371,0.015,0.023745529353618622,102,40,LAND,False
2026-08-31 14:11:07,-35.3632625,149.1652371,0.015,0.02378966100513935,102,40,LAND,False
2026-08-31 14:11:07,-35.3632625,149.1652371,0.015,0.023661300539970398,102,40,LAND,False
2026-08-31 14:11:08,-35.3632625,149.1652371,0.015,0.023739386349916458,102,40,LAND,False
2026-08-31 14:11:08,-35.3632625,149.1652371,0.015,0.023575665429234505,102,40,LAND,False
2026-08-31 14:11:09,-35.3632625,149.1652371,0.015,0.02369511127471924,102,40,LAND,False
2026-08-31 14:11:09,-35.3632625,149.1652371,0.015,0.023868680000305176,102,40,LAND,False
2026-08-31 14:11:10,-35.3632625,149.1652371,0.015,0.023677855730056763,102,40,LAND,False
2026-08-31 14:11:10,-35.3632625,149.1652371,0.015,0.023886777460575104,102,40,LAND,False
2026-08-31 14:11:10,-35.3632625,149.1652371,0.015,0.023612938821315765,102,40,LAND,False
2026-08-31 14:11:11,-35.3632625,149.1652371,0.015,0.023884259164333344,102,40,LAND,False
2026-08-31 14:11:11,-35.3632625,149.1652371,0.015,0.023788830265402794,102,40,LAND,False
2026-08-31 14:11:11,-35.3632625,149.1652371,0.015,0.02362821251153946,102,40,LAND,False
2026-08-31 14:11:12,-35.3632625,149.1652371,0.015,0.023697247728705406,102,40,LAND,False
2026-08-31 14:11:12,-35.3632625,149.1652371,0.015,0.023602422326803207,102,40,LAND,False
2026-08-31 14:11:13,-35.3632625,149.1652371,0.015,0.023633135482668877,102,40,LAND,False
2026-08-31 14:11:13,-35.3632625,149.1652371,0.015,0.023688914254307747,102,40,LAND,False
2026-08-31 14:11:13,-35.3632625,149.1652371,0.015,0.023537417873740196,102,40,LAND,False
2026-08-31 14:11:14,-35.3632625,149.1652371,0.015,0.02357611246407032,102,40,LAND,False
2026-08-31 14:11:14,-35.3632625,149.1652371,0.015,0.023530757054686546,102,40,LAND,False
2026-08-31 14:11:15,-35.3632625,149.1652371,0.015,0.02358827367424965,102,40,LAND,False
2026-08-31 14:11:15,-35.3632625,149.1652371,0.015,0.023466451093554497,102,40,LAND,False
2026-08-31 14:11:15,-35.3632625,149.1652371,0.015,0.02347439154982567,102,40,LAND,False
2026-08-31 14:11:16,-35.3632625,149.1652371,0.015,0.023642783984541893,102,40,LAND,False
2026-08-31 14:11:16,-35.3632625,149.1652371,0.015,0.023396987468004227,102,40,LAND,False
2026-08-31 14:11:17,-35.3632625,149.1652371,0.015,0.023500382900238037,102,40,LAND,False
2026-08-31 14:11:17,-35.3632625,149.1652371,0.015,0.02361084334552288,102,40,LAND,False
2026-08-31 14:11:17,-35.3632625,149.1652371,0.015,0.02355862595140934,102,40,LAND,False
2026-08-31 14:11:18,-35.3632625,149.1652371,0.015,0.023778770118951797,102,40,LAND,False
2026-08-31 14:11:18,-35.3632625,149.1652371,0.015,0.02383892983198166,102,40,LAND,False
2026-08-31 14:11:19,-35.3632625,149.1652371,0.015,0.023975780233740807,102,40,LAND,False
2026-08-31 14:11:19,-35.3632625,149.1652371,0.015,0.0239277146756649,102,40,LAND,False
2026-08-31 14:11:20,-35.3632625,149.1652371,0.015,0.02370978146791458,102,40,LAND,False
2026-08-31 14:11:20,-35.3632625,149.1652371,0.015,0.023813094943761826,102,40,LAND,False
2026-08-31 14:11:20,-35.3632625,149.1652371,0.015,0.02373046986758709,102,40,LAND,False
2026-08-31 14:11:21,-35.3632625,149.1652371,0.015,0.023602591827511787,102,40,LAND,False
2026-08-31 14:11:21,-35.3632625,149.1652371,0.015,0.023635419085621834,102,40,LAND,False
2026-08-31 14:11:21,-35.3632625,149.1652371,0.015,0.023626908659934998,102,40,LAND,False
2026-08-31 14:11:22,-35.3632625,149.1652371,0.015,0.023626908659934998,102,40,LAND,False
2026-08-31 14:11:22,-35.3632625,149.1652371,0.015,0.023726409301161766,102,40,LAND,False
2026-08-31 14:11:22,-35.3632625,149.1652371,0.015,0.023663854226469994,102,40,LAND,False
2026-08-31 14:11:23,-35.3632625,149.1652371,0.015,0.024000022560358047,102,40,LAND,False
2026-08-31 14:11:23,-35.3632625,149.1652371,0.015,0.02413218282163143,102,40,LAND,False
2026-08-31 14:11:23,-35.3632625,149.1652371,0.015,0.023958483710885048,102,40,LAND,False
2026-08-31 14:11:24,-35.3632625,149.1652371,0.015,0.024148235097527504,102,40,LAND,False
2026-08-31 14:11:24,-35.3632625,149.1652371,0.015,0.023988017812371254,102,40,LAND,False
2026-08-31 14:11:25,-35.3632625,149.1652371,0.015,0.02385178953409195,102,40,LAND,False
2026-08-31 14:11:25,-35.3632625,149.1652371,0.015,0.024003678932785988,102,40,LAND,False
2026-08-31 14:11:26,-35.3632625,149.1652371,0.015,0.023862166330218315,102,40,LAND,False
2026-08-31 14:11:26,-35.3632625,149.1652371,0.015,0.02390347793698311,102,40,LAND,False
2026-08-31 14:11:26,-35.3632625,149.1652371,0.015,0.023733027279376984,102,40,LAND,False
2026-08-31 14:11:27,-35.3632625,149.1652371,0.015,0.023714331910014153,102,40,LAND,False
2026-08-31 14:11:27,-35.3632625,149.1652371,0.015,0.023586422204971313,102,40,LAND,False
2026-08-31 14:11:28,-35.3632625,149.1652371,0.015,0.023645393550395966,102,40,LAND,False
2026-08-31 14:11:28,-35.3632625,149.1652371,0.015,0.02388409897685051,102,40,LAND,False
2026-08-31 14:11:28,-35.3632625,149.1652371,0.015,0.02378513105213642,102,40,LAND,False
2026-08-31 14:11:29,-35.3632625,149.1652371,0.015,0.023757193237543106,102,40,LAND,False
2026-08-31 14:11:29,-35.3632625,149.1652371,0.015,0.023844830691814423,102,40,LAND,False
2026-08-31 14:11:29,-35.3632625,149.1652371,0.015,0.023748494684696198,102,40,LAND,False
2026-08-31 14:11:30,-35.3632625,149.1652371,0.015,0.023744143545627594,102,40,LAND,False
2026-08-31 14:11:30,-35.3632625,149.1652371,0.015,0.023493390530347824,102,40,LAND,False
2026-08-31 14:11:31,-35.3632625,149.1652371,0.015,0.02377897873520851,102,40,LAND,False
2026-08-31 14:11:31,-35.3632625,149.1652371,0.015,0.02360484190285206,102,40,LAND,False
2026-08-31 14:11:31,-35.3632625,149.1652371,0.015,0.023595254868268967,102,40,LAND,False
2026-08-31 14:11:32,-35.3632625,149.1652371,0.015,0.023775160312652588,102,40,LAND,False
2026-08-31 14:11:32,-35.3632625,149.1652371,0.015,0.023672975599765778,102,40,LAND,False
2026-08-31 14:11:33,-35.3632625,149.1652371,0.015,0.023817935958504677,102,40,LAND,False
2026-08-31 14:11:33,-35.3632625,149.1652371,0.015,0.024107683449983597,102,40,LAND,False
2026-08-31 14:11:33,-35.3632625,149.1652371,0.015,0.024013971909880638,102,40,LAND,False
2026-08-31 14:11:34,-35.3632625,149.1652371,0.015,0.02406628057360649,102,40,LAND,False
2026-08-31 14:11:34,-35.3632625,149.1652371,0.015,0.02396494895219803,102,40,LAND,False
2026-08-31 14:11:35,-35.3632625,149.1652371,0.015,0.024072200059890747,102,40,LAND,False
2026-08-31 14:11:35,-35.3632625,149.1652371,0.015,0.02406708337366581,102,40,LAND,False
2026-08-31 14:11:36,-35.3632625,149.1652371,0.015,0.023818625137209892,102,40,LAND,False
2026-08-31 14:11:36,-35.3632625,149.1652371,0.015,0.024030018597841263,102,40,LAND,False
2026-08-31 14:11:36,-35.3632625,149.1652371,0.015,0.023848574608564377,102,40,LAND,False
2026-08-31 14:11:37,-35.3632625,149.1652371,0.015,0.023822976276278496,102,40,LAND,False
2026-08-31 14:11:37,-35.3632625,149.1652371,0.015,0.023798681795597076,102,40,LAND,False
2026-08-31 14:11:38,-35.3632625,149.1652371,0.015,0.023651789873838425,102,40,LAND,False
2026-08-31 14:11:38,-35.3632625,149.1652371,0.015,0.02374584786593914,102,40,LAND,False
2026-08-31 14:11:38,-35.3632625,149.1652371,0.015,0.023655837401747704,102,40,LAND,False
2026-08-31 14:11:39,-35.3632625,149.1652371,0.015,0.02391235902905464,102,40,LAND,False
2026-08-31 14:11:39,-35.3632625,149.1652371,0.015,0.024018440395593643,102,40,LAND,False
2026-08-31 14:11:39,-35.3632625,149.1652371,0.015,0.023869041353464127,102,40,LAND,False
2026-08-31 14:11:40,-35.3632625,149.1652371,0.015,0.02405492030084133,102,40,LAND,False
2026-08-31 14:11:40,-35.3632625,149.1652371,0.015,0.023729391396045685,102,40,LAND,False
2026-08-31 14:11:41,-35.3632625,149.1652371,0.015,0.02374478615820408,102,40,LAND,False
2026-08-31 14:11:41,-35.3632625,149.1652371,0.015,0.023786528035998344,102,40,LAND,False
2026-08-31 14:11:41,-35.3632625,149.1652371,0.015,0.02346024289727211,102,40,LAND,False
2026-08-31 14:11:42,-35.3632625,149.1652371,0.015,0.02369524911046028,102,40,LAND,False
2026-08-31 14:11:42,-35.3632625,149.1652371,0.015,0.023507539182901382,102,40,LAND,False
2026-08-31 14:11:43,-35.3632625,149.1652371,0.015,0.023559117689728737,102,40,LAND,False
2026-08-31 14:11:43,-35.3632625,149.1652371,0.015,0.02375376969575882,102,40,LAND,False
2026-08-31 14:11:43,-35.3632625,149.1652371,0.015,0.023562490940093994,102,40,LAND,False
2026-08-31 14:11:44,-35.3632625,149.1652371,0.015,0.023795031011104584,102,40,LAND,False
2026-08-31 14:11:44,-35.3632625,149.1652371,0.015,0.023805944249033928,102,40,LAND,False
2026-08-31 14:11:44,-35.3632625,149.1652371,0.015,0.023803716525435448,102,40,LAND,False
2026-08-31 14:11:45,-35.3632625,149.1652371,0.015,0.023933913558721542,102,40,LAND,False
2026-08-31 14:11:45,-35.3632625,149.1652371,0.015,0.02372751757502556,102,40,LAND,False
2026-08-31 14:11:46,-35.3632625,149.1652371,0.015,0.024051619693636894,102,40,LAND,False
2026-08-31 14:11:46,-35.3632625,149.1652371,0.015,0.024136800318956375,102,40,LAND,False
2026-08-31 14:11:46,-35.3632625,149.1652371,0.015,0.024089813232421875,102,40,LAND,False
2026-08-31 14:11:47,-35.3632625,149.1652371,0.015,0.024254269897937775,102,40,LAND,False
2026-08-31 14:11:47,-35.3632625,149.1652371,0.015,0.023733792826533318,102,40,LAND,False
2026-08-31 14:11:48,-35.3632625,149.1652371,0.015,0.023827409371733665,102,40,LAND,False
2026-08-31 14:11:48,-35.3632625,149.1652371,0.015,0.024077313020825386,102,40,LAND,False
2026-08-31 14:11:48,-35.3632625,149.1652371,0.014,0.023994211107492447,102,40,LAND,False
2026-08-31 14:11:49,-35.3632625,149.1652371,0.014,0.024159923195838928,102,40,LAND,False
2026-08-31 14:11:49,-35.3632625,149.1652371,0.014,0.024160083383321762,102,40,LAND,False
2026-08-31 14:11:50,-35.3632625,149.1652371,0.014,0.02401556633412838,102,40,LAND,False
2026-08-31 14:11:50,-35.3632625,149.1652371,0.014,0.02417251467704773,102,40,LAND,False
2026-08-31 14:11:51,-35.3632625,149.1652371,0.014,0.023922676220536232,102,40,LAND,False
2026-08-31 14:11:51,-35.3632625,149.1652371,0.014,0.02404692769050598,102,40,LAND,False
2026-08-31 14:11:51,-35.3632625,149.1652371,0.014,0.023756852373480797,102,40,LAND,False
2026-08-31 14:11:52,-35.3632625,149.1652371,0.014,0.023670103400945663,102,40,LAND,False
2026-08-31 14:11:52,-35.3632625,149.1652371,0.014,0.023520315065979958,102,40,LAND,False
2026-08-31 14:11:53,-35.3632625,149.1652371,0.014,0.02343549206852913,102,40,LAND,False
2026-08-31 14:11:53,-35.3632625,149.1652371,0.014,0.02362990193068981,102,40,LAND,False
2026-08-31 14:11:53,-35.3632625,149.1652371,0.014,0.023519648239016533,102,40,LAND,False
2026-08-31 14:11:54,-35.3632625,149.1652371,0.014,0.02362903580069542,102,40,LAND,False
2026-08-31 14:11:54,-35.3632625,149.1652371,0.014,0.023797420784831047,102,40,LAND,False
2026-08-31 14:11:54,-35.3632625,149.1652371,0.014,0.02364937588572502,102,40,LAND,False
2026-08-31 14:11:55,-35.3632625,149.1652371,0.014,0.023613780736923218,102,40,LAND,False
2026-08-31 14:11:55,-35.3632625,149.1652371,0.014,0.023305591195821762,102,40,LAND,False
2026-08-31 14:11:56,-35.3632625,149.1652371,0.014,0.023369334638118744,102,40,LAND,False
2026-08-31 14:11:56,-35.3632625,149.1652371,0.014,0.023558182641863823,102,40,LAND,False
2026-08-31 14:11:56,-35.3632625,149.1652371,0.014,0.02331037074327469,102,40,LAND,False
2026-08-31 14:11:57,-35.3632625,149.1652371,0.014,0.023631984367966652,102,40,LAND,False
2026-08-31 14:11:57,-35.3632625,149.1652371,0.014,0.023530520498752594,102,40,LAND,False
2026-08-31 14:11:57,-35.3632625,149.1652371,0.014,0.02358274906873703,102,40,LAND,False
2026-08-31 14:11:58,-35.3632625,149.1652371,0.015,0.023803098127245903,102,40,LAND,False
2026-08-31 14:11:58,-35.3632625,149.1652371,0.015,0.023601485416293144,102,40,LAND,False
2026-08-31 14:11:59,-35.3632625,149.1652371,0.015,0.023674454540014267,102,40,LAND,False
2026-08-31 14:11:59,-35.3632625,149.1652371,0.015,0.023789996281266212,102,40,LAND,False
2026-08-31 14:12:00,-35.3632625,149.1652371,0.015,0.023683864623308182,102,40,LAND,False
2026-08-31 14:12:00,-35.3632625,149.1652371,0.015,0.024048512801527977,102,40,LAND,False
2026-08-31 14:12:00,-35.3632625,149.1652371,0.015,0.02397068403661251,102,40,LAND,False
2026-08-31 14:12:01,-35.3632625,149.1652371,0.015,0.024063361808657646,102,40,LAND,False
2026-08-31 14:12:01,-35.3632625,149.1652371,0.015,0.023987457156181335,102,40,LAND,False
2026-08-31 14:12:01,-35.3632625,149.1652371,0.015,0.023823607712984085,102,40,LAND,False
2026-08-31 14:12:02,-35.3632625,149.1652371,0.015,0.023989498615264893,102,40,LAND,False
2026-08-31 14:12:02,-35.3632625,149.1652371,0.015,0.023754166439175606,102,40,LAND,False
2026-08-31 14:12:03,-35.3632625,149.1652371,0.015,0.023830875754356384,102,40,LAND,False
2026-08-31 14:12:03,-35.3632625,149.1652371,0.015,0.023933595046401024,102,40,LAND,False
2026-08-31 14:12:03,-35.3632625,149.1652371,0.015,0.023816347122192383,102,40,LAND,False
2026-08-31 14:12:04,-35.3632625,149.1652371,0.015,0.024005835875868797,102,40,LAND,False
2026-08-31 14:12:04,-35.3632625,149.1652371,0.015,0.023931363597512245,102,40,LAND,False
2026-08-31 14:12:05,-35.3632625,149.1652371,0.015,0.023935800418257713,102,40,LAND,False
2026-08-31 14:12:05,-35.3632625,149.1652371,0.015,0.024185528978705406,102,40,LAND,False
2026-08-31 14:12:05,-35.3632625,149.1652371,0.015,0.023964261636137962,102,40,LAND,False
2026-08-31 14:12:06,-35.3632625,149.1652371,0.015,0.024000978097319603,102,40,LAND,False
2026-08-31 14:12:06,-35.3632625,149.1652371,0.015,0.024207087233662605,102,40,LAND,False
2026-08-31 14:12:07,-35.3632625,149.1652371,0.015,0.023932266980409622,102,40,LAND,False
2026-08-31 14:12:07,-35.3632625,149.1652371,0.015,0.02431805059313774,102,40,LAND,False
2026-08-31 14:12:07,-35.3632625,149.1652371,0.015,0.024168718606233597,102,40,LAND,False
2026-08-31 14:12:08,-35.3632625,149.1652371,0.015,0.024232128635048866,102,40,LAND,False
2026-08-31 14:12:08,-35.3632625,149.1652371,0.015,0.02394399791955948,102,40,LAND,False
2026-08-31 14:12:08,-35.3632625,149.1652371,0.015,0.02395452745258808,102,40,LAND,False
2026-08-31 14:12:09,-35.3632625,149.1652371,0.015,0.024119485169649124,102,40,LAND,False
2026-08-31 14:12:09,-35.3632625,149.1652371,0.015,0.02406213991343975,102,40,LAND,False
2026-08-31 14:12:10,-35.3632625,149.1652371,0.015,0.02402127906680107,102,40,LAND,False
2026-08-31 14:12:10,-35.3632625,149.1652371,0.015,0.024088308215141296,102,40,LAND,False
2026-08-31 14:12:10,-35.3632625,149.1652371,0.015,0.02377510815858841,102,40,LAND,False
2026-08-31 14:12:11,-35.3632625,149.1652371,0.015,0.02376534417271614,102,40,LAND,False
2026-08-31 14:12:11,-35.3632625,149.1652371,0.015,0.023646822199225426,102,40,LAND,False
2026-08-31 14:12:12,-35.3632625,149.1652371,0.015,0.023459823802113533,102,40,LAND,False
2026-08-31 14:12:12,-35.3632625,149.1652371,0.015,0.02359567955136299,102,40,LAND,False
2026-08-31 14:12:13,-35.3632625,149.1652371,0.015,0.023252131417393684,102,40,LAND,False
2026-08-31 14:12:13,-35.3632625,149.1652371,0.015,0.0234111025929451,102,40,LAND,False
2026-08-31 14:12:13,-35.3632625,149.1652371,0.015,0.02316182292997837,102,40,LAND,False
2026-08-31 14:12:14,-35.3632625,149.1652371,0.015,0.023343877866864204,102,40,LAND,False
2026-08-31 14:12:14,-35.3632625,149.1652371,0.015,0.0235455222427845,102,40,LAND,False
2026-08-31 14:12:14,-35.3632625,149.1652371,0.015,0.023575471714138985,102,40,LAND,False
2026-08-31 14:12:15,-35.3632625,149.1652371,0.015,0.023833338171243668,102,40,LAND,False
2026-08-31 14:12:15,-35.3632625,149.1652371,0.015,0.023895444348454475,102,40,LAND,False
2026-08-31 14:12:16,-35.3632625,149.1652371,0.015,0.0236495528370142,102,40,LAND,False
2026-08-31 14:12:16,-35.3632625,149.1652371,0.015,0.02380605787038803,102,40,LAND,False
2026-08-31 14:12:17,-35.3632625,149.1652371,0.015,0.023654688149690628,102,40,LAND,False
2026-08-31 14:12:17,-35.3632625,149.1652371,0.015,0.023692037910223007,102,40,LAND,False
2026-08-31 14:12:17,-35.3632625,149.1652371,0.015,0.023807011544704437,102,40,LAND,False
2026-08-31 14:12:18,-35.3632625,149.1652371,0.015,0.023579804226756096,102,40,LAND,False
2026-08-31 14:12:18,-35.3632625,149.1652371,0.015,0.02383461967110634,102,40,LAND,False
2026-08-31 14:12:19,-35.3632625,149.1652371,0.015,0.023725001141428947,102,40,LAND,False
2026-08-31 14:12:19,-35.3632625,149.1652371,0.015,0.023813916370272636,102,40,LAND,False
2026-08-31 14:12:19,-35.3632625,149.1652371,0.015,0.023713959380984306,102,40,LAND,False
2026-08-31 14:12:20,-35.3632625,149.1652371,0.015,0.023975795134902,102,40,LAND,False
2026-08-31 14:12:20,-35.3632625,149.1652371,0.015,0.023830832913517952,102,40,LAND,False
2026-08-31 14:12:21,-35.3632625,149.1652371,0.015,0.02374790608882904,102,40,LAND,False
2026-08-31 14:12:21,-35.3632625,149.1652371,0.015,0.0240459144115448,102,40,LAND,False
2026-08-31 14:12:21,-35.3632625,149.1652371,0.015,0.023876657709479332,102,40,LAND,False
2026-08-31 14:12:22,-35.3632625,149.1652371,0.015,0.023894820362329483,102,40,LAND,False
2026-08-31 14:12:22,-35.3632625,149.1652371,0.015,0.023810571059584618,102,40,LAND,False
2026-08-31 14:12:23,-35.3632625,149.1652371,0.015,0.023786919191479683,102,40,LAND,False
2026-08-31 14:12:23,-35.3632625,149.1652371,0.015,0.023687856271862984,102,40,LAND,False
2026-08-31 14:12:23,-35.3632625,149.1652371,0.015,0.023557376116514206,102,40,LAND,False
2026-08-31 14:12:24,-35.3632625,149.1652371,0.015,0.023756572976708412,102,40,LAND,False
2026-08-31 14:12:24,-35.3632625,149.1652371,0.015,0.02357083186507225,102,40,LAND,False
2026-08-31 14:12:25,-35.3632625,149.1652371,0.015,0.023447798565030098,102,40,LAND,False
2026-08-31 14:12:25,-35.3632625,149.1652371,0.015,0.023595135658979416,102,40,LAND,False
2026-08-31 14:12:26,-35.3632625,149.1652371,0.015,0.02349977381527424,102,40,LAND,False
2026-08-31 14:12:26,-35.3632625,149.1652371,0.015,0.023524394258856773,102,40,LAND,False
2026-08-31 14:12:27,-35.3632625,149.1652371,0.015,0.023484060540795326,102,40,LAND,False
2026-08-31 14:12:27,-35.3632625,149.1652371,0.015,0.0235738642513752,102,40,LAND,False
2026-08-31 14:12:28,-35.3632625,149.1652371,0.015,0.023508839309215546,102,40,LAND,False
2026-08-31 14:12:28,-35.3632625,149.1652371,0.015,0.023589355871081352,102,40,LAND,False
2026-08-31 14:12:29,-35.3632625,149.1652371,0.015,0.023790335282683372,102,40,LAND,False
2026-08-31 14:12:29,-35.3632625,149.1652371,0.015,0.02367589622735977,102,40,LAND,False
2026-08-31 14:12:29,-35.3632625,149.1652371,0.015,0.023823684081435204,102,40,LAND,False
2026-08-31 14:12:30,-35.3632625,149.1652371,0.015,0.02378331869840622,102,40,LAND,False
2026-08-31 14:12:30,-35.3632625,149.1652371,0.015,0.023833736777305603,102,40,LAND,False
2026-08-31 14:12:31,-35.3632625,149.1652371,0.015,0.024093246087431908,102,40,LAND,False
2026-08-31 14:12:31,-35.3632625,149.1652371,0.015,0.02408421039581299,102,40,LAND,False
2026-08-31 14:12:31,-35.3632625,149.1652371,0.015,0.024197887629270554,102,40,LAND,False
2026-08-31 14:12:32,-35.3632625,149.1652371,0.015,0.023973258212208748,102,40,LAND,False
2026-08-31 14:12:32,-35.3632625,149.1652371,0.015,0.023915300145745277,102,40,LAND,False
2026-08-31 14:12:33,-35.3632625,149.1652371,0.015,0.023968564346432686,102,40,LAND,False
2026-08-31 14:12:33,-35.3632625,149.1652371,0.015,0.023880183696746826,102,40,LAND,False
2026-08-31 14:12:33,-35.3632625,149.1652371,0.015,0.02399623580276966,102,40,LAND,False
2026-08-31 14:12:34,-35.3632625,149.1652371,0.015,0.023755541071295738,102,40,LAND,False
2026-08-31 14:12:34,-35.3632625,149.1652371,0.015,0.023706335574388504,102,40,LAND,False
2026-08-31 14:12:35,-35.3632625,149.1652371,0.015,0.02344793640077114,102,40,LAND,False
2026-08-31 14:12:35,-35.3632625,149.1652371,0.015,0.023390332236886024,102,40,LAND,False
2026-08-31 14:12:35,-35.3632625,149.1652371,0.015,0.02356134168803692,102,40,LAND,False
2026-08-31 14:12:36,-35.3632625,149.1652371,0.015,0.023272350430488586,102,40,LAND,False
2026-08-31 14:12:36,-35.3632625,149.1652371,0.015,0.02339908853173256,102,40,LAND,False
2026-08-31 14:12:37,-35.3632625,149.1652371,0.015,0.023548655211925507,102,40,LAND,False
2026-08-31 14:12:37,-35.3632625,149.1652371,0.015,0.02343648485839367,102,40,LAND,False
2026-08-31 14:12:37,-35.3632625,149.1652371,0.015,0.02343648485839367,102,40,LAND,False
2026-08-31 14:12:37,-35.3632625,149.1652371,0.015,0.023570898920297623,102,40,LAND,False
2026-08-31 14:12:38,-35.3632625,149.1652371,0.015,0.023394115269184113,102,40,LAND,False
2026-08-31 14:12:38,-35.3632625,149.1652371,0.015,0.02351214364171028,102,40,LAND,False
2026-08-31 14:12:39,-35.3632625,149.1652371,0.015,0.023275835439562798,102,40,LAND,False
2026-08-31 14:12:39,-35.3632625,149.1652371,0.015,0.0234513096511364,102,40,LAND,False
2026-08-31 14:12:40,-35.3632625,149.1652371,0.014,0.023366864770650864,102,40,LAND,False
2026-08-31 14:12:40,-35.3632625,149.1652371,0.014,0.023234328255057335,102,40,LAND,False
2026-08-31 14:12:40,-35.3632625,149.1652371,0.014,0.023392651230096817,102,40,LAND,False
2026-08-31 14:12:41,-35.3632625,149.1652371,0.015,0.022988032549619675,102,40,LAND,False
2026-08-31 14:12:41,-35.3632625,149.1652371,0.015,0.022971201688051224,102,40,LAND,False
2026-08-31 14:12:42,-35.3632625,149.1652371,0.015,0.022815119475126266,102,40,LAND,False
2026-08-31 14:12:42,-35.3632625,149.1652371,0.015,0.022565344348549843,102,40,LAND,False
2026-08-31 14:12:42,-35.3632625,149.1652371,0.015,0.022408971562981606,102,40,LAND,False
2026-08-31 14:12:43,-35.3632625,149.1652371,0.015,0.02207987941801548,102,40,LAND,False
2026-08-31 14:12:43,-35.3632625,149.1652371,0.015,0.02125445194542408,102,40,LAND,False
2026-08-31 14:12:44,-35.3632625,149.1652371,0.015,0.02100183814764023,102,40,LAND,False
2026-08-31 14:12:44,-35.3632625,149.1652371,0.015,0.019754450768232346,102,40,LAND,False
2026-08-31 14:12:44,-35.3632625,149.1652371,0.015,0.019352922216057777,102,40,LAND,False
2026-08-31 14:12:45,-35.3632625,149.1652371,0.015,0.01832173392176628,102,40,LAND,False
2026-08-31 14:12:45,-35.3632625,149.1652371,0.015,0.017805738374590874,102,40,LAND,False
2026-08-31 14:12:45,-35.3632625,149.1652371,0.015,0.01670391485095024,102,40,LAND,False
2026-08-31 14:12:46,-35.3632625,149.1652371,0.015,0.01604376547038555,102,40,LAND,False
2026-08-31 14:12:46,-35.3632625,149.1652371,0.015,0.01506009604781866,102,40,LAND,False
2026-08-31 14:12:47,-35.3632625,149.1652371,0.015,0.014521466568112373,102,40,LAND,False
2026-08-31 14:12:47,-35.3632625,149.1652371,0.015,0.013148701749742031,102,40,LAND,False
2026-08-31 14:12:47,-35.3632625,149.1652371,0.015,0.012620218098163605,102,40,LAND,False
2026-08-31 14:12:48,-35.3632625,149.1652371,0.015,0.011311599984765053,102,40,LAND,False
2026-08-31 14:12:48,-35.3632625,149.1652371,0.015,0.010751033201813698,102,40,LAND,False
2026-08-31 14:12:49,-35.3632625,149.1652371,0.015,0.00957752950489521,102,40,LAND,False
2026-08-31 14:12:49,-35.3632625,149.1652371,0.015,0.008900487795472145,102,40,LAND,False
2026-08-31 14:12:50,-35.3632625,149.1652371,0.015,0.007172947749495506,102,40,LAND,False
2026-08-31 14:12:50,-35.3632625,149.1652371,0.015,0.006542140617966652,102,40,LAND,False
2026-08-31 14:12:50,-35.3632625,149.1652371,0.015,0.00542557192966342,102,40,LAND,False
2026-08-31 14:12:51,-35.3632625,149.1652371,0.015,0.0048981234431266785,102,40,LAND,False
2026-08-31 14:12:51,-35.3632625,149.1652371,0.015,0.00394838722422719,102,40,LAND,False
2026-08-31 14:12:51,-35.3632625,149.1652371,0.015,0.003578024450689554,102,40,LAND,False
2026-08-31 14:12:52,-35.3632625,149.1652371,0.015,0.0025831565726548433,102,40,LAND,False
2026-08-31 14:12:52,-35.3632625,149.1652371,0.015,0.002175426110625267,102,40,LAND,False
2026-08-31 14:12:52,-35.3632625,149.1652371,0.015,0.00142374774441123,102,40,LAND,False
2026-08-31 14:12:53,-35.3632625,149.1652371,0.015,0.0009826421737670898,102,40,LAND,False
2026-08-31 14:12:53,-35.3632625,149.1652371,0.015,0.00034207309363409877,102,40,LAND,False
2026-08-31 14:12:54,-35.3632625,149.1652371,0.015,0.0003112175327260047,102,40,LAND,False
2026-08-31 14:12:54,-35.3632625,149.1652371,0.015,0.0011135573731735349,102,40,LAND,False
2026-08-31 14:12:54,-35.3632625,149.165237,0.015,0.0014831977896392345,102,40,LAND,False
2026-08-31 14:12:55,-35.3632625,149.165237,0.015,0.0022791395895183086,102,40,LAND,False
2026-08-31 14:12:55,-35.3632625,149.165237,0.015,0.002755067078396678,102,40,LAND,False
2026-08-31 14:12:56,-35.3632625,149.165237,0.015,0.003514362731948495,102,40,LAND,False
2026-08-31 14:12:56,-35.3632625,149.165237,0.015,0.0038299188017845154,102,40,LAND,False
2026-08-31 14:12:56,-35.3632625,149.165237,0.015,0.004527461249381304,102,40,LAND,False
2026-08-31 14:12:57,-35.3632625,149.165237,0.015,0.004820953588932753,102,40,LAND,False
2026-08-31 14:12:57,-35.3632625,149.165237,0.015,0.005835781339555979,102,40,LAND,False
2026-08-31 14:12:58,-35.3632625,149.165237,0.015,0.0062020388431847095,102,40,LAND,False
2026-08-31 14:12:58,-35.3632625,149.165237,0.015,0.0068655130453407764,102,40,LAND,False
2026-08-31 14:12:58,-35.3632625,149.165237,0.015,0.007233387790620327,102,40,LAND,False
2026-08-31 14:12:59,-35.3632625,149.165237,0.015,0.007702453527599573,102,40,LAND,False
2026-08-31 14:12:59,-35.3632625,149.165237,0.015,0.00810639001429081,102,40,LAND,False
2026-08-31 14:13:00,-35.3632625,149.165237,0.015,0.008386234752833843,102,40,LAND,False
2026-08-31 14:13:00,-35.3632625,149.165237,0.015,0.008563712239265442,102,40,LAND,False
2026-08-31 14:13:00,-35.3632625,149.165237,0.015,0.00933691207319498,102,40,LAND,False
2026-08-31 14:13:01,-35.3632625,149.165237,0.015,0.009532161988317966,102,40,LAND,False
2026-08-31 14:13:01,-35.3632625,149.165237,0.015,0.010044543072581291,103,40,LAND,False
2026-08-31 14:13:02,-35.3632625,149.165237,0.015,0.01023856457322836,103,40,LAND,False
2026-08-31 14:13:02,-35.3632625,149.165237,0.015,0.010580659843981266,103,40,LAND,False
2026-08-31 14:13:02,-35.3632625,149.165237,0.015,0.010851544328033924,103,40,LAND,False
2026-08-31 14:13:03,-35.3632625,149.165237,0.015,0.011182018555700779,103,40,LAND,False
2026-08-31 14:13:03,-35.3632625,149.165237,0.015,0.011493086814880371,103,40,LAND,False
2026-08-31 14:13:03,-35.3632625,149.165237,0.015,0.011936446651816368,103,40,LAND,False
2026-08-31 14:13:04,-35.3632625,149.165237,0.015,0.012012460269033909,103,40,LAND,False
2026-08-31 14:13:04,-35.3632625,149.165237,0.015,0.012482869438827038,103,40,LAND,False
2026-08-31 14:13:05,-35.3632625,149.165237,0.015,0.012617005966603756,103,40,LAND,False
2026-08-31 14:13:05,-35.3632625,149.165237,0.015,0.012961706146597862,103,40,LAND,False
2026-08-31 14:13:05,-35.3632625,149.165237,0.015,0.013151424005627632,103,40,LAND,False
2026-08-31 14:13:06,-35.3632625,149.165237,0.015,0.013434980064630508,103,40,LAND,False
2026-08-31 14:13:06,-35.3632625,149.165237,0.015,0.013579616323113441,103,40,LAND,False
2026-08-31 14:13:07,-35.3632625,149.165237,0.015,0.013986245729029179,103,40,LAND,False
2026-08-31 14:13:07,-35.3632625,149.1652369,0.015,0.014083882793784142,103,40,LAND,False
2026-08-31 14:13:08,-35.3632625,149.1652369,0.015,0.014901261776685715,103,40,LAND,False
2026-08-31 14:13:08,-35.3632625,149.1652369,0.015,0.015029199421405792,103,40,LAND,False
2026-08-31 14:13:08,-35.3632625,149.1652369,0.015,0.015282914973795414,103,40,LAND,False
2026-08-31 14:13:09,-35.3632625,149.1652369,0.015,0.015438553877174854,103,40,LAND,False
2026-08-31 14:13:09,-35.3632625,149.1652369,0.015,0.01565118320286274,103,40,LAND,False
2026-08-31 14:13:10,-35.3632625,149.1652369,0.015,0.015855567529797554,103,40,LAND,False
2026-08-31 14:13:10,-35.3632625,149.1652369,0.015,0.016046155244112015,103,40,LAND,False
2026-08-31 14:13:11,-35.3632625,149.1652369,0.014,0.016523273661732674,103,40,LAND,False
2026-08-31 14:13:11,-35.3632625,149.1652369,0.014,0.016521679237484932,103,40,LAND,False
2026-08-31 14:13:11,-35.3632625,149.1652369,0.014,0.016655828803777695,103,40,LAND,False
2026-08-31 14:13:12,-35.3632625,149.1652369,0.015,0.017024051398038864,103,40,LAND,False
2026-08-31 14:13:12,-35.3632625,149.1652369,0.014,0.017119504511356354,103,40,LAND,False
2026-08-31 14:13:12,-35.3632625,149.1652369,0.014,0.017530987039208412,103,40,LAND,False
2026-08-31 14:13:13,-35.3632625,149.1652369,0.014,0.017651239410042763,103,40,LAND,False
2026-08-31 14:13:13,-35.3632625,149.1652369,0.014,0.017675042152404785,103,40,LAND,False
2026-08-31 14:13:14,-35.3632625,149.1652369,0.015,0.017835497856140137,103,40,LAND,False
2026-08-31 14:13:14,-35.3632625,149.1652369,0.015,0.017752600833773613,103,40,LAND,False
2026-08-31 14:13:14,-35.3632625,149.1652369,0.015,0.017966365441679955,103,40,LAND,False
2026-08-31 14:13:15,-35.3632625,149.1652369,0.015,0.018040217459201813,103,40,LAND,False
2026-08-31 14:13:15,-35.3632625,149.1652369,0.015,0.0181342251598835,103,40,LAND,False
2026-08-31 14:13:15,-35.3632625,149.1652369,0.015,0.01839340850710869,103,40,LAND,False
2026-08-31 14:13:16,-35.3632625,149.1652369,0.015,0.0184586513787508,103,40,LAND,False
2026-08-31 14:13:16,-35.3632625,149.1652369,0.015,0.018862692639231682,103,40,LAND,False
2026-08-31 14:13:17,-35.3632625,149.1652369,0.015,0.01878136210143566,103,40,LAND,False
2026-08-31 14:13:17,-35.3632625,149.1652369,0.015,0.01878381334245205,103,40,LAND,False
2026-08-31 14:13:17,-35.3632625,149.1652369,0.015,0.019032401964068413,103,40,LAND,False
2026-08-31 14:13:18,-35.3632625,149.1652369,0.015,0.019069885835051537,103,40,LAND,False
2026-08-31 14:13:18,-35.3632625,149.1652369,0.015,0.019167784601449966,103,40,LAND,False
2026-08-31 14:13:19,-35.3632625,149.1652369,0.015,0.0194059107452631,103,40,LAND,False
2026-08-31 14:13:19,-35.3632625,149.1652369,0.015,0.019249223172664642,103,40,LAND,False
2026-08-31 14:13:20,-35.3632625,149.1652369,0.015,0.019677288830280304,103,40,LAND,False
2026-08-31 14:13:20,-35.3632625,149.1652369,0.015,0.01970861852169037,103,40,LAND,False
2026-08-31 14:13:20,-35.3632625,149.1652369,0.015,0.019817382097244263,103,40,LAND,False
2026-08-31 14:13:21,-35.3632625,149.1652369,0.015,0.01982143335044384,103,40,LAND,False
2026-08-31 14:13:21,-35.3632625,149.1652369,0.015,0.019940106198191643,103,40,LAND,False
2026-08-31 14:13:21,-35.3632625,149.1652369,0.015,0.02020423486828804,103,40,LAND,False
2026-08-31 14:13:22,-35.3632625,149.1652369,0.015,0.020086457952857018,103,40,LAND,False
2026-08-31 14:13:22,-35.3632625,149.1652369,0.015,0.020226607099175453,103,40,LAND,False
2026-08-31 14:13:23,-35.3632625,149.1652369,0.015,0.020440135151147842,103,40,LAND,False
2026-08-31 14:13:23,-35.3632625,149.1652369,0.015,0.020453155040740967,103,40,LAND,False
2026-08-31 14:13:24,-35.3632625,149.1652369,0.015,0.02092531882226467,103,40,LAND,False
2026-08-31 14:13:24,-35.3632625,149.1652369,0.015,0.020826702937483788,103,40,LAND,False
2026-08-31 14:13:24,-35.3632625,149.1652369,0.015,0.021069709211587906,103,40,LAND,False
2026-08-31 14:13:25,-35.3632625,149.1652369,0.015,0.02106941118836403,103,40,LAND,False
2026-08-31 14:13:25,-35.3632625,149.1652369,0.015,0.02111210487782955,103,40,LAND,False
2026-08-31 14:13:25,-35.3632625,149.1652369,0.015,0.021360257640480995,103,40,LAND,False
2026-08-31 14:13:26,-35.3632625,149.1652369,0.015,0.021252354606986046,103,40,LAND,False
2026-08-31 14:13:26,-35.3632625,149.1652369,0.015,0.021150745451450348,103,40,LAND,False
2026-08-31 14:13:26,-35.3632625,149.1652369,0.015,0.021366555243730545,103,40,LAND,False
2026-08-31 14:13:27,-35.3632625,149.1652369,0.015,0.0212857723236084,103,40,LAND,False
2026-08-31 14:13:27,-35.3632625,149.1652369,0.015,0.0214719008654356,103,40,LAND,False
2026-08-31 14:13:28,-35.3632625,149.1652369,0.015,0.02131924033164978,103,40,LAND,False
2026-08-31 14:13:28,-35.3632625,149.1652369,0.015,0.021324917674064636,103,40,LAND,False
2026-08-31 14:13:28,-35.3632625,149.1652369,0.015,0.02157193422317505,103,40,LAND,False
2026-08-31 14:13:29,-35.3632625,149.1652369,0.015,0.02151823788881302,103,40,LAND,False
2026-08-31 14:13:29,-35.3632625,149.1652369,0.015,0.02158598229289055,103,40,LAND,False
2026-08-31 14:13:30,-35.3632625,149.1652369,0.015,0.021677877753973007,103,40,LAND,False
2026-08-31 14:13:30,-35.3632625,149.1652369,0.015,0.021588865667581558,103,40,LAND,False
2026-08-31 14:13:31,-35.3632625,149.1652369,0.015,0.021771293133497238,103,40,LAND,False
2026-08-31 14:13:31,-35.3632625,149.1652369,0.015,0.021712610498070717,103,40,LAND,False
2026-08-31 14:13:31,-35.3632625,149.1652369,0.015,0.0219042357057333,103,40,LAND,False
2026-08-31 14:13:32,-35.3632625,149.1652369,0.015,0.02197008766233921,103,40,LAND,False
2026-08-31 14:13:32,-35.3632625,149.1652369,0.015,0.021774983033537865,104,40,LAND,False
2026-08-31 14:13:32,-35.3632625,149.1652369,0.015,0.021961759775877,104,40,LAND,False
2026-08-31 14:13:33,-35.3632625,149.1652369,0.015,0.02191573940217495,104,40,LAND,False
2026-08-31 14:13:33,-35.3632625,149.1652369,0.015,0.021997524425387383,104,40,LAND,False
2026-08-31 14:13:34,-35.3632625,149.1652369,0.015,0.022058095782995224,104,40,LAND,False
2026-08-31 14:13:34,-35.3632625,149.1652369,0.015,0.02197316661477089,104,40,LAND,False
2026-08-31 14:13:34,-35.3632625,149.1652369,0.015,0.022153375670313835,104,40,LAND,False
2026-08-31 14:13:35,-35.3632625,149.1652369,0.015,0.022101422771811485,104,40,LAND,False
2026-08-31 14:13:35,-35.3632625,149.1652369,0.015,0.02222006395459175,104,40,LAND,False
2026-08-31 14:13:36,-35.3632625,149.1652369,0.015,0.02210279181599617,104,40,LAND,False
2026-08-31 14:13:36,-35.3632625,149.1652369,0.015,0.02207297645509243,104,40,LAND,False
2026-08-31 14:13:37,-35.3632625,149.1652369,0.015,0.022307589650154114,104,40,LAND,False
2026-08-31 14:13:37,-35.3632625,149.1652369,0.015,0.022137615829706192,104,40,LAND,False
2026-08-31 14:13:37,-35.3632625,149.1652369,0.015,0.022226588800549507,104,40,LAND,False
2026-08-31 14:13:38,-35.3632625,149.1652369,0.015,0.022251633927226067,104,40,LAND,False
2026-08-31 14:13:38,-35.3632625,149.1652369,0.015,0.022169707342982292,104,40,LAND,False
2026-08-31 14:13:38,-35.3632625,149.1652369,0.015,0.02231482043862343,104,40,LAND,False
2026-08-31 14:13:39,-35.3632625,149.1652369,0.015,0.022330965846776962,104,40,LAND,False
2026-08-31 14:13:39,-35.3632625,149.1652369,0.015,0.02250942401587963,104,40,LAND,False
2026-08-31 14:13:40,-35.3632625,149.1652369,0.015,0.02252529188990593,104,40,LAND,False
2026-08-31 14:13:40,-35.3632625,149.1652369,0.015,0.022425470873713493,104,40,LAND,False
2026-08-31 14:13:40,-35.3632625,149.1652369,0.015,0.022504694759845734,104,40,LAND,False
2026-08-31 14:13:41,-35.3632625,149.1652369,0.015,0.022543996572494507,104,40,LAND,False
2026-08-31 14:13:41,-35.3632625,149.1652369,0.015,0.022404395043849945,104,40,LAND,False
2026-08-31 14:13:42,-35.3632625,149.1652369,0.015,0.022515790536999702,104,40,LAND,False
2026-08-31 14:13:42,-35.3632625,149.1652369,0.015,0.02283983677625656,104,40,LAND,False
2026-08-31 14:13:43,-35.3632625,149.1652369,0.015,0.022852543741464615,104,40,LAND,False
2026-08-31 14:13:43,-35.3632625,149.1652369,0.015,0.022852543741464615,104,40,LAND,False
2026-08-31 14:13:43,-35.3632625,149.1652369,0.015,0.02317984215915203,104,40,LAND,False
2026-08-31 14:13:44,-35.3632625,149.1652369,0.015,0.02310355007648468,104,40,LAND,False
2026-08-31 14:13:44,-35.3632625,149.1652369,0.015,0.023032870143651962,104,40,LAND,False
2026-08-31 14:13:44,-35.3632625,149.1652369,0.015,0.023193877190351486,104,40,LAND,False
2026-08-31 14:13:45,-35.3632625,149.1652369,0.015,0.023203879594802856,104,40,LAND,False
2026-08-31 14:13:45,-35.3632625,149.1652369,0.015,0.023219751194119453,104,40,LAND,False
2026-08-31 14:13:46,-35.3632625,149.1652369,0.015,0.023424286395311356,104,40,LAND,False
2026-08-31 14:13:46,-35.3632625,149.1652369,0.015,0.02329016849398613,104,40,LAND,False
2026-08-31 14:13:46,-35.3632625,149.1652369,0.015,0.023362940177321434,104,40,LAND,False
2026-08-31 14:13:47,-35.3632625,149.1652369,0.015,0.023305729031562805,104,40,LAND,False
2026-08-31 14:13:47,-35.3632625,149.1652369,0.015,0.023144474253058434,104,40,LAND,False
2026-08-31 14:13:48,-35.3632625,149.1652369,0.015,0.023053301498293877,104,40,LAND,False
2026-08-31 14:13:48,-35.3632625,149.1652369,0.015,0.0229563619941473,104,40,LAND,False
2026-08-31 14:13:48,-35.3632625,149.1652369,0.015,0.023152273148298264,104,40,LAND,False
2026-08-31 14:13:49,-35.3632625,149.1652369,0.015,0.02302316203713417,104,40,LAND,False
2026-08-31 14:13:49,-35.3632625,149.1652369,0.015,0.02319142036139965,104,40,LAND,False
2026-08-31 14:13:50,-35.3632625,149.1652369,0.015,0.02328363247215748,104,40,LAND,False
2026-08-31 14:13:50,-35.3632625,149.1652369,0.015,0.023284967988729477,104,40,LAND,False
2026-08-31 14:13:51,-35.3632625,149.1652369,0.015,0.023322759196162224,104,40,LAND,False
2026-08-31 14:13:51,-35.3632625,149.1652369,0.015,0.023251360282301903,104,40,LAND,False
2026-08-31 14:13:51,-35.3632625,149.1652369,0.015,0.023562824353575706,104,40,LAND,False
2026-08-31 14:13:52,-35.3632625,149.1652369,0.015,0.023514142259955406,104,40,LAND,False
2026-08-31 14:13:52,-35.3632625,149.1652369,0.015,0.023478487506508827,104,40,LAND,False
2026-08-31 14:13:52,-35.3632625,149.1652369,0.015,0.023716483265161514,104,40,LAND,False
2026-08-31 14:13:53,-35.3632625,149.1652369,0.015,0.023558126762509346,104,40,LAND,False
2026-08-31 14:13:53,-35.3632625,149.1652369,0.015,0.023647909983992577,104,40,LAND,False
2026-08-31 14:13:53,-35.3632625,149.1652369,0.015,0.023883067071437836,104,40,LAND,False
2026-08-31 14:13:54,-35.3632625,149.1652369,0.015,0.023770611733198166,104,40,LAND,False
2026-08-31 14:13:54,-35.3632625,149.1652369,0.015,0.023965872824192047,104,40,LAND,False
2026-08-31 14:13:55,-35.3632625,149.1652369,0.015,0.023973317816853523,104,40,LAND,False
2026-08-31 14:13:55,-35.3632625,149.1652369,0.015,0.0237966850399971,104,40,LAND,False
2026-08-31 14:13:55,-35.3632625,149.1652369,0.015,0.02398090995848179,104,40,LAND,False
2026-08-31 14:13:56,-35.3632625,149.1652369,0.015,0.023675519973039627,104,40,LAND,False
2026-08-31 14:13:56,-35.3632625,149.1652369,0.015,0.023661375045776367,104,40,LAND,False
2026-08-31 14:13:57,-35.3632625,149.1652369,0.015,0.02383447252213955,104,40,LAND,False
2026-08-31 14:13:57,-35.3632625,149.1652369,0.015,0.023686788976192474,104,40,LAND,False
2026-08-31 14:13:57,-35.3632625,149.1652369,0.015,0.023684851825237274,104,40,LAND,False
2026-08-31 14:13:58,-35.3632625,149.1652369,0.015,0.023463234305381775,104,40,LAND,False
2026-08-31 14:13:58,-35.3632625,149.1652369,0.015,0.023458117619156837,104,40,LAND,False
2026-08-31 14:13:59,-35.3632625,149.1652369,0.015,0.0233355313539505,104,40,LAND,False
2026-08-31 14:13:59,-35.3632625,149.1652369,0.015,0.023227054625749588,104,40,LAND,False
2026-08-31 14:13:59,-35.3632625,149.1652369,0.015,0.02332201972603798,104,40,LAND,False
2026-08-31 14:14:00,-35.3632625,149.1652369,0.015,0.023350302129983902,104,40,LAND,False
2026-08-31 14:14:00,-35.3632625,149.1652369,0.015,0.0233532153069973,104,40,LAND,False
2026-08-31 14:14:00,-35.3632625,149.1652369,0.015,0.02342509850859642,104,40,LAND,False
2026-08-31 14:14:01,-35.3632625,149.1652369,0.015,0.023387480527162552,104,40,LAND,False
2026-08-31 14:14:01,-35.3632625,149.1652369,0.015,0.023560773581266403,104,40,LAND,False
2026-08-31 14:14:02,-35.3632625,149.1652369,0.015,0.023528041318058968,104,40,LAND,False
2026-08-31 14:14:02,-35.3632625,149.1652369,0.015,0.02329590916633606,104,40,LAND,False
2026-08-31 14:14:02,-35.3632625,149.1652369,0.015,0.02345043607056141,104,40,LAND,False
2026-08-31 14:14:03,-35.3632625,149.1652369,0.015,0.023074468597769737,104,40,LAND,False
2026-08-31 14:14:03,-35.3632625,149.1652369,0.015,0.02302340790629387,104,40,LAND,False
2026-08-31 14:14:04,-35.3632625,149.1652369,0.015,0.023075999692082405,104,40,LAND,False
2026-08-31 14:14:04,-35.3632625,149.1652369,0.015,0.02306916005909443,104,40,LAND,False
2026-08-31 14:14:04,-35.3632625,149.1652369,0.015,0.023348966613411903,104,40,LAND,False
2026-08-31 14:14:05,-35.3632625,149.1652369,0.015,0.02322257310152054,104,40,LAND,False
2026-08-31 14:14:05,-35.3632625,149.1652369,0.014,0.023536214604973793,104,40,LAND,False
2026-08-31 14:14:06,-35.3632625,149.1652369,0.014,0.023532060906291008,104,40,LAND,False
2026-08-31 14:14:06,-35.3632625,149.1652369,0.014,0.023539766669273376,104,40,LAND,False
2026-08-31 14:14:06,-35.3632625,149.1652369,0.014,0.023621171712875366,104,40,LAND,False
2026-08-31 14:14:07,-35.3632625,149.1652369,0.014,0.023377247154712677,104,40,LAND,False
2026-08-31 14:14:07,-35.3632625,149.1652369,0.014,0.023323068395256996,104,40,LAND,False
2026-08-31 14:14:08,-35.3632625,149.1652369,0.014,0.023432770743966103,104,40,LAND,False
2026-08-31 14:14:08,-35.3632625,149.1652369,0.014,0.023173868656158447,104,40,LAND,False
2026-08-31 14:14:08,-35.3632625,149.1652369,0.014,0.02341417595744133,104,40,LAND,False
2026-08-31 14:14:09,-35.3632625,149.1652369,0.014,0.02323617786169052,104,40,LAND,False
2026-08-31 14:14:09,-35.3632625,149.1652369,0.014,0.023257344961166382,104,40,LAND,False
2026-08-31 14:14:10,-35.3632625,149.1652369,0.014,0.02350248396396637,104,40,LAND,False
2026-08-31 14:14:10,-35.3632625,149.1652369,0.014,0.023326924070715904,104,40,LAND,False
2026-08-31 14:14:10,-35.3632625,149.1652369,0.014,0.023472163826227188,104,40,LAND,False
2026-08-31 14:14:11,-35.3632625,149.1652369,0.014,0.02298703044652939,104,40,LAND,False
2026-08-31 14:14:11,-35.3632625,149.1652369,0.014,0.022976184263825417,104,40,LAND,False
2026-08-31 14:14:12,-35.3632625,149.1652369,0.014,0.022963659837841988,104,40,LAND,False
2026-08-31 14:14:12,-35.3632625,149.1652369,0.014,0.02278987318277359,104,40,LAND,False
2026-08-31 14:14:12,-35.3632625,149.1652369,0.014,0.023039281368255615,104,40,LAND,False
2026-08-31 14:14:13,-35.3632625,149.1652369,0.014,0.0231479499489069,104,40,LAND,False
2026-08-31 14:14:13,-35.3632625,149.1652369,0.014,0.02340996265411377,104,40,LAND,False
2026-08-31 14:14:14,-35.3632625,149.1652369,0.014,0.023300761356949806,104,40,LAND,False
2026-08-31 14:14:14,-35.3632625,149.1652369,0.014,0.02331242524087429,104,40,LAND,False
2026-08-31 14:14:14,-35.3632625,149.1652369,0.014,0.02359657920897007,104,40,LAND,False
2026-08-31 14:14:15,-35.3632625,149.1652369,0.014,0.02340519428253174,104,40,LAND,False
2026-08-31 14:14:15,-35.3632625,149.1652369,0.014,0.023426275700330734,104,40,LAND,False
2026-08-31 14:14:16,-35.3632625,149.1652369,0.014,0.023555194959044456,104,40,LAND,False
2026-08-31 14:14:16,-35.3632625,149.1652369,0.014,0.023491505533456802,104,40,LAND,False
2026-08-31 14:14:16,-35.3632625,149.1652369,0.014,0.023743821308016777,105,40,LAND,False
2026-08-31 14:14:17,-35.3632625,149.1652369,0.015,0.02367997355759144,105,40,LAND,False
2026-08-31 14:14:17,-35.3632625,149.1652369,0.015,0.023678960278630257,105,40,LAND,False
2026-08-31 14:14:18,-35.3632625,149.1652369,0.015,0.023832563310861588,105,40,LAND,False
2026-08-31 14:14:18,-35.3632625,149.1652369,0.015,0.02344302274286747,105,40,LAND,False
2026-08-31 14:14:18,-35.3632625,149.1652369,0.015,0.023629246279597282,105,40,LAND,False
2026-08-31 14:14:19,-35.3632625,149.1652369,0.015,0.023512205109000206,105,40,LAND,False
2026-08-31 14:14:19,-35.3632625,149.1652369,0.015,0.02361072413623333,105,40,LAND,False
2026-08-31 14:14:20,-35.3632625,149.1652369,0.015,0.0236455500125885,105,40,LAND,False
2026-08-31 14:14:20,-35.3632625,149.1652369,0.015,0.023629717528820038,105,40,LAND,False
2026-08-31 14:14:21,-35.3632625,149.1652369,0.015,0.023845577612519264,105,40,LAND,False
2026-08-31 14:14:21,-35.3632625,149.1652369,0.015,0.023694733157753944,105,40,LAND,False
2026-08-31 14:14:21,-35.3632625,149.1652369,0.015,0.02375047281384468,105,40,LAND,False
2026-08-31 14:14:22,-35.3632625,149.1652369,0.015,0.0235808864235878,105,40,LAND,False
2026-08-31 14:14:22,-35.3632625,149.1652369,0.015,0.023454779759049416,105,40,LAND,False
2026-08-31 14:14:22,-35.3632625,149.1652369,0.015,0.023662004619836807,105,40,LAND,False
2026-08-31 14:14:23,-35.3632625,149.1652369,0.015,0.023409830406308174,105,40,LAND,False
2026-08-31 14:14:23,-35.3632625,149.1652369,0.015,0.023468727245926857,105,40,LAND,False
2026-08-31 14:14:24,-35.3632625,149.1652369,0.015,0.02354448474943638,105,40,LAND,False
2026-08-31 14:14:24,-35.3632625,149.1652369,0.015,0.023416198790073395,105,40,LAND,False
2026-08-31 14:14:24,-35.3632625,149.1652369,0.015,0.023665670305490494,105,40,LAND,False
2026-08-31 14:14:25,-35.3632625,149.1652369,0.015,0.023511001840233803,105,40,LAND,False
2026-08-31 14:14:25,-35.3632625,149.1652369,0.015,0.02352897636592388,105,40,LAND,False
2026-08-31 14:14:26,-35.3632625,149.1652369,0.015,0.023767638951539993,105,40,LAND,False
2026-08-31 14:14:26,-35.3632625,149.1652369,0.015,0.023678163066506386,105,40,LAND,False
2026-08-31 14:14:26,-35.3632625,149.1652369,0.015,0.023836186155676842,105,40,LAND,False
2026-08-31 14:14:27,-35.3632625,149.1652369,0.015,0.024006327614188194,105,40,LAND,False
2026-08-31 14:14:27,-35.3632625,149.1652369,0.015,0.02402239479124546,105,40,LAND,False
2026-08-31 14:14:27,-35.3632625,149.1652369,0.015,0.024143172428011894,105,40,LAND,False
2026-08-31 14:14:28,-35.3632625,149.1652369,0.015,0.024035675451159477,105,40,LAND,False
2026-08-31 14:14:28,-35.3632625,149.1652369,0.015,0.024156227707862854,105,40,LAND,False
2026-08-31 14:14:29,-35.3632625,149.1652369,0.015,0.023962950333952904,105,40,LAND,False
2026-08-31 14:14:29,-35.3632625,149.1652369,0.015,0.023987026885151863,105,40,LAND,False
2026-08-31 14:14:29,-35.3632625,149.1652369,0.015,0.024191437289118767,105,40,LAND,False
2026-08-31 14:14:30,-35.3632625,149.1652369,0.015,0.02403775043785572,105,40,LAND,False
2026-08-31 14:14:30,-35.3632625,149.1652369,0.015,0.024149442091584206,105,40,LAND,False
2026-08-31 14:14:31,-35.3632625,149.1652369,0.015,0.02426154911518097,105,40,LAND,False
2026-08-31 14:14:31,-35.3632625,149.1652369,0.015,0.02410026639699936,105,40,LAND,False
2026-08-31 14:14:31,-35.3632625,149.1652369,0.015,0.024285275489091873,105,40,LAND,False
2026-08-31 14:14:32,-35.3632625,149.1652369,0.015,0.024248242378234863,105,40,LAND,False
2026-08-31 14:14:32,-35.3632625,149.1652369,0.015,0.02406477928161621,105,40,LAND,False
2026-08-31 14:14:33,-35.3632625,149.1652369,0.015,0.023994186893105507,105,40,LAND,False
2026-08-31 14:14:33,-35.3632625,149.1652369,0.015,0.023948872461915016,105,40,LAND,False
2026-08-31 14:14:33,-35.3632625,149.1652369,0.015,0.024054836481809616,105,40,LAND,False
2026-08-31 14:14:34,-35.3632625,149.1652369,0.015,0.02393312007188797,105,40,LAND,False
2026-08-31 14:14:34,-35.3632625,149.1652369,0.015,0.023975979536771774,105,40,LAND,False
2026-08-31 14:14:34,-35.3632625,149.1652369,0.015,0.02394253946840763,105,40,LAND,False
2026-08-31 14:14:35,-35.3632625,149.1652369,0.015,0.02382398582994938,105,40,LAND,False
2026-08-31 14:14:35,-35.3632625,149.1652369,0.015,0.024015024304389954,105,40,LAND,False
2026-08-31 14:14:36,-35.3632625,149.1652369,0.015,0.024013526737689972,105,40,LAND,False
2026-08-31 14:14:36,-35.3632625,149.1652369,0.015,0.0237379502505064,105,40,LAND,False
2026-08-31 14:14:37,-35.3632625,149.1652369,0.015,0.023812023922801018,105,40,LAND,False
2026-08-31 14:14:37,-35.3632625,149.1652369,0.015,0.023772316053509712,105,40,LAND,False
2026-08-31 14:14:37,-35.3632625,149.1652369,0.015,0.023740999400615692,105,40,LAND,False
2026-08-31 14:14:38,-35.3632625,149.1652369,0.015,0.0238297451287508,105,40,LAND,False
2026-08-31 14:14:38,-35.3632625,149.1652369,0.015,0.023616980761289597,105,40,LAND,False
2026-08-31 14:14:39,-35.3632625,149.1652369,0.015,0.023589100688695908,105,40,LAND,False
2026-08-31 14:14:39,-35.3632625,149.1652369,0.015,0.023398561403155327,105,40,LAND,False
2026-08-31 14:14:39,-35.3632625,149.1652369,0.015,0.023345792666077614,105,40,LAND,False
2026-08-31 14:14:40,-35.3632625,149.1652369,0.015,0.023247811943292618,105,40,LAND,False
2026-08-31 14:14:40,-35.3632625,149.1652369,0.015,0.02328665740787983,105,40,LAND,False
2026-08-31 14:14:41,-35.3632625,149.1652369,0.015,0.02341889962553978,105,40,LAND,False
2026-08-31 14:14:41,-35.3632625,149.1652369,0.015,0.023257210850715637,105,40,LAND,False
2026-08-31 14:14:42,-35.3632625,149.1652369,0.015,0.02332426607608795,105,40,LAND,False
2026-08-31 14:14:42,-35.3632625,149.1652369,0.015,0.023130152374505997,105,40,LAND,False
2026-08-31 14:14:42,-35.3632625,149.1652369,0.015,0.02319304831326008,105,40,LAND,False
2026-08-31 14:14:43,-35.3632625,149.1652369,0.015,0.023287981748580933,105,40,LAND,False
2026-08-31 14:14:43,-35.3632625,149.1652369,0.015,0.023213859647512436,105,40,LAND,False
2026-08-31 14:14:43,-35.3632625,149.1652369,0.015,0.023378577083349228,105,40,LAND,False
2026-08-31 14:14:44,-35.3632625,149.1652369,0.015,0.023209670558571815,105,40,LAND,False
2026-08-31 14:14:44,-35.3632625,149.1652369,0.015,0.02319328486919403,105,40,LAND,False
2026-08-31 14:14:45,-35.3632625,149.1652369,0.015,0.023234212771058083,105,40,LAND,False
2026-08-31 14:14:45,-35.3632625,149.1652369,0.015,0.023314233869314194,105,40,LAND,False
2026-08-31 14:14:45,-35.3632625,149.1652369,0.015,0.023498956114053726,105,40,LAND,False
2026-08-31 14:14:46,-35.3632625,149.1652369,0.015,0.023340925574302673,105,40,LAND,False
2026-08-31 14:14:46,-35.3632625,149.1652369,0.015,0.023502983152866364,105,40,LAND,False
2026-08-31 14:14:47,-35.3632625,149.1652369,0.015,0.023511109873652458,105,40,LAND,False
2026-08-31 14:14:47,-35.3632625,149.1652369,0.015,0.023485586047172546,105,40,LAND,False
2026-08-31 14:14:47,-35.3632625,149.1652369,0.015,0.02388925664126873,105,40,LAND,False
2026-08-31 14:14:48,-35.3632625,149.1652369,0.015,0.023968013003468513,105,40,LAND,False
2026-08-31 14:14:48,-35.3632625,149.1652369,0.015,0.023834582418203354,105,40,LAND,False
2026-08-31 14:14:48,-35.3632625,149.1652369,0.015,0.02399725466966629,105,40,LAND,False
2026-08-31 14:14:49,-35.3632625,149.1652369,0.015,0.02384347654879093,105,40,LAND,False
2026-08-31 14:14:49,-35.3632625,149.1652369,0.015,0.023787854239344597,105,40,LAND,False
2026-08-31 14:14:50,-35.3632625,149.1652369,0.015,0.023590534925460815,105,40,LAND,False
2026-08-31 14:14:50,-35.3632625,149.1652369,0.015,0.02356024459004402,105,40,LAND,False
2026-08-31 14:14:51,-35.3632625,149.1652369,0.015,0.023705966770648956,105,40,LAND,False
2026-08-31 14:14:51,-35.3632625,149.1652369,0.015,0.023590747267007828,105,40,LAND,False
2026-08-31 14:14:51,-35.3632625,149.1652369,0.015,0.023808222264051437,105,40,LAND,False
2026-08-31 14:14:52,-35.3632625,149.1652369,0.015,0.02385782264173031,105,40,LAND,False
2026-08-31 14:14:52,-35.3632625,149.1652369,0.015,0.023731589317321777,105,40,LAND,False
2026-08-31 14:14:52,-35.3632625,149.1652369,0.015,0.023776406422257423,105,40,LAND,False
2026-08-31 14:14:53,-35.3632625,149.1652369,0.015,0.023449134081602097,105,40,LAND,False
2026-08-31 14:14:53,-35.3632625,149.1652369,0.015,0.02342427708208561,105,40,LAND,False
2026-08-31 14:14:54,-35.3632625,149.1652369,0.015,0.023653436452150345,105,40,LAND,False
2026-08-31 14:14:54,-35.3632625,149.1652369,0.015,0.02365105412900448,105,40,LAND,False
2026-08-31 14:14:54,-35.3632625,149.1652369,0.015,0.02383064292371273,105,40,LAND,False
2026-08-31 14:14:55,-35.3632625,149.1652369,0.015,0.023823978379368782,105,40,LAND,False
2026-08-31 14:14:55,-35.3632625,149.1652369,0.015,0.02366463653743267,105,40,LAND,False
2026-08-31 14:14:56,-35.3632625,149.1652369,0.015,0.023735888302326202,105,40,LAND,False
2026-08-31 14:14:56,-35.3632625,149.1652369,0.015,0.023532917723059654,105,40,LAND,False
2026-08-31 14:14:56,-35.3632625,149.1652369,0.015,0.02373361773788929,105,40,LAND,False
2026-08-31 14:14:57,-35.3632625,149.1652369,0.015,0.023895781487226486,105,40,LAND,False
2026-08-31 14:14:57,-35.3632625,149.1652369,0.015,0.023735303431749344,105,40,LAND,False
2026-08-31 14:14:58,-35.3632625,149.1652369,0.015,0.02394399419426918,105,40,LAND,False
2026-08-31 14:14:58,-35.3632625,149.1652369,0.015,0.02385028451681137,105,40,LAND,False
2026-08-31 14:14:58,-35.3632625,149.1652369,0.015,0.024141473695635796,105,40,LAND,False
2026-08-31 14:14:59,-35.3632625,149.1652369,0.015,0.024142751470208168,105,40,LAND,False
2026-08-31 14:14:59,-35.3632625,149.1652369,0.015,0.024005863815546036,105,40,LAND,False
2026-08-31 14:15:00,-35.3632625,149.1652369,0.015,0.024153919890522957,105,40,LAND,False
2026-08-31 14:15:00,-35.3632625,149.1652369,0.015,0.02385440282523632,105,40,LAND,False
2026-08-31 14:15:00,-35.3632625,149.1652369,0.015,0.023818474262952805,105,40,LAND,False
2026-08-31 14:15:01,-35.3632625,149.1652369,0.015,0.023778138682246208,105,40,LAND,False
2026-08-31 14:15:01,-35.3632625,149.1652369,0.015,0.02360285446047783,105,40,LAND,False
2026-08-31 14:15:02,-35.3632625,149.1652369,0.015,0.02341654524207115,105,40,LAND,False
2026-08-31 14:15:02,-35.3632625,149.1652369,0.015,0.023326022550463676,105,40,LAND,False
2026-08-31 14:15:02,-35.3632625,149.1652369,0.015,0.02353719063103199,105,40,LAND,False
2026-08-31 14:15:03,-35.3632625,149.1652369,0.015,0.02346293069422245,105,40,LAND,False
2026-08-31 14:15:03,-35.3632625,149.1652369,0.015,0.023282384499907494,105,40,LAND,False
2026-08-31 14:15:03,-35.3632625,149.1652369,0.015,0.023347999900579453,105,40,LAND,False
2026-08-31 14:15:04,-35.3632625,149.1652369,0.015,0.023241396993398666,105,40,LAND,False
2026-08-31 14:15:04,-35.3632625,149.1652369,0.015,0.023359334096312523,105,40,LAND,False
2026-08-31 14:15:05,-35.3632625,149.1652369,0.015,0.02328486368060112,105,40,LAND,False
2026-08-31 14:15:05,-35.3632625,149.1652369,0.015,0.023174406960606575,105,40,LAND,False
2026-08-31 14:15:05,-35.3632625,149.1652369,0.015,0.02350112795829773,105,40,LAND,False
2026-08-31 14:15:06,-35.3632625,149.1652369,0.015,0.023378711193799973,105,40,LAND,False
2026-08-31 14:15:06,-35.3632625,149.1652369,0.015,0.023338835686445236,105,40,LAND,False
2026-08-31 14:15:07,-35.3632625,149.1652369,0.015,0.02351444773375988,105,40,LAND,False
2026-08-31 14:15:07,-35.3632625,149.1652369,0.015,0.023386914283037186,105,40,LAND,False
2026-08-31 14:15:07,-35.3632625,149.1652369,0.015,0.02343854121863842,105,40,LAND,False
2026-08-31 14:15:08,-35.3632625,149.1652369,0.015,0.023626746609807014,105,40,LAND,False
2026-08-31 14:15:08,-35.3632625,149.1652369,0.015,0.023647719994187355,105,40,LAND,False
2026-08-31 14:15:08,-35.3632625,149.1652369,0.015,0.023836301639676094,105,40,LAND,False
2026-08-31 14:15:09,-35.3632625,149.1652369,0.015,0.02363116666674614,105,40,LAND,False
2026-08-31 14:15:09,-35.3632625,149.1652369,0.015,0.023857658728957176,105,40,LAND,False
2026-08-31 14:15:10,-35.3632625,149.1652369,0.015,0.02390133962035179,105,40,LAND,False
2026-08-31 14:15:10,-35.3632625,149.1652369,0.015,0.023666251450777054,105,40,LAND,False
2026-08-31 14:15:11,-35.3632625,149.1652369,0.015,0.02387862466275692,105,40,LAND,False
2026-08-31 14:15:11,-35.3632625,149.1652369,0.015,0.02357407659292221,105,40,LAND,False
2026-08-31 14:15:11,-35.3632625,149.1652369,0.015,0.023648448288440704,105,40,LAND,False
2026-08-31 14:15:12,-35.3632625,149.1652369,0.015,0.023694241419434547,105,40,LAND,False
2026-08-31 14:15:12,-35.3632625,149.1652369,0.015,0.023680036887526512,105,40,LAND,False
2026-08-31 14:15:12,-35.3632625,149.1652369,0.015,0.023852836340665817,105,40,LAND,False
2026-08-31 14:15:13,-35.3632625,149.1652369,0.014,0.02378978207707405,105,40,LAND,False
2026-08-31 14:15:13,-35.3632625,149.1652369,0.014,0.0238297488540411,105,40,LAND,False
2026-08-31 14:15:14,-35.3632625,149.1652369,0.014,0.023849882185459137,105,40,LAND,False
2026-08-31 14:15:14,-35.3632625,149.1652369,0.014,0.023652030155062675,105,40,LAND,False
2026-08-31 14:15:15,-35.3632625,149.1652369,0.014,0.023803040385246277,105,40,LAND,False
2026-08-31 14:15:15,-35.3632625,149.1652369,0.014,0.023757915943861008,105,40,LAND,False
2026-08-31 14:15:15,-35.3632625,149.1652369,0.014,0.02373596839606762,105,40,LAND,False
2026-08-31 14:15:16,-35.3632625,149.1652369,0.014,0.024019604548811913,105,40,LAND,False
2026-08-31 14:15:16,-35.3632625,149.1652369,0.014,0.024059521034359932,105,40,LAND,False
2026-08-31 14:15:17,-35.3632625,149.1652369,0.014,0.023841580376029015,105,40,LAND,False
2026-08-31 14:15:17,-35.3632625,149.1652369,0.014,0.023841580376029015,105,40,LAND,False
2026-08-31 14:15:17,-35.3632625,149.1652369,0.014,0.024014072492718697,105,40,LAND,False
2026-08-31 14:15:18,-35.3632625,149.1652369,0.014,0.023974547162652016,105,40,LAND,False
2026-08-31 14:15:18,-35.3632625,149.1652369,0.014,0.023874009028077126,105,40,LAND,False
2026-08-31 14:15:18,-35.3632625,149.1652369,0.014,0.024012723937630653,105,40,LAND,False
2026-08-31 14:15:19,-35.3632625,149.1652369,0.014,0.0238284133374691,105,40,LAND,False
2026-08-31 14:15:19,-35.3632625,149.1652369,0.014,0.02387438714504242,105,40,LAND,False
2026-08-31 14:15:20,-35.3632625,149.1652369,0.014,0.0240126084536314,105,40,LAND,False
2026-08-31 14:15:20,-35.3632625,149.1652369,0.014,0.023807590827345848,105,40,LAND,False
2026-08-31 14:15:20,-35.3632625,149.1652369,0.014,0.023757796734571457,105,40,LAND,False
2026-08-31 14:15:21,-35.3632625,149.1652369,0.014,0.023734215646982193,105,40,LAND,False
2026-08-31 14:15:21,-35.3632625,149.1652369,0.014,0.023757945746183395,105,40,LAND,False
2026-08-31 14:15:22,-35.3632625,149.1652369,0.014,0.023816438391804695,105,40,LAND,False
2026-08-31 14:15:22,-35.3632625,149.1652369,0.014,0.023558661341667175,105,40,LAND,False
2026-08-31 14:15:22,-35.3632625,149.1652369,0.014,0.02374381758272648,105,40,LAND,False
2026-08-31 14:15:23,-35.3632625,149.1652369,0.014,0.023756837472319603,105,40,LAND,False
2026-08-31 14:15:23,-35.3632625,149.1652369,0.014,0.023786773905158043,105,40,LAND,False
2026-08-31 14:15:24,-35.3632625,149.1652369,0.014,0.02387494035065174,105,40,LAND,False
2026-08-31 14:15:24,-35.3632625,149.1652369,0.015,0.02384873293340206,105,40,LAND,False
2026-08-31 14:15:24,-35.3632625,149.1652369,0.015,0.023928863927721977,105,40,LAND,False
2026-08-31 14:15:25,-35.3632625,149.1652369,0.015,0.02390553243458271,105,40,LAND,False
2026-08-31 14:15:25,-35.3632625,149.1652369,0.015,0.023440273478627205,105,40,LAND,False
2026-08-31 14:15:25,-35.3632625,149.1652369,0.015,0.023541772738099098,105,40,LAND,False
2026-08-31 14:15:26,-35.3632625,149.1652369,0.015,0.023344282060861588,105,40,LAND,False
2026-08-31 14:15:26,-35.3632625,149.1652369,0.015,0.023415807634592056,105,40,LAND,False
2026-08-31 14:15:27,-35.3632625,149.1652369,0.015,0.023496905341744423,105,40,LAND,False
2026-08-31 14:15:27,-35.3632625,149.1652369,0.015,0.023363174870610237,105,40,LAND,False
2026-08-31 14:15:27,-35.3632625,149.1652369,0.015,0.02357696183025837,105,40,LAND,False
2026-08-31 14:15:28,-35.3632625,149.1652369,0.015,0.023386618122458458,105,40,LAND,False
2026-08-31 14:15:28,-35.3632625,149.1652369,0.015,0.02343910187482834,105,40,LAND,False
2026-08-31 14:15:29,-35.3632625,149.1652369,0.015,0.023452995344996452,105,40,LAND,False
2026-08-31 14:15:29,-35.3632625,149.1652369,0.015,0.023414546623826027,105,40,LAND,False
2026-08-31 14:15:29,-35.3632625,149.1652369,0.015,0.023577343672513962,105,40,LAND,False
2026-08-31 14:15:30,-35.3632625,149.1652369,0.015,0.023386461660265923,105,40,LAND,False
2026-08-31 14:15:30,-35.3632625,149.1652369,0.015,0.023351959884166718,105,40,LAND,False
2026-08-31 14:15:31,-35.3632625,149.1652369,0.015,0.02358314022421837,105,40,LAND,False
2026-08-31 14:15:31,-35.3632625,149.1652369,0.015,0.023489298298954964,105,40,LAND,False
2026-08-31 14:15:32,-35.3632625,149.1652369,0.015,0.02370505779981613,105,40,LAND,False
2026-08-31 14:15:32,-35.3632625,149.1652369,0.015,0.023608511313796043,105,40,LAND,False
2026-08-31 14:15:32,-35.3632625,149.1652369,0.015,0.023821024224162102,105,40,LAND,False
2026-08-31 14:15:33,-35.3632625,149.1652369,0.015,0.023727785795927048,105,40,LAND,False
2026-08-31 14:15:33,-35.3632625,149.1652369,0.015,0.023765452206134796,105,40,LAND,False
2026-08-31 14:15:33,-35.3632625,149.1652369,0.015,0.024001823738217354,105,40,LAND,False
2026-08-31 14:15:34,-35.3632625,149.1652369,0.015,0.023767471313476562,105,40,LAND,False
2026-08-31 14:15:34,-35.3632625,149.1652369,0.015,0.023812739178538322,105,40,LAND,False
2026-08-31 14:15:35,-35.3632625,149.1652369,0.015,0.02400083839893341,105,40,LAND,False
2026-08-31 14:15:35,-35.3632625,149.1652369,0.015,0.023810500279068947,105,40,LAND,False
2026-08-31 14:15:35,-35.3632625,149.1652369,0.015,0.023982999846339226,105,40,LAND,False
2026-08-31 14:15:36,-35.3632625,149.1652369,0.015,0.023955535143613815,105,40,LAND,False
2026-08-31 14:15:36,-35.3632625,149.1652369,0.015,0.02404123917222023,105,40,LAND,False
2026-08-31 14:15:37,-35.3632625,149.1652369,0.015,0.024295639246702194,105,40,LAND,False
2026-08-31 14:15:37,-35.3632625,149.1652369,0.015,0.024018822237849236,105,40,LAND,False
2026-08-31 14:15:38,-35.3632625,149.1652369,0.015,0.024093518033623695,105,40,LAND,False
2026-08-31 14:15:38,-35.3632625,149.1652369,0.015,0.024005789309740067,105,40,LAND,False
2026-08-31 14:15:38,-35.3632625,149.1652369,0.015,0.02402997761964798,105,40,LAND,False
2026-08-31 14:15:39,-35.3632625,149.1652369,0.015,0.024202538654208183,105,40,LAND,False
2026-08-31 14:15:39,-35.3632625,149.1652369,0.015,0.023957177996635437,105,40,LAND,False
2026-08-31 14:15:40,-35.3632625,149.1652369,0.015,0.023986680433154106,105,40,LAND,False
2026-08-31 14:15:40,-35.3632625,149.1652369,0.015,0.023809166625142097,105,40,LAND,False
2026-08-31 14:15:40,-35.3632625,149.1652369,0.015,0.023879336193203926,105,40,LAND,False
2026-08-31 14:15:41,-35.3632625,149.1652369,0.015,0.023726031184196472,105,40,LAND,False
2026-08-31 14:15:41,-35.3632625,149.1652369,0.015,0.023531474173069,105,40,LAND,False
2026-08-31 14:15:42,-35.3632625,149.1652369,0.015,0.023582899942994118,105,40,LAND,False
2026-08-31 14:15:42,-35.3632625,149.1652369,0.015,0.023346509784460068,105,40,LAND,False
2026-08-31 14:15:42,-35.3632625,149.1652369,0.015,0.02335413545370102,105,40,LAND,False
2026-08-31 14:15:43,-35.3632625,149.1652369,0.015,0.02350548282265663,105,40,LAND,False
2026-08-31 14:15:43,-35.3632625,149.1652369,0.015,0.023435695096850395,105,40,LAND,False
2026-08-31 14:15:43,-35.3632625,149.1652369,0.015,0.023639440536499023,105,40,LAND,False
2026-08-31 14:15:44,-35.3632625,149.1652369,0.015,0.023582832887768745,105,40,LAND,False
2026-08-31 14:15:44,-35.3632625,149.1652369,0.015,0.023575734347105026,105,40,LAND,False
2026-08-31 14:15:45,-35.3632625,149.1652369,0.015,0.023770717903971672,105,40,LAND,False
2026-08-31 14:15:45,-35.3632625,149.1652369,0.015,0.02363509312272072,105,40,LAND,False
2026-08-31 14:15:45,-35.3632625,149.1652369,0.015,0.0236220546066761,105,40,LAND,False
2026-08-31 14:15:46,-35.3632625,149.1652369,0.015,0.0236861202865839,105,40,LAND,False
2026-08-31 14:15:46,-35.3632625,149.1652369,0.015,0.023469755426049232,105,40,LAND,False
2026-08-31 14:15:47,-35.3632625,149.1652369,0.015,0.023340879008173943,105,40,LAND,False
2026-08-31 14:15:47,-35.3632625,149.1652369,0.015,0.02321481890976429,105,40,LAND,False
2026-08-31 14:15:47,-35.3632625,149.1652369,0.015,0.023282749578356743,105,40,LAND,False
2026-08-31 14:15:48,-35.3632625,149.1652369,0.015,0.023192208260297775,105,40,LAND,False
2026-08-31 14:15:48,-35.3632625,149.1652369,0.015,0.023276960477232933,105,40,LAND,False
2026-08-31 14:15:48,-35.3632625,149.1652369,0.015,0.023532625287771225,105,40,LAND,False
2026-08-31 14:15:49,-35.3632625,149.1652369,0.015,0.023443637415766716,105,40,LAND,False
2026-08-31 14:15:49,-35.3632625,149.1652369,0.015,0.023438764736056328,105,40,LAND,False
2026-08-31 14:15:49,-35.3632625,149.1652369,0.015,0.023438764736056328,105,40,LAND,False
2026-08-31 14:15:50,-35.3632625,149.1652369,0.015,0.02388366125524044,105,40,LAND,False
2026-08-31 14:15:50,-35.3632625,149.1652369,0.015,0.023869948461651802,105,40,LAND,False
2026-08-31 14:15:51,-35.3632625,149.1652369,0.015,0.02383379638195038,105,40,LAND,False
2026-08-31 14:15:51,-35.3632625,149.1652369,0.015,0.02383379638195038,105,40,LAND,False
2026-08-31 14:15:51,-35.3632625,149.1652369,0.015,0.023838767781853676,105,40,LAND,False
2026-08-31 14:15:52,-35.3632625,149.1652369,0.015,0.023758551105856895,105,40,LAND,False
2026-08-31 14:15:52,-35.3632625,149.1652369,0.015,0.0235479474067688,105,40,LAND,False
2026-08-31 14:15:52,-35.3632625,149.1652369,0.015,0.023719647899270058,105,40,LAND,False
2026-08-31 14:15:53,-35.3632625,149.1652369,0.015,0.023526476696133614,105,40,LAND,False
2026-08-31 14:15:53,-35.3632625,149.1652369,0.015,0.02364150993525982,105,40,LAND,False
2026-08-31 14:15:54,-35.3632625,149.1652369,0.015,0.02363479509949684,105,40,LAND,False
2026-08-31 14:15:54,-35.3632625,149.1652369,0.015,0.02351984567940235,105,40,LAND,False
2026-08-31 14:15:54,-35.3632625,149.1652369,0.015,0.023776855319738388,105,40,LAND,False
2026-08-31 14:15:55,-35.3632625,149.1652369,0.015,0.023818697780370712,105,40,LAND,False
2026-08-31 14:15:55,-35.3632625,149.1652369,0.015,0.023616263642907143,105,40,LAND,False
2026-08-31 14:15:56,-35.3632625,149.1652369,0.015,0.023747537285089493,105,40,LAND,False
2026-08-31 14:15:56,-35.3632625,149.1652369,0.015,0.02356753870844841,105,40,LAND,False
2026-08-31 14:15:56,-35.3632625,149.1652369,0.015,0.02361486852169037,105,40,LAND,False
2026-08-31 14:15:57,-35.3632625,149.1652369,0.015,0.023824471980333328,105,40,LAND,False
2026-08-31 14:15:57,-35.3632625,149.1652369,0.015,0.023681333288550377,105,40,LAND,False
2026-08-31 14:15:58,-35.3632625,149.1652369,0.015,0.023550070822238922,105,40,LAND,False
2026-08-31 14:15:58,-35.3632625,149.1652369,0.015,0.023489030078053474,105,40,LAND,False
2026-08-31 14:15:58,-35.3632625,149.1652369,0.015,0.02376553602516651,105,40,LAND,False
2026-08-31 14:15:59,-35.3632625,149.1652369,0.015,0.02378867380321026,105,40,LAND,False
2026-08-31 14:15:59,-35.3632625,149.1652369,0.015,0.023731496185064316,105,40,LAND,False
2026-08-31 14:16:00,-35.3632625,149.1652369,0.015,0.02397100441157818,105,40,LAND,False
2026-08-31 14:16:00,-35.3632625,149.1652369,0.015,0.023782070726156235,105,40,LAND,False
2026-08-31 14:16:01,-35.3632625,149.1652369,0.015,0.023727159947156906,105,40,LAND,False
2026-08-31 14:16:01,-35.3632625,149.1652369,0.015,0.02384214662015438,105,40,LAND,False
2026-08-31 14:16:01,-35.3632625,149.1652369,0.015,0.023894798010587692,105,40,LAND,False
2026-08-31 14:16:02,-35.3632625,149.1652369,0.015,0.02411196380853653,105,40,LAND,False
2026-08-31 14:16:02,-35.3632625,149.1652369,0.015,0.023969992995262146,105,40,LAND,False
2026-08-31 14:16:02,-35.3632625,149.1652369,0.015,0.023900559172034264,105,40,LAND,False
2026-08-31 14:16:03,-35.3632625,149.1652369,0.015,0.023795364424586296,105,40,LAND,False
2026-08-31 14:16:03,-35.3632625,149.1652369,0.015,0.02372068166732788,105,40,LAND,False
2026-08-31 14:16:04,-35.3632625,149.1652369,0.015,0.0239932369440794,105,40,LAND,False
2026-08-31 14:16:04,-35.3632625,149.1652369,0.015,0.023704184219241142,105,40,LAND,False
2026-08-31 14:16:04,-35.3632625,149.1652369,0.015,0.023802101612091064,105,40,LAND,False
2026-08-31 14:16:05,-35.3632625,149.1652369,0.015,0.024087637662887573,105,40,LAND,False
2026-08-31 14:16:05,-35.3632625,149.1652369,0.015,0.023989597335457802,105,40,LAND,False
2026-08-31 14:16:06,-35.3632625,149.1652369,0.015,0.024027293547987938,105,40,LAND,False
2026-08-31 14:16:06,-35.3632625,149.1652369,0.015,0.0239639300853014,105,40,LAND,False
2026-08-31 14:16:06,-35.3632625,149.1652369,0.015,0.024037281051278114,105,40,LAND,False
2026-08-31 14:16:07,-35.3632625,149.1652369,0.015,0.02400011010468006,105,40,LAND,False
2026-08-31 14:16:07,-35.3632625,149.1652369,0.015,0.023734500631690025,105,40,LAND,False
2026-08-31 14:16:07,-35.3632625,149.1652369,0.015,0.023908676579594612,105,40,LAND,False
2026-08-31 14:16:08,-35.3632625,149.1652369,0.015,0.02366207167506218,105,40,LAND,False
2026-08-31 14:16:08,-35.3632625,149.1652369,0.015,0.02366132289171219,105,40,LAND,False
2026-08-31 14:16:09,-35.3632625,149.1652369,0.015,0.023645946756005287,105,40,LAND,False
2026-08-31 14:16:09,-35.3632625,149.1652369,0.015,0.02359798736870289,105,40,LAND,False
2026-08-31 14:16:09,-35.3632625,149.1652369,0.015,0.023800503462553024,105,40,LAND,False
2026-08-31 14:16:10,-35.3632625,149.1652369,0.015,0.023694433271884918,105,40,LAND,False
2026-08-31 14:16:10,-35.3632625,149.1652369,0.015,0.023639410734176636,105,40,LAND,False
2026-08-31 14:16:11,-35.3632625,149.1652369,0.015,0.023992478847503662,105,40,LAND,False
2026-08-31 14:16:11,-35.3632625,149.1652369,0.015,0.023861084133386612,105,40,LAND,False
2026-08-31 14:16:11,-35.3632625,149.1652369,0.015,0.02382771484553814,105,40,LAND,False
2026-08-31 14:16:12,-35.3632625,149.1652369,0.015,0.02394181117415428,105,40,LAND,False
2026-08-31 14:16:12,-35.3632625,149.1652369,0.015,0.023825397714972496,105,40,LAND,False
2026-08-31 14:16:13,-35.3632625,149.1652369,0.015,0.024081597104668617,105,40,LAND,False
2026-08-31 14:16:13,-35.3632625,149.1652369,0.015,0.023836437612771988,105,40,LAND,False
2026-08-31 14:16:13,-35.3632625,149.1652369,0.015,0.023949304595589638,105,40,LAND,False
2026-08-31 14:16:14,-35.3632625,149.1652369,0.015,0.02378763072192669,105,40,LAND,False
2026-08-31 14:16:14,-35.3632625,149.1652369,0.015,0.023707587271928787,105,40,LAND,False
2026-08-31 14:16:14,-35.3632625,149.1652369,0.015,0.0238572359085083,105,40,LAND,False
2026-08-31 14:16:15,-35.3632625,149.1652369,0.015,0.02362595871090889,105,40,LAND,False
2026-08-31 14:16:15,-35.3632625,149.1652369,0.015,0.023595565930008888,105,40,LAND,False
2026-08-31 14:16:16,-35.3632625,149.1652369,0.015,0.023649754002690315,105,40,LAND,False
2026-08-31 14:16:16,-35.3632625,149.1652369,0.015,0.02344520576298237,105,40,LAND,False
2026-08-31 14:16:16,-35.3632625,149.1652369,0.015,0.02349846251308918,105,40,LAND,False
2026-08-31 14:16:17,-35.3632625,149.1652369,0.015,0.023551572114229202,105,40,LAND,False
2026-08-31 14:16:17,-35.3632625,149.1652369,0.015,0.023479726165533066,105,40,LAND,False
2026-08-31 14:16:18,-35.3632625,149.1652369,0.015,0.023700254037976265,105,40,LAND,False
2026-08-31 14:16:18,-35.3632625,149.1652369,0.015,0.02344564162194729,105,40,LAND,False
2026-08-31 14:16:18,-35.3632625,149.1652369,0.015,0.023485766723752022,105,40,LAND,False
2026-08-31 14:16:19,-35.3632625,149.1652369,0.015,0.02358752116560936,105,40,LAND,False
2026-08-31 14:16:19,-35.3632625,149.1652369,0.015,0.023517701774835587,105,40,LAND,False
2026-08-31 14:16:20,-35.3632625,149.1652369,0.015,0.023862438276410103,105,40,LAND,False
2026-08-31 14:16:20,-35.3632625,149.1652369,0.015,0.023979684337973595,105,40,LAND,False
2026-08-31 14:16:20,-35.3632625,149.1652369,0.015,0.023870296776294708,105,40,LAND,False
2026-08-31 14:16:21,-35.3632625,149.1652369,0.015,0.023822233080863953,105,40,LAND,False
2026-08-31 14:16:21,-35.3632625,149.1652369,0.015,0.023619426414370537,105,40,LAND,False
2026-08-31 14:16:22,-35.3632625,149.1652369,0.015,0.02371825836598873,105,40,LAND,False
2026-08-31 14:16:22,-35.3632625,149.1652369,0.015,0.02366485819220543,105,40,LAND,False
2026-08-31 14:16:22,-35.3632625,149.1652369,0.015,0.023726090788841248,105,40,LAND,False
2026-08-31 14:16:23,-35.3632625,149.1652369,0.015,0.023817209526896477,105,40,LAND,False
2026-08-31 14:16:23,-35.3632625,149.1652369,0.015,0.02368091605603695,105,40,LAND,False
2026-08-31 14:16:24,-35.3632625,149.1652369,0.015,0.023719271644949913,105,40,LAND,False
2026-08-31 14:16:24,-35.3632625,149.1652369,0.015,0.023592635989189148,105,40,LAND,False
2026-08-31 14:16:24,-35.3632625,149.1652369,0.015,0.023515842854976654,105,40,LAND,False
2026-08-31 14:16:25,-35.3632625,149.1652369,0.015,0.023367993533611298,105,40,LAND,False
2026-08-31 14:16:25,-35.3632625,149.1652369,0.015,0.023196900263428688,105,40,LAND,False
2026-08-31 14:16:25,-35.3632625,149.1652369,0.015,0.023506246507167816,105,40,LAND,False
2026-08-31 14:16:26,-35.3632625,149.1652369,0.015,0.023372886702418327,105,40,LAND,False
2026-08-31 14:16:26,-35.3632625,149.1652369,0.015,0.02328488789498806,105,40,LAND,False
2026-08-31 14:16:27,-35.3632625,149.1652369,0.015,0.023264098912477493,105,40,LAND,False
2026-08-31 14:16:27,-35.3632625,149.1652369,0.015,0.02316300757229328,105,40,LAND,False
2026-08-31 14:16:27,-35.3632625,149.1652369,0.015,0.023443888872861862,105,40,LAND,False
2026-08-31 14:16:28,-35.3632625,149.1652369,0.015,0.023319872096180916,105,40,LAND,False
2026-08-31 14:16:28,-35.3632625,149.1652369,0.015,0.023260796442627907,105,40,LAND,False
2026-08-31 14:16:29,-35.3632625,149.1652369,0.015,0.023525439202785492,105,40,LAND,False
2026-08-31 14:16:29,-35.3632625,149.1652369,0.015,0.023352626711130142,105,40,LAND,False
2026-08-31 14:16:29,-35.3632625,149.1652369,0.015,0.023427503183484077,105,40,LAND,False
2026-08-31 14:16:30,-35.3632625,149.1652369,0.015,0.023578621447086334,105,40,LAND,False
2026-08-31 14:16:30,-35.3632625,149.1652369,0.015,0.023783819749951363,105,40,LAND,False
2026-08-31 14:16:31,-35.3632625,149.1652369,0.015,0.023620160296559334,105,40,LAND,False
2026-08-31 14:16:31,-35.3632625,149.1652369,0.015,0.023620160296559334,105,40,LAND,False
2026-08-31 14:16:31,-35.3632625,149.1652369,0.015,0.023922115564346313,105,40,LAND,False
2026-08-31 14:16:32,-35.3632625,149.1652369,0.015,0.023881856352090836,105,40,LAND,False
2026-08-31 14:16:32,-35.3632625,149.1652369,0.015,0.0236783679574728,105,40,LAND,False
2026-08-31 14:16:33,-35.3632625,149.1652369,0.015,0.023870375007390976,105,40,LAND,False
2026-08-31 14:16:33,-35.3632625,149.1652369,0.015,0.023750489577651024,105,40,LAND,False
2026-08-31 14:16:33,-35.3632625,149.1652369,0.015,0.023756930604577065,105,40,LAND,False
2026-08-31 14:16:34,-35.3632625,149.1652369,0.015,0.023630322888493538,105,40,LAND,False
2026-08-31 14:16:34,-35.3632625,149.1652369,0.015,0.02359458990395069,105,40,LAND,False
2026-08-31 14:16:34,-35.3632625,149.1652369,0.015,0.02378321811556816,105,40,LAND,False
2026-08-31 14:16:35,-35.3632625,149.1652369,0.015,0.023653892800211906,105,40,LAND,False
2026-08-31 14:16:35,-35.3632625,149.1652369,0.015,0.02366689033806324,105,40,LAND,False
2026-08-31 14:16:36,-35.3632625,149.1652369,0.015,0.023665500804781914,105,40,LAND,False
2026-08-31 14:16:36,-35.3632625,149.1652369,0.015,0.023672256618738174,105,40,LAND,False
2026-08-31 14:16:36,-35.3632625,149.1652369,0.015,0.023759113624691963,105,40,LAND,False
2026-08-31 14:16:37,-35.3632625,149.1652369,0.015,0.023521721363067627,105,40,LAND,False
2026-08-31 14:16:37,-35.3632625,149.1652369,0.015,0.023540083318948746,105,40,LAND,False
2026-08-31 14:16:38,-35.3632625,149.1652369,0.015,0.023476513102650642,105,40,LAND,False
2026-08-31 14:16:38,-35.3632625,149.1652369,0.015,0.023244934156537056,105,40,LAND,False
2026-08-31 14:16:38,-35.3632625,149.1652369,0.015,0.023468436673283577,105,40,LAND,False
2026-08-31 14:16:39,-35.3632625,149.1652369,0.015,0.023505209013819695,105,40,LAND,False
2026-08-31 14:16:39,-35.3632625,149.1652369,0.015,0.02340809814631939,105,40,LAND,False
2026-08-31 14:16:40,-35.3632625,149.1652369,0.015,0.023379048332571983,105,40,LAND,False
2026-08-31 14:16:40,-35.3632625,149.1652369,0.015,0.02323012240231037,105,40,LAND,False
2026-08-31 14:16:40,-35.3632625,149.1652369,0.015,0.02336091175675392,105,40,LAND,False
2026-08-31 14:16:41,-35.3632625,149.1652369,0.015,0.023645108565688133,105,40,LAND,False
2026-08-31 14:16:41,-35.3632625,149.1652369,0.015,0.023443814367055893,105,40,LAND,False
2026-08-31 14:16:41,-35.3632625,149.1652369,0.015,0.023609301075339317,105,40,LAND,False
2026-08-31 14:16:42,-35.3632625,149.1652369,0.015,0.023540453985333443,105,40,LAND,False
2026-08-31 14:16:42,-35.3632625,149.1652369,0.015,0.023438291624188423,105,40,LAND,False
2026-08-31 14:16:43,-35.3632625,149.1652369,0.015,0.02362889051437378,105,40,LAND,False
2026-08-31 14:16:43,-35.3632625,149.1652369,0.015,0.023544233292341232,105,40,LAND,False
2026-08-31 14:16:43,-35.3632625,149.1652369,0.015,0.023645823821425438,105,40,LAND,False
2026-08-31 14:16:44,-35.3632625,149.1652369,0.015,0.023645823821425438,105,40,LAND,False
2026-08-31 14:16:44,-35.3632625,149.1652369,0.015,0.02337712235748768,105,40,LAND,False
2026-08-31 14:16:44,-35.3632625,149.1652369,0.015,0.023515567183494568,105,40,LAND,False
2026-08-31 14:16:45,-35.3632625,149.1652369,0.015,0.02367711067199707,105,40,LAND,False
2026-08-31 14:16:45,-35.3632625,149.1652369,0.015,0.0235458817332983,105,40,LAND,False
2026-08-31 14:16:46,-35.3632625,149.1652369,0.015,0.023754794150590897,105,40,LAND,False
2026-08-31 14:16:46,-35.3632625,149.1652369,0.015,0.023611053824424744,105,40,LAND,False
2026-08-31 14:16:47,-35.3632625,149.1652369,0.015,0.02396298758685589,105,40,LAND,False
2026-08-31 14:16:47,-35.3632625,149.1652369,0.015,0.02393689751625061,105,40,LAND,False
2026-08-31 14:16:47,-35.3632625,149.1652369,0.015,0.023894187062978745,105,40,LAND,False
2026-08-31 14:16:48,-35.3632625,149.1652369,0.015,0.024042507633566856,105,40,LAND,False
2026-08-31 14:16:48,-35.3632625,149.1652369,0.015,0.023872897028923035,105,40,LAND,False
2026-08-31 14:16:48,-35.3632625,149.1652369,0.015,0.023808833211660385,105,40,LAND,False
2026-08-31 14:16:49,-35.3632625,149.1652369,0.015,0.023493407294154167,105,40,LAND,False
2026-08-31 14:16:49,-35.3632625,149.1652369,0.015,0.023383401334285736,105,40,LAND,False
2026-08-31 14:16:49,-35.3632625,149.1652369,0.015,0.023734789341688156,105,40,LAND,False
2026-08-31 14:16:50,-35.3632625,149.1652369,0.015,0.02357562445104122,105,40,LAND,False
2026-08-31 14:16:50,-35.3632625,149.1652369,0.015,0.023564478382468224,105,40,LAND,False
2026-08-31 14:16:51,-35.3632625,149.1652369,0.015,0.023798028007149696,105,40,LAND,False
2026-08-31 14:16:51,-35.3632625,149.1652369,0.015,0.023713141679763794,105,40,LAND,False
2026-08-31 14:16:51,-35.3632625,149.1652369,0.015,0.023890644311904907,105,40,LAND,False
2026-08-31 14:16:52,-35.3632625,149.1652369,0.015,0.02407015860080719,105,40,LAND,False
2026-08-31 14:16:52,-35.3632625,149.1652369,0.015,0.024073753505945206,105,40,LAND,False
2026-08-31 14:16:53,-35.3632625,149.1652369,0.015,0.024261485785245895,105,40,LAND,False
2026-08-31 14:16:53,-35.3632625,149.1652369,0.015,0.02401268668472767,105,40,LAND,False
2026-08-31 14:16:53,-35.3632625,149.1652369,0.015,0.024128403514623642,105,40,LAND,False
2026-08-31 14:16:54,-35.3632625,149.1652369,0.015,0.02410031482577324,105,40,LAND,False
2026-08-31 14:16:54,-35.3632625,149.1652369,0.015,0.02384936437010765,105,40,LAND,False
2026-08-31 14:16:55,-35.3632625,149.1652369,0.015,0.023935377597808838,105,40,LAND,False
2026-08-31 14:16:55,-35.3632625,149.1652369,0.015,0.023596277460455894,105,40,LAND,False
2026-08-31 14:16:55,-35.3632625,149.1652369,0.015,0.023656807839870453,105,40,LAND,False
2026-08-31 14:16:56,-35.3632625,149.1652369,0.015,0.023732533678412437,105,40,LAND,False
2026-08-31 14:16:56,-35.3632625,149.1652369,0.015,0.023662269115447998,105,40,LAND,False
2026-08-31 14:16:57,-35.3632625,149.1652369,0.015,0.023837633430957794,105,40,LAND,False
2026-08-31 14:16:57,-35.3632625,149.1652369,0.015,0.02369685471057892,105,40,LAND,False
2026-08-31 14:16:58,-35.3632625,149.1652369,0.015,0.02384359762072563,105,40,LAND,False
2026-08-31 14:16:58,-35.3632625,149.1652369,0.015,0.02384359762072563,105,40,LAND,False
2026-08-31 14:16:58,-35.3632625,149.1652369,0.015,0.023773187771439552,105,40,LAND,False
2026-08-31 14:16:59,-35.3632625,149.1652369,0.015,0.023848451673984528,105,40,LAND,False
2026-08-31 14:16:59,-35.3632625,149.1652369,0.015,0.02382567524909973,105,40,LAND,False
2026-08-31 14:16:59,-35.3632625,149.1652369,0.015,0.023863866925239563,105,40,LAND,False
2026-08-31 14:17:00,-35.3632625,149.1652369,0.015,0.024051789194345474,105,40,LAND,False
2026-08-31 14:17:00,-35.3632625,149.1652369,0.015,0.023886967450380325,105,40,LAND,False
2026-08-31 14:17:00,-35.3632625,149.1652369,0.015,0.024083193391561508,105,40,LAND,False
2026-08-31 14:17:01,-35.3632625,149.1652369,0.015,0.02398008294403553,105,40,LAND,False
2026-08-31 14:17:01,-35.3632625,149.1652369,0.015,0.02404886856675148,105,40,LAND,False
2026-08-31 14:17:02,-35.3632625,149.1652369,0.015,0.024155043065547943,105,40,LAND,False
2026-08-31 14:17:02,-35.3632625,149.1652369,0.015,0.02382655255496502,105,40,LAND,False
2026-08-31 14:17:02,-35.3632625,149.1652369,0.015,0.02397190034389496,105,40,LAND,False
2026-08-31 14:17:03,-35.3632625,149.1652369,0.015,0.023902827873826027,105,40,LAND,False
2026-08-31 14:17:03,-35.3632625,149.1652369,0.015,0.0237266905605793,105,40,LAND,False
2026-08-31 14:17:03,-35.3632625,149.1652369,0.015,0.0237266905605793,105,40,LAND,False
2026-08-31 14:17:04,-35.3632625,149.1652369,0.015,0.024013496935367584,105,40,LAND,False
2026-08-31 14:17:04,-35.3632625,149.1652369,0.015,0.023886416107416153,105,40,LAND,False
2026-08-31 14:17:04,-35.3632625,149.1652369,0.015,0.02402721531689167,105,40,LAND,False
2026-08-31 14:17:05,-35.3632625,149.1652369,0.015,0.024043522775173187,105,40,LAND,False
2026-08-31 14:17:05,-35.3632625,149.1652369,0.015,0.023783080279827118,105,40,LAND,False
2026-08-31 14:17:06,-35.3632625,149.1652369,0.015,0.02394675835967064,105,40,LAND,False
2026-08-31 14:17:06,-35.3632625,149.1652369,0.015,0.023759519681334496,105,40,LAND,False
2026-08-31 14:17:06,-35.3632625,149.1652369,0.015,0.023729555308818817,105,40,LAND,False
2026-08-31 14:17:07,-35.3632625,149.1652369,0.015,0.023843470960855484,105,40,LAND,False
2026-08-31 14:17:07,-35.3632625,149.1652369,0.015,0.02386379800736904,105,40,LAND,False
2026-08-31 14:17:08,-35.3632625,149.1652369,0.015,0.024091128259897232,105,40,LAND,False
2026-08-31 14:17:08,-35.3632625,149.1652369,0.015,0.024015700444579124,105,40,LAND,False
2026-08-31 14:17:08,-35.3632625,149.1652369,0.015,0.02398141287267208,105,40,LAND,False
2026-08-31 14:17:09,-35.3632625,149.1652369,0.015,0.023917924612760544,105,40,LAND,False
2026-08-31 14:17:09,-35.3632625,149.1652369,0.015,0.023893488571047783,105,40,LAND,False
2026-08-31 14:17:10,-35.3632625,149.1652369,0.015,0.023955518379807472,105,40,LAND,False
2026-08-31 14:17:10,-35.3632625,149.1652369,0.015,0.023742809891700745,105,40,LAND,False
2026-08-31 14:17:10,-35.3632625,149.1652369,0.015,0.023706460371613503,105,40,LAND,False
2026-08-31 14:17:11,-35.3632625,149.1652369,0.015,0.023771099746227264,105,40,LAND,False
2026-08-31 14:17:11,-35.3632625,149.1652369,0.015,0.023571781814098358,105,40,LAND,False
2026-08-31 14:17:11,-35.3632625,149.1652369,0.015,0.02387278340756893,105,40,LAND,False
2026-08-31 14:17:12,-35.3632625,149.1652369,0.015,0.02372123673558235,105,40,LAND,False
2026-08-31 14:17:12,-35.3632625,149.1652369,0.015,0.023589635267853737,105,40,LAND,False
2026-08-31 14:17:13,-35.3632625,149.1652369,0.015,0.02376689575612545,105,40,LAND,False
2026-08-31 14:17:13,-35.3632625,149.1652369,0.015,0.023649269714951515,105,40,LAND,False
2026-08-31 14:17:13,-35.3632625,149.1652369,0.015,0.02362343668937683,105,40,LAND,False
2026-08-31 14:17:14,-35.3632625,149.1652369,0.015,0.02361467480659485,105,40,LAND,False
2026-08-31 14:17:14,-35.3632625,149.1652369,0.015,0.02353925071656704,105,40,LAND,False
2026-08-31 14:17:15,-35.3632625,149.1652369,0.015,0.023488080129027367,105,40,LAND,False
2026-08-31 14:17:15,-35.3632625,149.1652369,0.015,0.023314455524086952,105,40,LAND,False
2026-08-31 14:17:16,-35.3632625,149.1652369,0.015,0.023456526920199394,105,40,LAND,False
2026-08-31 14:17:16,-35.3632625,149.1652369,0.015,0.02344181388616562,105,40,LAND,False
2026-08-31 14:17:16,-35.3632625,149.1652369,0.015,0.023463981226086617,105,40,LAND,False
2026-08-31 14:17:17,-35.3632625,149.1652369,0.015,0.02368209697306156,105,40,LAND,False
2026-08-31 14:17:17,-35.3632625,149.1652369,0.015,0.023589877411723137,105,40,LAND,False
2026-08-31 14:17:17,-35.3632625,149.1652369,0.015,0.02369956113398075,105,40,LAND,False
2026-08-31 14:17:18,-35.3632625,149.1652369,0.015,0.023944983258843422,105,40,LAND,False
2026-08-31 14:17:18,-35.3632625,149.1652369,0.015,0.023792341351509094,105,40,LAND,False
2026-08-31 14:17:18,-35.3632625,149.1652369,0.015,0.023851046338677406,105,40,LAND,False
2026-08-31 14:17:19,-35.3632625,149.1652369,0.015,0.02379792556166649,105,40,LAND,False
2026-08-31 14:17:19,-35.3632625,149.1652369,0.015,0.023570984601974487,105,40,LAND,False
2026-08-31 14:17:20,-35.3632625,149.1652369,0.015,0.023800797760486603,105,40,LAND,False
2026-08-31 14:17:20,-35.3632625,149.1652369,0.015,0.023714497685432434,105,40,LAND,False
2026-08-31 14:17:20,-35.3632625,149.1652369,0.015,0.023721864446997643,105,40,LAND,False
2026-08-31 14:17:21,-35.3632625,149.1652369,0.015,0.023977255448698997,105,40,LAND,False
2026-08-31 14:17:21,-35.3632625,149.1652369,0.015,0.023800216615200043,105,40,LAND,False
2026-08-31 14:17:22,-35.3632625,149.1652369,0.015,0.02367253229022026,105,40,LAND,False
2026-08-31 14:17:22,-35.3632625,149.1652369,0.015,0.023706533014774323,105,40,LAND,False
2026-08-31 14:17:23,-35.3632625,149.1652369,0.015,0.023841531947255135,105,40,LAND,False
2026-08-31 14:17:23,-35.3632625,149.1652369,0.015,0.023785864934325218,105,40,LAND,False
2026-08-31 14:17:23,-35.3632625,149.1652369,0.015,0.023687638342380524,105,40,LAND,False
2026-08-31 14:17:24,-35.3632625,149.1652369,0.015,0.0238313190639019,105,40,LAND,False
2026-08-31 14:17:24,-35.3632625,149.1652369,0.015,0.02361578680574894,105,40,LAND,False
2026-08-31 14:17:25,-35.3632625,149.1652369,0.015,0.023721065372228622,105,40,LAND,False
2026-08-31 14:17:25,-35.3632625,149.1652369,0.015,0.023867838084697723,105,40,LAND,False
2026-08-31 14:17:25,-35.3632625,149.1652369,0.015,0.023646622896194458,105,40,LAND,False
2026-08-31 14:17:26,-35.3632625,149.1652369,0.015,0.023554256185889244,105,40,LAND,False
2026-08-31 14:17:26,-35.3632625,149.1652369,0.015,0.023494558408856392,105,40,LAND,False
2026-08-31 14:17:27,-35.3632625,149.1652369,0.015,0.023655198514461517,105,40,LAND,False
2026-08-31 14:17:27,-35.3632625,149.1652369,0.015,0.02343439869582653,105,40,LAND,False
2026-08-31 14:17:27,-35.3632625,149.1652369,0.015,0.02335727959871292,105,40,LAND,False
2026-08-31 14:17:28,-35.3632625,149.1652369,0.015,0.023566491901874542,105,40,LAND,False
2026-08-31 14:17:28,-35.3632625,149.1652369,0.015,0.023436201736330986,105,40,LAND,False
2026-08-31 14:17:29,-35.3632625,149.1652369,0.015,0.023501556366682053,105,40,LAND,False
2026-08-31 14:17:29,-35.3632625,149.1652369,0.015,0.02343169040977955,105,40,LAND,False
2026-08-31 14:17:29,-35.3632625,149.1652369,0.015,0.02343890629708767,105,40,LAND,False
2026-08-31 14:17:30,-35.3632625,149.1652369,0.015,0.0236708614975214,105,40,LAND,False
2026-08-31 14:17:30,-35.3632625,149.1652369,0.015,0.023599058389663696,105,40,LAND,False
2026-08-31 14:17:31,-35.3632625,149.1652369,0.015,0.02356117032468319,105,40,LAND,False
2026-08-31 14:17:31,-35.3632625,149.1652369,0.015,0.02351214736700058,105,40,LAND,False
2026-08-31 14:17:31,-35.3632625,149.1652369,0.015,0.023507986217737198,105,40,LAND,False
2026-08-31 14:17:32,-35.3632625,149.1652369,0.015,0.02367694489657879,105,40,LAND,False
2026-08-31 14:17:32,-35.3632625,149.1652369,0.015,0.023485815152525902,105,40,LAND,False
2026-08-31 14:17:32,-35.3632625,149.1652369,0.015,0.023489827290177345,105,40,LAND,False
2026-08-31 14:17:33,-35.3632625,149.1652369,0.015,0.0236701387912035,105,40,LAND,False
2026-08-31 14:17:33,-35.3632625,149.1652369,0.015,0.023659493774175644,105,40,LAND,False
2026-08-31 14:17:34,-35.3632625,149.1652369,0.015,0.02411596290767193,105,40,LAND,False
2026-08-31 14:17:34,-35.3632625,149.1652369,0.015,0.024062419310212135,105,40,LAND,False
2026-08-31 14:17:34,-35.3632625,149.1652369,0.015,0.024296538904309273,105,40,LAND,False
2026-08-31 14:17:35,-35.3632625,149.1652369,0.015,0.024240288883447647,105,40,LAND,False
2026-08-31 14:17:35,-35.3632625,149.1652369,0.015,0.02389075793325901,105,40,LAND,False
2026-08-31 14:17:35,-35.3632625,149.1652369,0.015,0.023991692811250687,105,40,LAND,False
2026-08-31 14:17:36,-35.3632625,149.1652369,0.015,0.023614097386598587,105,40,LAND,False
2026-08-31 14:17:36,-35.3632625,149.1652369,0.015,0.02344617061316967,105,40,LAND,False
2026-08-31 14:17:37,-35.3632625,149.1652369,0.015,0.023433106020092964,105,40,LAND,False
2026-08-31 14:17:37,-35.3632625,149.1652369,0.015,0.02332785166800022,105,40,LAND,False
2026-08-31 14:17:37,-35.3632625,149.1652369,0.015,0.02364252135157585,105,40,LAND,False
2026-08-31 14:17:38,-35.3632625,149.1652369,0.015,0.023495998233556747,105,40,LAND,False
2026-08-31 14:17:38,-35.3632625,149.1652369,0.015,0.023628251627087593,105,40,LAND,False
2026-08-31 14:17:39,-35.3632625,149.1652369,0.015,0.02382028102874756,105,40,LAND,False
2026-08-31 14:17:39,-35.3632625,149.1652369,0.015,0.023574016988277435,105,40,LAND,False
2026-08-31 14:17:39,-35.3632625,149.1652369,0.014,0.023594727739691734,105,40,LAND,False
2026-08-31 14:17:40,-35.3632625,149.1652369,0.014,0.02360587753355503,105,40,LAND,False
2026-08-31 14:17:40,-35.3632625,149.1652369,0.014,0.02340596355497837,105,40,LAND,False
2026-08-31 14:17:41,-35.3632625,149.1652369,0.014,0.023561112582683563,105,40,LAND,False
2026-08-31 14:17:41,-35.3632625,149.1652369,0.014,0.023531848564743996,105,40,LAND,False
2026-08-31 14:17:42,-35.3632625,149.1652369,0.014,0.0231229979544878,105,40,LAND,False
2026-08-31 14:17:42,-35.3632625,149.1652369,0.014,0.022920697927474976,105,40,LAND,False
2026-08-31 14:17:42,-35.3632625,149.1652369,0.014,0.022247551009058952,105,40,LAND,False
2026-08-31 14:17:43,-35.3632625,149.1652369,0.014,0.022177720442414284,105,40,LAND,False
2026-08-31 14:17:43,-35.3632625,149.1652369,0.014,0.02140185423195362,105,40,LAND,False
2026-08-31 14:17:43,-35.3632625,149.1652369,0.014,0.0211626123636961,105,40,LAND,False
2026-08-31 14:17:44,-35.3632625,149.1652369,0.014,0.020413151010870934,105,40,LAND,False
2026-08-31 14:17:44,-35.3632625,149.1652369,0.015,0.019884800538420677,105,40,LAND,False
2026-08-31 14:17:45,-35.3632625,149.1652369,0.015,0.019201433286070824,105,40,LAND,False
2026-08-31 14:17:45,-35.3632625,149.1652369,0.015,0.01861022785305977,105,40,LAND,False
2026-08-31 14:17:45,-35.3632625,149.1652369,0.015,0.017599068582057953,105,40,LAND,False
2026-08-31 14:17:46,-35.3632625,149.1652369,0.015,0.017184142023324966,105,40,LAND,False
2026-08-31 14:17:46,-35.3632625,149.1652369,0.015,0.015418113209307194,105,40,LAND,False
2026-08-31 14:17:47,-35.3632625,149.1652369,0.015,0.014845370315015316,105,40,LAND,False
2026-08-31 14:17:47,-35.3632625,149.1652369,0.015,0.013405772857367992,105,40,LAND,False
2026-08-31 14:17:47,-35.3632625,149.1652369,0.015,0.012869169004261494,105,40,LAND,False
2026-08-31 14:17:48,-35.3632625,149.1652369,0.015,0.011714802123606205,105,40,LAND,False
2026-08-31 14:17:48,-35.3632625,149.1652369,0.015,0.011141562834382057,105,40,LAND,False
2026-08-31 14:17:48,-35.3632625,149.1652369,0.015,0.010111529380083084,105,40,LAND,False
2026-08-31 14:17:49,-35.3632625,149.1652369,0.015,0.009539944119751453,105,40,LAND,False
2026-08-31 14:17:49,-35.3632625,149.1652369,0.015,0.00831414945423603,105,40,LAND,False
2026-08-31 14:17:50,-35.3632625,149.1652369,0.015,0.0077788205817341805,105,40,LAND,False
2026-08-31 14:17:50,-35.3632625,149.1652369,0.015,0.006650613620877266,105,40,LAND,False
2026-08-31 14:17:50,-35.3632625,149.1652369,0.015,0.006108634639531374,105,40,LAND,False
2026-08-31 14:17:51,-35.3632625,149.1652369,0.015,0.005181707441806793,105,40,LAND,False
2026-08-31 14:17:52,-35.3632625,149.1652369,0.015,0.0037179305218160152,105,40,LAND,False
2026-08-31 14:17:52,-35.3632625,149.1652369,0.015,0.0031918068416416645,105,40,LAND,False
2026-08-31 14:17:52,-35.3632625,149.1652369,0.015,0.0031918068416416645,105,40,LAND,False
2026-08-31 14:17:53,-35.3632625,149.1652369,0.015,0.0018068320350721478,105,40,LAND,False
2026-08-31 14:17:53,-35.3632625,149.1652369,0.015,0.0012942096218466759,105,40,LAND,False
2026-08-31 14:17:53,-35.3632625,149.1652369,0.015,0.00037680170498788357,105,40,LAND,False
2026-08-31 14:17:54,-35.3632625,149.1652369,0.015,0.00019329764472786337,105,40,LAND,False
2026-08-31 14:17:54,-35.3632625,149.1652369,0.015,0.0010113692842423916,105,40,LAND,False
2026-08-31 14:17:54,-35.3632625,149.1652369,0.015,0.0013326879125088453,105,40,LAND,False
2026-08-31 14:17:55,-35.3632625,149.165237,0.015,0.0019518586341291666,105,40,LAND,False
2026-08-31 14:17:55,-35.3632625,149.165237,0.015,0.0023473992478102446,105,40,LAND,False
2026-08-31 14:17:56,-35.3632625,149.165237,0.015,0.0033803905826061964,105,40,LAND,False
2026-08-31 14:17:56,-35.3632625,149.165237,0.015,0.003757612546905875,105,40,LAND,False
2026-08-31 14:17:56,-35.3632625,149.165237,0.015,0.004493167158216238,105,40,LAND,False
2026-08-31 14:17:57,-35.3632625,149.165237,0.015,0.004802494775503874,105,40,LAND,False
2026-08-31 14:17:57,-35.3632625,149.165237,0.015,0.005438914056867361,105,40,LAND,False
2026-08-31 14:17:58,-35.3632625,149.165237,0.015,0.0057115573436021805,104,40,LAND,False
2026-08-31 14:17:58,-35.3632625,149.165237,0.015,0.006172157358378172,104,40,LAND,False
2026-08-31 14:17:58,-35.3632625,149.165237,0.015,0.006439198739826679,104,40,LAND,False
2026-08-31 14:17:59,-35.3632625,149.165237,0.015,0.0069746412336826324,104,40,LAND,False
2026-08-31 14:17:59,-35.3632625,149.165237,0.015,0.0071968152187764645,104,40,LAND,False
2026-08-31 14:18:00,-35.3632625,149.165237,0.015,0.007707579992711544,104,40,LAND,False
2026-08-31 14:18:00,-35.3632625,149.165237,0.015,0.007994457148015499,104,40,LAND,False
2026-08-31 14:18:00,-35.3632625,149.165237,0.015,0.00836129393428564,104,40,LAND,False
2026-08-31 14:18:01,-35.3632625,149.165237,0.015,0.008631936274468899,104,40,LAND,False
2026-08-31 14:18:01,-35.3632625,149.165237,0.015,0.009040960110723972,104,40,LAND,False
2026-08-31 14:18:02,-35.3632625,149.165237,0.015,0.009869750589132309,104,40,LAND,False
2026-08-31 14:18:02,-35.3632625,149.165237,0.015,0.010088539682328701,104,40,LAND,False
2026-08-31 14:18:02,-35.3632625,149.165237,0.015,0.010252729058265686,104,40,LAND,False
2026-08-31 14:18:03,-35.3632625,149.165237,0.015,0.010595248080790043,104,40,LAND,False
2026-08-31 14:18:03,-35.3632625,149.165237,0.015,0.010874574072659016,104,40,LAND,False
2026-08-31 14:18:04,-35.3632625,149.165237,0.015,0.011485956609249115,104,40,LAND,False
2026-08-31 14:18:04,-35.3632625,149.165237,0.015,0.011766348965466022,104,40,LAND,False
2026-08-31 14:18:04,-35.3632625,149.165237,0.015,0.012255378998816013,104,40,LAND,False
2026-08-31 14:18:05,-35.3632625,149.165237,0.015,0.012501037679612637,104,40,LAND,False
2026-08-31 14:18:05,-35.3632625,149.165237,0.015,0.013083519414067268,104,40,LAND,False
2026-08-31 14:18:06,-35.3632625,149.165237,0.015,0.013399994932115078,104,40,LAND,False
2026-08-31 14:18:06,-35.3632625,149.165237,0.015,0.013731655664741993,104,40,LAND,False
2026-08-31 14:18:06,-35.3632625,149.1652371,0.015,0.013885960914194584,104,40,LAND,False
2026-08-31 14:18:07,-35.3632625,149.1652371,0.015,0.01416732370853424,104,40,LAND,False
2026-08-31 14:18:07,-35.3632625,149.1652371,0.015,0.01422946434468031,104,40,LAND,False
2026-08-31 14:18:08,-35.3632625,149.1652371,0.015,0.014581157825887203,104,40,LAND,False
2026-08-31 14:18:08,-35.3632625,149.1652371,0.015,0.01469634659588337,104,40,LAND,False
2026-08-31 14:18:08,-35.3632625,149.1652371,0.015,0.014932737685739994,104,40,LAND,False
2026-08-31 14:18:09,-35.3632625,149.1652371,0.015,0.015190514735877514,104,40,LAND,False
2026-08-31 14:18:09,-35.3632625,149.1652371,0.015,0.015483327209949493,104,40,LAND,False
2026-08-31 14:18:10,-35.3632625,149.1652371,0.015,0.015700597316026688,104,40,LAND,False
2026-08-31 14:18:10,-35.3632625,149.1652371,0.015,0.016146156936883926,104,40,LAND,False
2026-08-31 14:18:10,-35.3632625,149.1652371,0.015,0.016244418919086456,104,40,LAND,False
2026-08-31 14:18:11,-35.3632625,149.1652371,0.015,0.01656118780374527,104,40,LAND,False
2026-08-31 14:18:11,-35.3632625,149.1652371,0.015,0.01658433862030506,104,40,LAND,False
2026-08-31 14:18:11,-35.3632625,149.1652371,0.015,0.016906172037124634,104,40,LAND,False
2026-08-31 14:18:12,-35.3632625,149.1652371,0.015,0.017100350931286812,104,40,LAND,False
2026-08-31 14:18:12,-35.3632625,149.1652371,0.015,0.017095686867833138,104,40,LAND,False
2026-08-31 14:18:13,-35.3632625,149.1652371,0.015,0.017352713271975517,104,40,LAND,False
2026-08-31 14:18:13,-35.3632625,149.1652371,0.015,0.017526540905237198,104,40,LAND,False
2026-08-31 14:18:13,-35.3632625,149.1652371,0.015,0.01761467754840851,104,40,LAND,False
2026-08-31 14:18:14,-35.3632625,149.1652371,0.015,0.017732733860611916,104,40,LAND,False
2026-08-31 14:18:14,-35.3632625,149.1652371,0.015,0.017801696434617043,104,40,LAND,False
2026-08-31 14:18:15,-35.3632625,149.1652371,0.015,0.018188785761594772,104,40,LAND,False
2026-08-31 14:18:15,-35.3632625,149.1652371,0.015,0.01806689240038395,104,40,LAND,False
2026-08-31 14:18:15,-35.3632625,149.1652371,0.015,0.018434716388583183,104,40,LAND,False
2026-08-31 14:18:16,-35.3632625,149.1652371,0.015,0.018570909276604652,104,40,LAND,False
2026-08-31 14:18:16,-35.3632625,149.1652371,0.015,0.018708758056163788,104,40,LAND,False
2026-08-31 14:18:17,-35.3632625,149.1652371,0.015,0.018937017768621445,104,40,LAND,False
2026-08-31 14:18:17,-35.3632625,149.1652371,0.015,0.01902514137327671,104,40,LAND,False
2026-08-31 14:18:17,-35.3632625,149.1652371,0.015,0.019101280719041824,104,40,LAND,False
2026-08-31 14:18:18,-35.3632625,149.1652371,0.015,0.019113963469862938,104,40,LAND,False
2026-08-31 14:18:18,-35.3632625,149.1652371,0.015,0.019156360998749733,104,40,LAND,False
2026-08-31 14:18:19,-35.3632625,149.1652371,0.015,0.01947925239801407,104,40,LAND,False
2026-08-31 14:18:19,-35.3632625,149.1652371,0.015,0.019457541406154633,104,40,LAND,False
2026-08-31 14:18:20,-35.3632625,149.1652371,0.015,0.019692836329340935,104,40,LAND,False
2026-08-31 14:18:20,-35.3632625,149.1652371,0.015,0.019692836329340935,104,40,LAND,False
2026-08-31 14:18:20,-35.3632625,149.1652371,0.015,0.019812224432826042,104,40,LAND,False
2026-08-31 14:18:21,-35.3632625,149.1652371,0.015,0.019935565069317818,104,40,LAND,False
2026-08-31 14:18:21,-35.3632625,149.1652371,0.015,0.019935565069317818,104,40,LAND,False
2026-08-31 14:18:21,-35.3632625,149.1652371,0.015,0.02000543102622032,104,40,LAND,False
2026-08-31 14:18:21,-35.3632625,149.1652371,0.015,0.020095547661185265,104,40,LAND,False
2026-08-31 14:18:22,-35.3632625,149.1652371,0.015,0.0203993059694767,104,40,LAND,False
2026-08-31 14:18:22,-35.3632625,149.1652371,0.015,0.020348893478512764,104,40,LAND,False
2026-08-31 14:18:23,-35.3632625,149.1652371,0.015,0.020525939762592316,104,40,LAND,False
2026-08-31 14:18:23,-35.3632625,149.1652371,0.015,0.020630717277526855,104,40,LAND,False
2026-08-31 14:18:23,-35.3632625,149.1652371,0.015,0.020713815465569496,104,40,LAND,False
2026-08-31 14:18:24,-35.3632625,149.1652371,0.015,0.02051129750907421,104,40,LAND,False
2026-08-31 14:18:24,-35.3632625,149.1652371,0.015,0.02050618827342987,104,40,LAND,False
2026-08-31 14:18:25,-35.3632625,149.1652371,0.015,0.020772337913513184,104,40,LAND,False
2026-08-31 14:18:25,-35.3632625,149.1652371,0.015,0.02091043069958687,104,40,LAND,False
2026-08-31 14:18:25,-35.3632625,149.1652371,0.015,0.020925205200910568,104,40,LAND,False
2026-08-31 14:18:26,-35.3632625,149.1652371,0.015,0.021126991137862206,104,40,LAND,False
2026-08-31 14:18:26,-35.3632625,149.1652371,0.015,0.021063780412077904,104,40,LAND,False
2026-08-31 14:18:27,-35.3632625,149.1652371,0.015,0.021329060196876526,104,40,LAND,False
2026-08-31 14:18:27,-35.3632625,149.1652371,0.015,0.021274367347359657,104,40,LAND,False
2026-08-31 14:18:27,-35.3632625,149.1652371,0.015,0.021160706877708435,104,40,LAND,False
2026-08-31 14:18:28,-35.3632625,149.1652371,0.015,0.02137267217040062,104,40,LAND,False
2026-08-31 14:18:28,-35.3632625,149.1652371,0.015,0.02140599861741066,104,40,LAND,False
2026-08-31 14:18:28,-35.3632625,149.1652371,0.015,0.02130637690424919,104,40,LAND,False
2026-08-31 14:18:29,-35.3632625,149.1652371,0.015,0.021402308717370033,103,40,LAND,False
2026-08-31 14:18:29,-35.3632625,149.1652371,0.015,0.021417144685983658,103,40,LAND,False
2026-08-31 14:18:30,-35.3632625,149.1652371,0.015,0.021661868318915367,103,40,LAND,False
2026-08-31 14:18:30,-35.3632625,149.1652371,0.015,0.021663540974259377,103,40,LAND,False
2026-08-31 14:18:31,-35.3632625,149.1652371,0.015,0.02192125841975212,103,40,LAND,False
2026-08-31 14:18:31,-35.3632625,149.1652371,0.015,0.021841170266270638,103,40,LAND,False
2026-08-31 14:18:31,-35.3632625,149.1652371,0.015,0.0217809546738863,103,40,LAND,False
2026-08-31 14:18:32,-35.3632625,149.1652371,0.015,0.02193191647529602,103,40,LAND,False
2026-08-31 14:18:32,-35.3632625,149.1652371,0.015,0.021675417199730873,103,40,LAND,False
2026-08-31 14:18:32,-35.3632625,149.1652371,0.015,0.021738940849900246,103,40,LAND,False
2026-08-31 14:18:33,-35.3632625,149.1652371,0.015,0.021676868200302124,103,40,LAND,False
2026-08-31 14:18:33,-35.3632625,149.1652371,0.015,0.021558290347456932,103,40,LAND,False
2026-08-31 14:18:34,-35.3632625,149.1652371,0.015,0.02184321917593479,103,40,LAND,False
2026-08-31 14:18:34,-35.3632625,149.1652371,0.015,0.02179916389286518,103,40,LAND,False
2026-08-31 14:18:35,-35.3632625,149.1652371,0.015,0.021930409595370293,103,40,LAND,False
2026-08-31 14:18:35,-35.3632625,149.1652371,0.015,0.021845052018761635,103,40,LAND,False
2026-08-31 14:18:35,-35.3632625,149.1652371,0.015,0.021923856809735298,103,40,LAND,False
2026-08-31 14:18:36,-35.3632625,149.1652371,0.015,0.022122586145997047,103,40,LAND,False
2026-08-31 14:18:36,-35.3632625,149.1652371,0.015,0.021942822262644768,103,40,LAND,False
2026-08-31 14:18:36,-35.3632625,149.1652371,0.015,0.022113136947155,103,40,LAND,False
2026-08-31 14:18:37,-35.3632625,149.1652371,0.015,0.022471154108643532,103,40,LAND,False
2026-08-31 14:18:37,-35.3632625,149.1652371,0.015,0.02244667336344719,103,40,LAND,False
2026-08-31 14:18:38,-35.3632625,149.1652371,0.015,0.022736934944987297,103,40,LAND,False
2026-08-31 14:18:38,-35.3632625,149.1652371,0.015,0.02272518165409565,103,40,LAND,False
2026-08-31 14:18:39,-35.3632625,149.1652371,0.015,0.022831905633211136,103,40,LAND,False
2026-08-31 14:18:39,-35.3632625,149.1652371,0.015,0.02275427058339119,103,40,LAND,False
2026-08-31 14:18:39,-35.3632625,149.1652371,0.015,0.022724969312548637,103,40,LAND,False
2026-08-31 14:18:40,-35.3632625,149.1652371,0.015,0.02296500653028488,103,40,LAND,False
2026-08-31 14:18:40,-35.3632625,149.1652371,0.015,0.0227862149477005,103,40,LAND,False
2026-08-31 14:18:40,-35.3632625,149.1652371,0.015,0.02283315174281597,103,40,LAND,False
2026-08-31 14:18:41,-35.3632625,149.1652371,0.015,0.023050688207149506,103,40,LAND,False
2026-08-31 14:18:41,-35.3632625,149.1652371,0.015,0.022975929081439972,103,40,LAND,False
2026-08-31 14:18:42,-35.3632625,149.1652371,0.015,0.02317841537296772,103,40,LAND,False
2026-08-31 14:18:42,-35.3632625,149.1652371,0.015,0.02304309606552124,103,40,LAND,False
2026-08-31 14:18:42,-35.3632625,149.1652371,0.015,0.023131724447011948,103,40,LAND,False
2026-08-31 14:18:43,-35.3632625,149.1652371,0.015,0.02306298539042473,103,40,LAND,False
2026-08-31 14:18:43,-35.3632625,149.1652371,0.015,0.02294311486184597,103,40,LAND,False
2026-08-31 14:18:44,-35.3632625,149.1652371,0.015,0.023139290511608124,103,40,LAND,False
2026-08-31 14:18:44,-35.3632625,149.1652371,0.015,0.022957071661949158,103,40,LAND,False
2026-08-31 14:18:44,-35.3632625,149.1652371,0.015,0.023037150502204895,103,40,LAND,False
2026-08-31 14:18:45,-35.3632625,149.1652371,0.015,0.022982357069849968,103,40,LAND,False
2026-08-31 14:18:45,-35.3632625,149.1652371,0.015,0.02301994524896145,103,40,LAND,False
2026-08-31 14:18:46,-35.3632625,149.1652371,0.015,0.023375866934657097,103,40,LAND,False
2026-08-31 14:18:46,-35.3632625,149.1652371,0.015,0.02331414259970188,103,40,LAND,False
2026-08-31 14:18:46,-35.3632625,149.1652371,0.015,0.023204367607831955,103,40,LAND,False
2026-08-31 14:18:47,-35.3632625,149.1652371,0.015,0.023325001820921898,103,40,LAND,False
2026-08-31 14:18:47,-35.3632625,149.1652371,0.015,0.023119254037737846,103,40,LAND,False
2026-08-31 14:18:47,-35.3632625,149.1652371,0.015,0.023090718314051628,103,40,LAND,False
2026-08-31 14:18:48,-35.3632625,149.1652371,0.015,0.023248549550771713,103,40,LAND,False
2026-08-31 14:18:48,-35.3632625,149.1652371,0.015,0.023128913715481758,103,40,LAND,False
2026-08-31 14:18:49,-35.3632625,149.1652371,0.015,0.023349521681666374,103,40,LAND,False
2026-08-31 14:18:49,-35.3632625,149.1652371,0.015,0.023338552564382553,103,40,LAND,False
2026-08-31 14:18:49,-35.3632625,149.1652371,0.015,0.02324051968753338,103,40,LAND,False
2026-08-31 14:18:50,-35.3632625,149.1652371,0.015,0.023063473403453827,103,40,LAND,False
2026-08-31 14:18:50,-35.3632625,149.1652371,0.015,0.023015612736344337,103,40,LAND,False
2026-08-31 14:18:51,-35.3632625,149.1652371,0.015,0.02315913699567318,103,40,LAND,False
2026-08-31 14:18:51,-35.3632625,149.1652371,0.015,0.02306309901177883,103,40,LAND,False
2026-08-31 14:18:51,-35.3632625,149.1652371,0.015,0.023271219804883003,103,40,LAND,False
2026-08-31 14:18:52,-35.3632625,149.1652371,0.015,0.02351200208067894,103,40,LAND,False
2026-08-31 14:18:52,-35.3632625,149.1652371,0.015,0.023349812254309654,103,40,LAND,False
2026-08-31 14:18:53,-35.3632625,149.1652371,0.015,0.023483509197831154,103,40,LAND,False
2026-08-31 14:18:53,-35.3632625,149.1652371,0.015,0.023459596559405327,103,40,LAND,False
2026-08-31 14:18:54,-35.3632625,149.1652371,0.015,0.02336631342768669,103,40,LAND,False
2026-08-31 14:18:54,-35.3632625,149.1652371,0.015,0.02336631342768669,103,40,LAND,False
2026-08-31 14:18:54,-35.3632625,149.1652371,0.015,0.023261653259396553,103,40,LAND,False
2026-08-31 14:18:55,-35.3632625,149.1652371,0.015,0.023371610790491104,103,40,LAND,False
2026-08-31 14:18:55,-35.3632625,149.1652371,0.015,0.023136844858527184,103,40,LAND,False
2026-08-31 14:18:55,-35.3632625,149.1652371,0.015,0.023212041705846786,103,40,LAND,False
2026-08-31 14:18:56,-35.3632625,149.1652371,0.015,0.023319847881793976,103,40,LAND,False
2026-08-31 14:18:56,-35.3632625,149.1652371,0.015,0.02319175936281681,103,40,LAND,False
2026-08-31 14:18:57,-35.3632625,149.1652371,0.015,0.023359008133411407,103,40,LAND,False
2026-08-31 14:18:57,-35.3632625,149.1652371,0.015,0.023215213790535927,103,40,LAND,False
2026-08-31 14:18:57,-35.3632625,149.1652371,0.015,0.023401858285069466,103,40,LAND,False
2026-08-31 14:18:58,-35.3632625,149.1652371,0.015,0.023561930283904076,103,40,LAND,False
2026-08-31 14:18:58,-35.3632625,149.1652371,0.015,0.02327733486890793,103,40,LAND,False
2026-08-31 14:18:59,-35.3632625,149.1652371,0.015,0.0233145859092474,103,40,LAND,False
2026-08-31 14:18:59,-35.3632625,149.1652371,0.015,0.023632291704416275,103,40,LAND,False
2026-08-31 14:18:59,-35.3632625,149.1652371,0.015,0.023531870916485786,103,40,LAND,False
2026-08-31 14:19:00,-35.3632625,149.1652371,0.015,0.023524034768342972,103,40,LAND,False
2026-08-31 14:19:00,-35.3632625,149.1652371,0.015,0.023446854203939438,103,40,LAND,False
2026-08-31 14:19:00,-35.3632625,149.1652371,0.015,0.023590272292494774,103,40,LAND,False
2026-08-31 14:19:01,-35.3632625,149.1652371,0.015,0.02341155707836151,103,40,LAND,False
2026-08-31 14:19:01,-35.3632625,149.1652371,0.015,0.02326381579041481,103,40,LAND,False
2026-08-31 14:19:02,-35.3632625,149.1652371,0.015,0.02346048690378666,103,40,LAND,False
2026-08-31 14:19:02,-35.3632625,149.1652371,0.015,0.023435106500983238,103,40,LAND,False
2026-08-31 14:19:02,-35.3632625,149.1652371,0.015,0.023420562967658043,103,40,LAND,False
2026-08-31 14:19:03,-35.3632625,149.1652371,0.015,0.023663701489567757,103,40,LAND,False
2026-08-31 14:19:03,-35.3632625,149.1652371,0.015,0.023499546572566032,103,40,LAND,False
2026-08-31 14:19:03,-35.3632625,149.1652371,0.015,0.02363722398877144,103,40,LAND,False
2026-08-31 14:19:04,-35.3632625,149.1652371,0.015,0.023667585104703903,103,40,LAND,False
2026-08-31 14:19:04,-35.3632625,149.1652371,0.015,0.023638401180505753,103,40,LAND,False
2026-08-31 14:19:05,-35.3632625,149.1652371,0.015,0.02383369766175747,103,40,LAND,False
2026-08-31 14:19:05,-35.3632625,149.1652371,0.015,0.02374161407351494,103,40,LAND,False
2026-08-31 14:19:05,-35.3632625,149.1652371,0.015,0.023524748161435127,103,40,LAND,False
2026-08-31 14:19:06,-35.3632625,149.1652371,0.015,0.023674383759498596,103,40,LAND,False
2026-08-31 14:19:06,-35.3632625,149.1652371,0.015,0.02370215207338333,103,40,LAND,False
2026-08-31 14:19:07,-35.3632625,149.1652371,0.015,0.024085385724902153,103,40,LAND,False
2026-08-31 14:19:07,-35.3632625,149.1652371,0.015,0.024058450013399124,103,40,LAND,False
2026-08-31 14:19:07,-35.3632625,149.1652371,0.015,0.023836273699998856,103,40,LAND,False
2026-08-31 14:19:08,-35.3632625,149.1652371,0.015,0.023965632542967796,103,40,LAND,False
2026-08-31 14:19:08,-35.3632625,149.1652371,0.015,0.02384199947118759,103,40,LAND,False
2026-08-31 14:19:09,-35.3632625,149.1652371,0.015,0.023921823129057884,103,40,LAND,False
2026-08-31 14:19:09,-35.3632625,149.1652371,0.015,0.024075496941804886,103,40,LAND,False
2026-08-31 14:19:10,-35.3632625,149.1652371,0.015,0.0239064022898674,103,40,LAND,False
2026-08-31 14:19:10,-35.3632625,149.1652371,0.015,0.023785099387168884,102,40,LAND,False
2026-08-31 14:19:10,-35.3632625,149.1652371,0.015,0.0236807968467474,102,40,LAND,False
2026-08-31 14:19:11,-35.3632625,149.1652371,0.015,0.02406507544219494,102,40,LAND,False
2026-08-31 14:19:11,-35.3632625,149.1652371,0.015,0.024014359340071678,102,40,LAND,False
2026-08-31 14:19:12,-35.3632625,149.1652371,0.015,0.02390652522444725,102,40,LAND,False
2026-08-31 14:19:12,-35.3632625,149.1652371,0.015,0.024066923186182976,102,40,LAND,False
2026-08-31 14:19:12,-35.3632625,149.1652371,0.015,0.023869045078754425,102,40,LAND,False
2026-08-31 14:19:13,-35.3632625,149.1652371,0.015,0.02394609898328781,102,40,LAND,False
2026-08-31 14:19:13,-35.3632625,149.1652371,0.015,0.023719290271401405,102,40,LAND,False
2026-08-31 14:19:14,-35.3632625,149.1652371,0.015,0.023696044459939003,102,40,LAND,False
2026-08-31 14:19:14,-35.3632625,149.1652371,0.015,0.023597929626703262,102,40,LAND,False
2026-08-31 14:19:14,-35.3632625,149.1652371,0.015,0.023627987131476402,102,40,LAND,False
2026-08-31 14:19:15,-35.3632625,149.1652371,0.015,0.02373824082314968,102,40,LAND,False
2026-08-31 14:19:15,-35.3632625,149.1652371,0.015,0.023604480549693108,102,40,LAND,False
2026-08-31 14:19:16,-35.3632625,149.1652371,0.015,0.0237383171916008,102,40,LAND,False
2026-08-31 14:19:16,-35.3632625,149.1652371,0.015,0.023679403588175774,102,40,LAND,False
2026-08-31 14:19:16,-35.3632625,149.1652371,0.015,0.023553797975182533,102,40,LAND,False
2026-08-31 14:19:17,-35.3632625,149.1652371,0.015,0.0238117016851902,102,40,LAND,False
2026-08-31 14:19:17,-35.3632625,149.1652371,0.015,0.02353455312550068,102,40,LAND,False
2026-08-31 14:19:18,-35.3632625,149.1652371,0.015,0.02356601692736149,102,40,LAND,False
2026-08-31 14:19:18,-35.3632625,149.1652371,0.015,0.02349916845560074,102,40,LAND,False
2026-08-31 14:19:18,-35.3632625,149.1652371,0.015,0.023579047992825508,102,40,LAND,False
2026-08-31 14:19:19,-35.3632625,149.1652371,0.015,0.023602401837706566,102,40,LAND,False
2026-08-31 14:19:19,-35.3632625,149.1652371,0.015,0.023467037826776505,102,40,LAND,False
2026-08-31 14:19:19,-35.3632625,149.1652371,0.015,0.023559752851724625,102,40,LAND,False
2026-08-31 14:19:20,-35.3632625,149.1652371,0.015,0.02351422794163227,102,40,LAND,False
2026-08-31 14:19:20,-35.3632625,149.1652371,0.015,0.0231182761490345,102,40,LAND,False
2026-08-31 14:19:21,-35.3632625,149.1652371,0.015,0.02328481152653694,102,40,LAND,False
2026-08-31 14:19:21,-35.3632625,149.1652371,0.015,0.023090779781341553,102,40,LAND,False
2026-08-31 14:19:21,-35.3632625,149.1652371,0.015,0.023114962503314018,102,40,LAND,False
2026-08-31 14:19:22,-35.3632625,149.1652371,0.015,0.02317919209599495,102,40,LAND,False
2026-08-31 14:19:22,-35.3632625,149.1652371,0.015,0.023093223571777344,102,40,LAND,False
2026-08-31 14:19:23,-35.3632625,149.1652371,0.015,0.023385977372527122,102,40,LAND,False
2026-08-31 14:19:23,-35.3632625,149.1652371,0.015,0.023383812978863716,102,40,LAND,False
2026-08-31 14:19:23,-35.3632625,149.1652371,0.015,0.02317379042506218,102,40,LAND,False
2026-08-31 14:19:24,-35.3632625,149.1652371,0.015,0.023295674473047256,102,40,LAND,False
2026-08-31 14:19:24,-35.3632625,149.1652371,0.015,0.023109158501029015,102,40,LAND,False
2026-08-31 14:19:24,-35.3632625,149.1652371,0.015,0.02315496653318405,102,40,LAND,False
2026-08-31 14:19:25,-35.3632625,149.1652371,0.015,0.02340535819530487,102,40,LAND,False
2026-08-31 14:19:25,-35.3632625,149.1652371,0.015,0.023300930857658386,102,40,LAND,False
2026-08-31 14:19:26,-35.3632625,149.1652371,0.015,0.023440679535269737,102,40,LAND,False
2026-08-31 14:19:26,-35.3632625,149.1652371,0.015,0.0234464630484581,102,40,LAND,False
2026-08-31 14:19:26,-35.3632625,149.1652371,0.015,0.023476622998714447,102,40,LAND,False
2026-08-31 14:19:27,-35.3632625,149.1652371,0.015,0.02336079813539982,102,40,LAND,False
2026-08-31 14:19:27,-35.3632625,149.1652371,0.015,0.023417005315423012,102,40,LAND,False
2026-08-31 14:19:27,-35.3632625,149.1652371,0.015,0.023450283333659172,102,40,LAND,False
2026-08-31 14:19:28,-35.3632625,149.1652371,0.015,0.023545732721686363,102,40,LAND,False
2026-08-31 14:19:28,-35.3632625,149.1652371,0.015,0.023378537967801094,102,40,LAND,False
2026-08-31 14:19:29,-35.3632625,149.1652371,0.015,0.023765554651618004,102,40,LAND,False
2026-08-31 14:19:29,-35.3632625,149.1652371,0.015,0.023699067533016205,102,40,LAND,False
2026-08-31 14:19:29,-35.3632625,149.1652371,0.015,0.023894110694527626,102,40,LAND,False
2026-08-31 14:19:30,-35.3632625,149.1652371,0.015,0.02392416261136532,102,40,LAND,False
2026-08-31 14:19:30,-35.3632625,149.1652371,0.015,0.023716993629932404,102,40,LAND,False
2026-08-31 14:19:31,-35.3632625,149.1652371,0.015,0.023980403319001198,102,40,LAND,False
2026-08-31 14:19:31,-35.3632625,149.1652371,0.015,0.02379012107849121,102,40,LAND,False
2026-08-31 14:19:31,-35.3632625,149.1652371,0.015,0.023927588015794754,102,40,LAND,False
2026-08-31 14:19:32,-35.3632625,149.1652371,0.015,0.024132046848535538,102,40,LAND,False
2026-08-31 14:19:32,-35.3632625,149.1652371,0.015,0.024060599505901337,102,40,LAND,False
2026-08-31 14:19:32,-35.3632625,149.1652371,0.015,0.024321045726537704,102,40,LAND,False
2026-08-31 14:19:33,-35.3632625,149.1652371,0.015,0.0242728553712368,102,40,LAND,False
2026-08-31 14:19:33,-35.3632625,149.1652371,0.015,0.024322595447301865,102,40,LAND,False
2026-08-31 14:19:34,-35.3632625,149.1652371,0.015,0.024325251579284668,102,40,LAND,False
2026-08-31 14:19:34,-35.3632625,149.1652371,0.015,0.024108827114105225,102,40,LAND,False
2026-08-31 14:19:34,-35.3632625,149.1652371,0.015,0.024054178968071938,102,40,LAND,False
2026-08-31 14:19:35,-35.3632625,149.1652371,0.015,0.024034466594457626,102,40,LAND,False
2026-08-31 14:19:35,-35.3632625,149.1652371,0.015,0.023896243423223495,102,40,LAND,False
2026-08-31 14:19:36,-35.3632625,149.1652371,0.015,0.024016300216317177,102,40,LAND,False
2026-08-31 14:19:36,-35.3632625,149.1652371,0.015,0.02388942800462246,102,40,LAND,False
2026-08-31 14:19:36,-35.3632625,149.1652371,0.015,0.023785388097167015,102,40,LAND,False
2026-08-31 14:19:37,-35.3632625,149.1652371,0.015,0.023942170664668083,102,40,LAND,False
2026-08-31 14:19:37,-35.3632625,149.1652371,0.015,0.02365260012447834,102,40,LAND,False
2026-08-31 14:19:37,-35.3632625,149.1652371,0.015,0.023644356057047844,102,40,LAND,False
2026-08-31 14:19:38,-35.3632625,149.1652371,0.015,0.02368231862783432,102,40,LAND,False
2026-08-31 14:19:38,-35.3632625,149.1652371,0.015,0.023510301485657692,102,40,LAND,False
2026-08-31 14:19:39,-35.3632625,149.1652371,0.015,0.023704271763563156,102,40,LAND,False
2026-08-31 14:19:39,-35.3632625,149.1652371,0.015,0.023772932589054108,102,40,LAND,False
2026-08-31 14:19:39,-35.3632625,149.1652371,0.015,0.023591438308358192,102,40,LAND,False
2026-08-31 14:19:40,-35.3632625,149.1652371,0.015,0.023687465116381645,102,40,LAND,False
2026-08-31 14:19:40,-35.3632625,149.1652371,0.015,0.02342238277196884,102,40,LAND,False
2026-08-31 14:19:41,-35.3632625,149.1652371,0.015,0.023592304438352585,102,40,LAND,False
2026-08-31 14:19:41,-35.3632625,149.1652371,0.015,0.023485373705625534,102,40,LAND,False
2026-08-31 14:19:41,-35.3632625,149.1652371,0.015,0.02348201908171177,102,40,LAND,False
2026-08-31 14:19:42,-35.3632625,149.1652371,0.015,0.023655245080590248,102,40,LAND,False
2026-08-31 14:19:42,-35.3632625,149.1652371,0.015,0.023838602006435394,102,40,LAND,False
2026-08-31 14:19:42,-35.3632625,149.1652371,0.015,0.023820314556360245,102,40,LAND,False
2026-08-31 14:19:43,-35.3632625,149.1652371,0.015,0.023805612698197365,102,40,LAND,False
2026-08-31 14:19:43,-35.3632625,149.1652371,0.015,0.023801876232028008,102,40,LAND,False
2026-08-31 14:19:44,-35.3632625,149.1652371,0.015,0.024047212675213814,102,40,LAND,False
2026-08-31 14:19:44,-35.3632625,149.1652371,0.015,0.0239811223000288,102,40,LAND,False
2026-08-31 14:19:44,-35.3632625,149.1652371,0.015,0.023883013054728508,102,40,LAND,False
2026-08-31 14:19:45,-35.3632625,149.1652371,0.015,0.023941200226545334,102,40,LAND,False
2026-08-31 14:19:45,-35.3632625,149.1652371,0.015,0.024078479036688805,102,40,LAND,False
2026-08-31 14:19:45,-35.3632625,149.1652371,0.015,0.02411639504134655,102,40,LAND,False
2026-08-31 14:19:46,-35.3632625,149.1652371,0.015,0.023933982476592064,102,40,LAND,False
2026-08-31 14:19:46,-35.3632625,149.1652371,0.015,0.023885438218712807,102,40,LAND,False
2026-08-31 14:19:47,-35.3632625,149.1652371,0.015,0.02405344508588314,102,40,LAND,False
2026-08-31 14:19:47,-35.3632625,149.1652371,0.015,0.023709522560238838,102,40,LAND,False
2026-08-31 14:19:47,-35.3632625,149.1652371,0.015,0.023731401190161705,102,40,LAND,False
2026-08-31 14:19:48,-35.3632625,149.1652371,0.015,0.023930251598358154,102,40,LAND,False
2026-08-31 14:19:48,-35.3632625,149.1652371,0.015,0.02391783334314823,102,40,LAND,False
2026-08-31 14:19:48,-35.3632625,149.1652371,0.015,0.024123836308717728,102,40,LAND,False
2026-08-31 14:19:49,-35.3632625,149.1652371,0.015,0.024052806198596954,102,40,LAND,False
2026-08-31 14:19:49,-35.3632625,149.1652371,0.015,0.023817190900444984,102,40,LAND,False
2026-08-31 14:19:50,-35.3632625,149.1652371,0.015,0.0240229032933712,102,40,LAND,False
2026-08-31 14:19:50,-35.3632625,149.1652371,0.015,0.024017903953790665,102,40,LAND,False
2026-08-31 14:19:50,-35.3632625,149.1652371,0.015,0.024051371961832047,102,40,LAND,False
2026-08-31 14:19:51,-35.3632625,149.1652371,0.015,0.024321075528860092,102,40,LAND,False
2026-08-31 14:19:51,-35.3632625,149.1652371,0.015,0.024157118052244186,102,40,LAND,False
2026-08-31 14:19:51,-35.3632625,149.1652371,0.015,0.02415078692138195,102,40,LAND,False
2026-08-31 14:19:52,-35.3632625,149.1652371,0.015,0.02400311268866062,102,40,LAND,False
2026-08-31 14:19:52,-35.3632625,149.1652371,0.015,0.02410353533923626,102,40,GUIDED,False
2026-08-31 14:19:53,-35.3632625,149.1652371,0.015,0.02430073358118534,102,40,GUIDED,False
2026-08-31 14:19:53,-35.3632625,149.1652371,0.015,0.024107230827212334,102,40,GUIDED,False
2026-08-31 14:19:53,-35.3632625,149.1652371,0.015,0.024218469858169556,102,40,GUIDED,False
2026-08-31 14:19:54,-35.3632625,149.1652371,0.015,0.02437618561089039,102,40,GUIDED,False
2026-08-31 14:19:54,-35.3632625,149.1652371,0.015,0.024112891405820847,102,40,GUIDED,False
2026-08-31 14:19:55,-35.3632625,149.1652371,0.005,0.024207280948758125,102,40,GUIDED,False
2026-08-31 14:19:55,-35.3632625,149.1652371,0.005,0.02392643317580223,102,40,GUIDED,False
2026-08-31 14:19:56,-35.3632625,149.1652371,0.005,0.02420618012547493,102,40,GUIDED,True
2026-08-31 14:19:56,-35.3632625,149.1652371,0.005,0.024015815928578377,102,40,GUIDED,True
2026-08-31 14:19:56,-35.3632625,149.1652371,0.005,0.023797599598765373,102,40,GUIDED,True
2026-08-31 14:19:57,-35.3632625,149.1652371,0.004,0.023688385263085365,102,40,GUIDED,True
2026-08-31 14:19:57,-35.3632625,149.1652371,0.004,0.023639991879463196,102,40,GUIDED,True
2026-08-31 14:19:57,-35.3632625,149.1652371,0.004,0.02314523421227932,102,40,GUIDED,True
2026-08-31 14:19:58,-35.3632625,149.1652371,0.004,0.02268940396606922,102,40,GUIDED,True
2026-08-31 14:19:58,-35.3632625,149.1652371,0.005,0.022410038858652115,102,40,GUIDED,True
2026-08-31 14:19:59,-35.3632625,149.1652371,0.005,0.022265315055847168,102,40,GUIDED,True
2026-08-31 14:20:02,-35.3632625,149.1652371,0.005,0.02194785885512829,102,40,GUIDED,True
2026-08-31 14:20:03,-35.3632625,149.1652371,0.005,0.023379499092698097,102,40,GUIDED,True
2026-08-31 14:20:03,-35.3632625,149.1652371,0.005,0.023502971976995468,102,40,GUIDED,True
2026-08-31 14:20:03,-35.3632625,149.1652371,0.005,0.023728022351861,102,40,GUIDED,True
2026-08-31 14:20:04,-35.3632625,149.1652371,0.005,0.024089109152555466,102,40,GUIDED,True
2026-08-31 14:20:04,-35.3632625,149.1652371,0.005,0.024219892919063568,102,40,GUIDED,True
2026-08-31 14:20:04,-35.3632625,149.1652371,0.005,0.024172838777303696,102,40,GUIDED,True
2026-08-31 14:20:05,-35.3632625,149.1652371,0.005,0.024371812120079994,102,40,GUIDED,True
2026-08-31 14:20:05,-35.3632625,149.1652371,0.005,0.02467426098883152,102,40,GUIDED,True
2026-08-31 14:20:06,-35.3632625,149.1652371,0.005,0.024840930476784706,102,40,GUIDED,True
2026-08-31 14:20:06,-35.3632625,149.1652371,0.005,0.024878712370991707,102,40,GUIDED,True
2026-08-31 14:20:06,-35.3632625,149.1652371,0.005,0.024942435324192047,102,40,GUIDED,True
2026-08-31 14:20:07,-35.3632625,149.1652371,0.005,0.02523689717054367,102,40,GUIDED,False
2026-08-31 14:20:07,-35.3632625,149.1652371,0.005,0.024979732930660248,102,40,GUIDED,False
2026-08-31 14:20:08,-35.3632625,149.1652371,0.005,0.024729382246732712,102,40,GUIDED,False
2026-08-31 14:20:08,-35.3632625,149.1652371,0.005,0.024678153917193413,102,40,GUIDED,False
2026-08-31 14:20:08,-35.3632625,149.1652371,0.005,0.024568941444158554,102,40,GUIDED,False
2026-08-31 14:20:09,-35.3632625,149.1652371,0.005,0.02427569590508938,102,40,GUIDED,False
2026-08-31 14:20:09,-35.3632625,149.1652371,0.005,0.023685365915298462,102,40,GUIDED,False
2026-08-31 14:20:09,-35.3632625,149.1652371,0.005,0.023249641060829163,102,40,GUIDED,False
2026-08-31 14:20:10,-35.3632625,149.1652371,0.005,0.022935496643185616,102,40,GUIDED,False
2026-08-31 14:20:10,-35.3632625,149.1652371,0.005,0.02178553305566311,102,40,GUIDED,False
2026-08-31 14:20:10,-35.3632625,149.1652371,0.005,0.021466968581080437,102,40,GUIDED,False
2026-08-31 14:20:11,-35.3632625,149.1652371,0.005,0.0210854634642601,102,40,GUIDED,False
2026-08-31 14:20:11,-35.3632625,149.1652371,0.005,0.0207676962018013,102,40,GUIDED,False
2026-08-31 14:20:12,-35.3632625,149.1652371,0.005,0.020661940798163414,102,40,GUIDED,False
2026-08-31 14:20:12,-35.3632625,149.1652371,0.005,0.02062697522342205,102,40,GUIDED,False
2026-08-31 14:20:13,-35.3632625,149.1652371,0.005,0.020933810621500015,102,40,GUIDED,False
2026-08-31 14:20:13,-35.3632625,149.1652371,0.005,0.02107112668454647,102,40,GUIDED,False
2026-08-31 14:20:13,-35.3632625,149.1652371,0.005,0.021631620824337006,102,40,GUIDED,False
2026-08-31 14:20:14,-35.3632625,149.1652371,0.005,0.022113684564828873,102,40,GUIDED,False
2026-08-31 14:20:14,-35.3632625,149.1652371,0.005,0.022516297176480293,102,40,GUIDED,False
2026-08-31 14:20:14,-35.3632625,149.1652371,0.005,0.022814514115452766,102,40,GUIDED,False
2026-08-31 14:20:15,-35.3632625,149.1652371,0.005,0.023539002984762192,102,40,GUIDED,False
2026-08-31 14:20:15,-35.3632625,149.1652371,0.005,0.023593373596668243,102,40,GUIDED,False
2026-08-31 14:20:15,-35.3632625,149.1652371,0.005,0.024128582328557968,102,40,GUIDED,False
2026-08-31 14:20:16,-35.3632625,149.1652371,0.005,0.024325929582118988,102,40,GUIDED,False
2026-08-31 14:20:16,-35.3632625,149.1652371,0.005,0.02452303096652031,102,40,GUIDED,False
2026-08-31 14:20:17,-35.3632625,149.1652371,0.005,0.02489185519516468,102,40,GUIDED,False
2026-08-31 14:20:17,-35.3632625,149.1652371,0.005,0.024869967252016068,102,40,GUIDED,False
2026-08-31 14:20:17,-35.3632625,149.1652371,0.005,0.02501029707491398,102,40,GUIDED,False
2026-08-31 14:20:18,-35.3632625,149.1652371,0.005,0.02530975639820099,102,40,GUIDED,False
2026-08-31 14:20:18,-35.3632625,149.1652371,0.005,0.02530934289097786,102,40,GUIDED,False
2026-08-31 14:20:18,-35.3632625,149.1652371,0.005,0.025569602847099304,102,40,GUIDED,False
2026-08-31 14:20:19,-35.3632625,149.1652371,0.005,0.025520196184515953,102,40,GUIDED,False
2026-08-31 14:20:19,-35.3632625,149.1652371,0.005,0.025556815788149834,102,40,GUIDED,False
2026-08-31 14:20:20,-35.3632625,149.1652371,0.005,0.02577122673392296,102,40,GUIDED,False
2026-08-31 14:20:20,-35.3632625,149.1652371,0.005,0.02549321949481964,102,40,GUIDED,False
2026-08-31 14:20:20,-35.3632624,149.1652371,0.005,0.025572072714567184,102,40,GUIDED,False
2026-08-31 14:20:21,-35.3632624,149.1652371,0.005,0.0257427915930748,102,40,GUIDED,False
2026-08-31 14:20:21,-35.3632624,149.1652371,0.005,0.025537725538015366,102,40,GUIDED,False
2026-08-31 14:20:22,-35.3632624,149.1652371,0.005,0.02555142715573311,102,40,GUIDED,False
2026-08-31 14:20:22,-35.3632624,149.1652371,0.005,0.02548474445939064,102,40,GUIDED,False
2026-08-31 14:20:22,-35.3632624,149.1652371,0.005,0.025231314823031425,102,40,GUIDED,False
2026-08-31 14:20:23,-35.3632625,149.1652371,0.005,0.025352682918310165,102,40,GUIDED,False
2026-08-31 14:20:23,-35.3632625,149.1652371,0.005,0.024929510429501534,102,40,GUIDED,False
2026-08-31 14:20:23,-35.3632625,149.1652371,0.005,0.024891190230846405,102,40,GUIDED,False
2026-08-31 14:20:24,-35.3632625,149.1652371,0.005,0.02494056709110737,102,40,GUIDED,False
2026-08-31 14:20:24,-35.3632625,149.1652371,0.005,0.024752618744969368,102,40,GUIDED,False
2026-08-31 14:20:25,-35.3632625,149.1652371,0.005,0.025007665157318115,102,40,GUIDED,False
2026-08-31 14:20:25,-35.3632625,149.1652371,0.005,0.02500431053340435,102,40,GUIDED,False
2026-08-31 14:20:25,-35.3632625,149.1652371,0.005,0.024909118190407753,102,40,GUIDED,False
2026-08-31 14:20:26,-35.3632625,149.1652371,0.005,0.02484145574271679,102,40,GUIDED,False
2026-08-31 14:20:26,-35.3632625,149.1652371,0.005,0.024645842611789703,102,40,GUIDED,False
2026-08-31 14:20:27,-35.3632625,149.1652371,0.005,0.024764567613601685,102,40,GUIDED,False
2026-08-31 14:20:27,-35.3632625,149.1652371,0.005,0.024605048820376396,102,40,GUIDED,False
2026-08-31 14:20:27,-35.3632625,149.1652371,0.005,0.024627968668937683,102,40,GUIDED,False
2026-08-31 14:20:28,-35.3632625,149.1652371,0.005,0.02465706877410412,102,40,GUIDED,False
2026-08-31 14:20:28,-35.3632625,149.1652371,0.005,0.02453112043440342,102,40,GUIDED,False
2026-08-31 14:20:28,-35.3632625,149.1652371,0.005,0.024383150041103363,102,40,GUIDED,False
2026-08-31 14:20:29,-35.3632625,149.1652371,0.005,0.024248583242297173,102,40,GUIDED,False
2026-08-31 14:20:29,-35.3632625,149.1652371,0.005,0.024108730256557465,102,40,GUIDED,False
2026-08-31 14:20:30,-35.3632625,149.1652371,0.005,0.024317685514688492,102,40,GUIDED,False
2026-08-31 14:20:30,-35.3632625,149.1652371,0.005,0.023978888988494873,102,40,GUIDED,False
2026-08-31 14:20:30,-35.3632625,149.1652371,0.005,0.024053525179624557,102,40,GUIDED,False
2026-08-31 14:20:31,-35.3632625,149.1652371,0.005,0.024129735305905342,102,40,GUIDED,False
2026-08-31 14:20:31,-35.3632625,149.1652371,0.005,0.024052640423178673,102,40,GUIDED,False
2026-08-31 14:20:32,-35.3632625,149.1652371,0.005,0.024250857532024384,102,40,GUIDED,False
2026-08-31 14:20:32,-35.3632625,149.1652371,0.005,0.02427569404244423,102,40,GUIDED,False
2026-08-31 14:20:32,-35.3632625,149.1652371,0.005,0.024088764563202858,102,40,GUIDED,False
2026-08-31 14:20:33,-35.3632625,149.1652371,0.005,0.024252591654658318,102,40,GUIDED,False
2026-08-31 14:20:33,-35.3632625,149.1652371,0.005,0.024050144478678703,102,40,GUIDED,False
2026-08-31 14:20:33,-35.3632625,149.1652371,0.005,0.023883676156401634,102,40,GUIDED,False
2026-08-31 14:20:34,-35.3632625,149.1652371,0.005,0.024045465514063835,102,40,GUIDED,False
2026-08-31 14:20:34,-35.3632625,149.1652371,0.005,0.023844905197620392,102,40,GUIDED,False
2026-08-31 14:20:35,-35.3632625,149.1652371,0.005,0.024154508486390114,102,40,GUIDED,False
2026-08-31 14:20:35,-35.3632625,149.1652371,0.005,0.024010201916098595,102,40,GUIDED,False
2026-08-31 14:20:35,-35.3632625,149.1652371,0.005,0.0240672305226326,102,40,GUIDED,False
2026-08-31 14:20:36,-35.3632625,149.1652371,0.005,0.02427450381219387,102,40,GUIDED,False
2026-08-31 14:20:36,-35.3632625,149.1652371,0.005,0.02405845746397972,102,40,GUIDED,False
2026-08-31 14:20:36,-35.3632625,149.1652371,0.005,0.024086976423859596,102,40,GUIDED,False
2026-08-31 14:20:37,-35.3632625,149.1652371,0.005,0.024038977921009064,102,40,GUIDED,False
2026-08-31 14:20:37,-35.3632625,149.1652371,0.005,0.02382131852209568,102,40,GUIDED,False
2026-08-31 14:20:38,-35.3632625,149.1652371,0.005,0.02399122714996338,102,40,GUIDED,False
2026-08-31 14:20:38,-35.3632625,149.1652371,0.005,0.02367892861366272,102,40,GUIDED,False
2026-08-31 14:20:38,-35.3632625,149.1652371,0.005,0.0237935408949852,102,40,GUIDED,False
2026-08-31 14:20:39,-35.3632625,149.1652371,0.005,0.023634612560272217,102,40,GUIDED,False
2026-08-31 14:20:39,-35.3632625,149.1652371,0.005,0.02350434847176075,102,40,GUIDED,False
2026-08-31 14:20:40,-35.3632625,149.1652371,0.005,0.023584019392728806,102,40,GUIDED,False
2026-08-31 14:20:40,-35.3632625,149.1652371,0.005,0.023730173707008362,102,40,GUIDED,False
2026-08-31 14:20:40,-35.3632625,149.1652371,0.005,0.023631803691387177,102,40,GUIDED,False
2026-08-31 14:20:41,-35.3632625,149.1652371,0.005,0.02374965138733387,102,40,GUIDED,False
2026-08-31 14:20:41,-35.3632625,149.1652371,0.005,0.02374979667365551,102,40,GUIDED,False
2026-08-31 14:20:41,-35.3632625,149.1652371,0.005,0.02407292276620865,102,40,GUIDED,False
2026-08-31 14:20:42,-35.3632625,149.1652371,0.005,0.02398819290101528,102,40,GUIDED,False
2026-08-31 14:20:42,-35.3632625,149.1652371,0.005,0.024000586941838264,102,40,GUIDED,False
2026-08-31 14:20:43,-35.3632625,149.1652371,0.005,0.024257684126496315,102,40,GUIDED,False
2026-08-31 14:20:43,-35.3632625,149.1652371,0.005,0.0240998025983572,102,40,GUIDED,False
2026-08-31 14:20:43,-35.3632625,149.1652371,0.005,0.024151533842086792,102,40,GUIDED,False
2026-08-31 14:20:44,-35.3632625,149.1652371,0.005,0.024152634665369987,102,40,GUIDED,False
2026-08-31 14:20:44,-35.3632625,149.1652371,0.004,0.024093182757496834,102,40,GUIDED,False
2026-08-31 14:20:45,-35.3632625,149.1652371,0.004,0.024368973448872566,102,40,GUIDED,False
2026-08-31 14:20:45,-35.3632625,149.1652371,0.004,0.02419952116906643,102,40,GUIDED,False
2026-08-31 14:20:45,-35.3632625,149.1652371,0.004,0.02411767654120922,102,40,GUIDED,False
2026-08-31 14:20:46,-35.3632625,149.1652371,0.004,0.02421792969107628,102,40,GUIDED,False
2026-08-31 14:20:46,-35.3632625,149.1652371,0.004,0.024104876443743706,102,40,GUIDED,False
2026-08-31 14:20:46,-35.3632625,149.1652371,0.004,0.024063296616077423,102,40,GUIDED,False
2026-08-31 14:20:47,-35.3632625,149.1652371,0.004,0.02411830984055996,102,40,GUIDED,False
2026-08-31 14:20:47,-35.3632625,149.1652371,0.004,0.02400979772210121,102,40,GUIDED,False
2026-08-31 14:20:48,-35.3632625,149.1652371,0.004,0.024220161139965057,102,40,GUIDED,False
2026-08-31 14:20:48,-35.3632625,149.1652371,0.004,0.02418309636414051,102,40,GUIDED,False
2026-08-31 14:20:48,-35.3632625,149.1652371,0.004,0.024192295968532562,102,40,GUIDED,False
2026-08-31 14:20:49,-35.3632625,149.1652371,0.004,0.024379415437579155,102,40,GUIDED,False
2026-08-31 14:20:49,-35.3632625,149.1652371,0.004,0.02414872497320175,102,40,GUIDED,False
2026-08-31 14:20:50,-35.3632625,149.1652371,0.004,0.024143008515238762,102,40,GUIDED,False
2026-08-31 14:20:50,-35.3632625,149.1652371,0.004,0.024104854092001915,102,40,GUIDED,False
2026-08-31 14:20:51,-35.3632625,149.1652371,0.005,0.024029752239584923,102,40,GUIDED,False
2026-08-31 14:20:51,-35.3632625,149.1652371,0.005,0.02368498593568802,102,40,GUIDED,False
2026-08-31 14:20:51,-35.3632625,149.1652371,0.005,0.023778202012181282,102,40,GUIDED,False
2026-08-31 14:20:52,-35.3632625,149.1652371,0.005,0.02382628247141838,102,40,GUIDED,True
2026-08-31 14:20:52,-35.3632625,149.1652371,0.005,0.02377268113195896,102,40,GUIDED,True
2026-08-31 14:20:52,-35.3632625,149.1652371,0.005,0.023323949426412582,102,40,GUIDED,True
2026-08-31 14:20:53,-35.3632625,149.1652371,0.005,0.023236429318785667,102,40,GUIDED,True
2026-08-31 14:20:53,-35.3632625,149.1652371,0.005,0.02317526564002037,102,40,GUIDED,True
2026-08-31 14:20:54,-35.3632625,149.1652371,0.005,0.02285243198275566,102,40,GUIDED,True
2026-08-31 14:20:54,-35.3632625,149.1652371,0.005,0.022482125088572502,102,40,GUIDED,True
2026-08-31 14:20:54,-35.3632625,149.1652371,0.005,0.022309213876724243,102,40,GUIDED,True
2026-08-31 14:20:55,-35.3632625,149.1652371,0.005,0.022262264043092728,102,40,GUIDED,True
2026-08-31 14:20:55,-35.3632625,149.1652371,0.005,0.02190467156469822,102,40,GUIDED,True
2026-08-31 14:20:56,-35.3632625,149.1652371,0.005,0.0216238871216774,102,40,GUIDED,True
2026-08-31 14:20:56,-35.3632625,149.1652371,0.005,0.021668607369065285,102,40,GUIDED,True
2026-08-31 14:20:56,-35.3632625,149.1652371,0.005,0.02171105146408081,102,40,GUIDED,True
2026-08-31 14:20:57,-35.3632625,149.1652371,0.005,0.02157662995159626,102,40,GUIDED,True
2026-08-31 14:20:57,-35.3632625,149.1652371,0.005,0.021464286372065544,102,40,GUIDED,True
2026-08-31 14:20:57,-35.3632625,149.1652371,0.005,0.02153879590332508,102,40,GUIDED,True
2026-08-31 14:20:58,-35.3632625,149.1652371,0.005,0.021751340478658676,102,40,GUIDED,True
2026-08-31 14:20:58,-35.3632625,149.1652371,0.005,0.021702192723751068,102,40,GUIDED,True
2026-08-31 14:20:58,-35.3632625,149.1652371,0.005,0.0220966674387455,102,40,GUIDED,True
2026-08-31 14:20:59,-35.3632625,149.1652371,0.005,0.024052368476986885,102,40,GUIDED,True
2026-08-31 14:20:59,-35.3632625,149.1652371,0.005,0.024217166006565094,102,40,GUIDED,True
2026-08-31 14:21:00,-35.3632625,149.1652371,0.005,0.024510757997632027,102,40,GUIDED,True
2026-08-31 14:21:00,-35.3632625,149.1652371,0.005,0.024478137493133545,102,40,GUIDED,True
2026-08-31 14:21:00,-35.3632625,149.1652371,0.005,0.0246029794216156,102,40,GUIDED,True
2026-08-31 14:21:01,-35.3632625,149.1652371,0.005,0.024707520380616188,102,40,GUIDED,True
2026-08-31 14:21:01,-35.3632625,149.1652371,0.005,0.024909423664212227,102,40,GUIDED,True
2026-08-31 14:21:02,-35.3632625,149.1652371,0.005,0.024902569130063057,102,40,GUIDED,True
2026-08-31 14:21:02,-35.3632625,149.1652371,0.005,0.02484489418566227,102,40,GUIDED,True
2026-08-31 14:21:02,-35.3632625,149.1652371,0.005,0.02484874054789543,102,40,GUIDED,True
2026-08-31 14:21:03,-35.3632625,149.1652371,0.005,0.024938328191637993,102,40,GUIDED,False
2026-08-31 14:21:03,-35.3632625,149.1652371,0.005,0.02471047267317772,102,40,GUIDED,False
2026-08-31 14:21:03,-35.3632625,149.1652371,0.005,0.024329451844096184,102,40,GUIDED,False
2026-08-31 14:21:04,-35.3632625,149.1652371,0.005,0.023973291739821434,102,40,GUIDED,False
2026-08-31 14:21:04,-35.3632625,149.1652371,0.005,0.023605411872267723,102,40,GUIDED,False
2026-08-31 14:21:05,-35.3632625,149.1652371,0.005,0.022990643978118896,102,40,GUIDED,False
2026-08-31 14:21:05,-35.3632625,149.1652371,0.005,0.02243049442768097,102,40,GUIDED,False
2026-08-31 14:21:05,-35.3632625,149.1652371,0.005,0.022078847512602806,102,40,GUIDED,False
2026-08-31 14:21:06,-35.3632625,149.1652371,0.005,0.021844366565346718,102,40,GUIDED,False
2026-08-31 14:21:06,-35.3632625,149.1652371,0.005,0.02088776044547558,102,40,GUIDED,False
2026-08-31 14:21:07,-35.3632625,149.1652371,0.005,0.020707979798316956,102,40,GUIDED,False
2026-08-31 14:21:07,-35.3632625,149.1652371,0.005,0.020707979798316956,102,40,GUIDED,False
2026-08-31 14:21:07,-35.3632625,149.1652371,0.005,0.020618030801415443,102,40,GUIDED,False
2026-08-31 14:21:07,-35.3632625,149.1652371,0.005,0.02042527124285698,102,40,GUIDED,False
2026-08-31 14:21:08,-35.3632625,149.1652371,0.005,0.020731883123517036,102,40,GUIDED,False
2026-08-31 14:21:08,-35.3632625,149.1652371,0.005,0.020766517147421837,102,40,GUIDED,False
2026-08-31 14:21:09,-35.3632625,149.1652371,0.005,0.02131194993853569,102,40,GUIDED,False
2026-08-31 14:21:09,-35.3632625,149.1652371,0.005,0.021599095314741135,102,40,GUIDED,False
2026-08-31 14:21:09,-35.3632625,149.1652371,0.005,0.02210831455886364,102,40,GUIDED,False
2026-08-31 14:21:10,-35.3632625,149.1652371,0.005,0.022575324401259422,102,40,GUIDED,False
2026-08-31 14:21:10,-35.3632625,149.1652371,0.005,0.023017408326268196,102,40,GUIDED,False
2026-08-31 14:21:11,-35.3632625,149.1652371,0.005,0.023172399029135704,102,40,GUIDED,False
2026-08-31 14:21:11,-35.3632625,149.1652371,0.005,0.02372395619750023,102,40,GUIDED,False
2026-08-31 14:21:11,-35.3632625,149.1652371,0.005,0.023857036605477333,102,40,GUIDED,False
2026-08-31 14:21:12,-35.3632625,149.1652371,0.005,0.024667054414749146,102,40,GUIDED,False
2026-08-31 14:21:12,-35.3632625,149.1652371,0.005,0.024788785725831985,102,40,GUIDED,False
2026-08-31 14:21:12,-35.3632625,149.1652371,0.005,0.025254959240555763,102,40,GUIDED,False
2026-08-31 14:21:13,-35.3632625,149.1652371,0.005,0.025235511362552643,102,40,GUIDED,False
2026-08-31 14:21:13,-35.3632625,149.1652371,0.005,0.0253586508333683,102,40,GUIDED,False
2026-08-31 14:21:14,-35.3632625,149.1652371,0.005,0.0255158431828022,102,40,GUIDED,False
2026-08-31 14:21:14,-35.3632625,149.1652371,0.005,0.02538876235485077,102,40,GUIDED,False
2026-08-31 14:21:14,-35.3632625,149.1652371,0.005,0.025415971875190735,102,40,GUIDED,False
2026-08-31 14:21:15,-35.3632625,149.1652371,0.005,0.025495227426290512,102,40,GUIDED,False
2026-08-31 14:21:15,-35.3632624,149.1652371,0.005,0.025383360683918,102,40,GUIDED,False
2026-08-31 14:21:15,-35.3632625,149.1652371,0.005,0.025575784966349602,102,40,GUIDED,False
2026-08-31 14:21:16,-35.3632625,149.1652371,0.005,0.025397013872861862,102,40,GUIDED,False
2026-08-31 14:21:16,-35.3632624,149.1652371,0.005,0.02522415667772293,102,40,GUIDED,False
2026-08-31 14:21:17,-35.3632625,149.1652371,0.005,0.025482837110757828,102,40,GUIDED,False
2026-08-31 14:21:17,-35.3632624,149.1652371,0.005,0.025304395705461502,102,40,GUIDED,False
2026-08-31 14:21:17,-35.3632624,149.1652371,0.005,0.025186534970998764,102,40,GUIDED,False
2026-08-31 14:21:18,-35.3632625,149.1652371,0.005,0.025110414251685143,102,40,GUIDED,False
2026-08-31 14:21:18,-35.3632625,149.1652371,0.005,0.024907780811190605,102,40,GUIDED,False
2026-08-31 14:21:19,-35.3632625,149.1652371,0.005,0.02488788031041622,102,40,GUIDED,False
2026-08-31 14:21:19,-35.3632625,149.1652371,0.005,0.024789081886410713,102,40,GUIDED,False
2026-08-31 14:21:19,-35.3632625,149.1652371,0.005,0.02460881508886814,102,40,GUIDED,False
2026-08-31 14:21:20,-35.3632625,149.1652371,0.005,0.024558577686548233,102,40,GUIDED,False
2026-08-31 14:21:20,-35.3632625,149.1652371,0.005,0.024244830012321472,102,40,GUIDED,False
2026-08-31 14:21:20,-35.3632625,149.1652371,0.005,0.024373304098844528,102,40,GUIDED,False
2026-08-31 14:21:21,-35.3632625,149.1652371,0.005,0.024432316422462463,102,40,GUIDED,False
2026-08-31 14:21:21,-35.3632625,149.1652371,0.005,0.02440681681036949,102,40,GUIDED,False
2026-08-31 14:21:22,-35.3632625,149.1652371,0.005,0.024633394554257393,102,40,GUIDED,False
2026-08-31 14:21:22,-35.3632625,149.1652371,0.005,0.024486154317855835,102,40,GUIDED,False
2026-08-31 14:21:22,-35.3632625,149.1652371,0.005,0.024362163618206978,102,40,GUIDED,False
2026-08-31 14:21:23,-35.3632625,149.1652371,0.005,0.024448221549391747,102,40,GUIDED,False
2026-08-31 14:21:23,-35.3632625,149.1652371,0.005,0.02427024208009243,102,40,GUIDED,False
2026-08-31 14:21:23,-35.3632625,149.1652371,0.005,0.024295266717672348,102,40,GUIDED,False
2026-08-31 14:21:24,-35.3632625,149.1652371,0.005,0.024280745536088943,102,40,GUIDED,False
2026-08-31 14:21:24,-35.3632625,149.1652371,0.005,0.024077288806438446,102,40,GUIDED,False
2026-08-31 14:21:25,-35.3632625,149.1652371,0.005,0.02426513098180294,102,40,GUIDED,False
2026-08-31 14:21:25,-35.3632625,149.1652371,0.005,0.024284351617097855,102,40,GUIDED,False
2026-08-31 14:21:26,-35.3632625,149.1652371,0.005,0.024229271337389946,102,40,GUIDED,False
2026-08-31 14:21:26,-35.3632625,149.1652371,0.005,0.023997187614440918,102,40,GUIDED,False
2026-08-31 14:21:26,-35.3632625,149.1652371,0.005,0.02403509058058262,102,40,GUIDED,False
2026-08-31 14:21:27,-35.3632625,149.1652371,0.005,0.024325385689735413,102,40,GUIDED,False
2026-08-31 14:21:27,-35.3632625,149.1652371,0.005,0.024185677990317345,102,40,GUIDED,False
2026-08-31 14:21:27,-35.3632625,149.1652371,0.005,0.024085741490125656,102,40,GUIDED,False
2026-08-31 14:21:28,-35.3632625,149.1652371,0.005,0.024395901709794998,102,40,GUIDED,False
2026-08-31 14:21:28,-35.3632625,149.1652371,0.005,0.024295667186379433,102,40,GUIDED,False
2026-08-31 14:21:29,-35.3632625,149.1652371,0.005,0.024544531479477882,102,40,GUIDED,False
2026-08-31 14:21:29,-35.3632625,149.1652371,0.005,0.02455216646194458,102,40,GUIDED,False
2026-08-31 14:21:29,-35.3632625,149.1652371,0.005,0.024499431252479553,102,40,GUIDED,False
2026-08-31 14:21:30,-35.3632625,149.1652371,0.005,0.024667393416166306,102,40,GUIDED,False
2026-08-31 14:21:30,-35.3632625,149.1652371,0.005,0.02451181598007679,102,40,GUIDED,False
2026-08-31 14:21:30,-35.3632625,149.1652371,0.005,0.024530701339244843,102,40,GUIDED,False
2026-08-31 14:21:31,-35.3632625,149.1652371,0.005,0.024443460628390312,102,40,GUIDED,False
2026-08-31 14:21:31,-35.3632625,149.1652371,0.005,0.023968251422047615,102,40,GUIDED,False
2026-08-31 14:21:32,-35.3632625,149.1652371,0.005,0.024152399972081184,102,40,GUIDED,False
2026-08-31 14:21:32,-35.3632625,149.1652371,0.005,0.024020005017518997,102,40,GUIDED,False
2026-08-31 14:21:32,-35.3632625,149.1652371,0.005,0.024027027189731598,102,40,GUIDED,False
2026-08-31 14:21:33,-35.3632625,149.1652371,0.005,0.024224087595939636,102,40,GUIDED,False
2026-08-31 14:21:33,-35.3632625,149.1652371,0.005,0.02404656633734703,102,40,GUIDED,False
2026-08-31 14:21:33,-35.3632625,149.1652371,0.005,0.024119697511196136,102,40,GUIDED,False
2026-08-31 14:21:34,-35.3632625,149.1652371,0.005,0.024417567998170853,102,40,GUIDED,False
2026-08-31 14:21:34,-35.3632625,149.1652371,0.005,0.024254538118839264,102,40,GUIDED,False
2026-08-31 14:21:35,-35.3632625,149.1652371,0.005,0.02443007379770279,102,40,GUIDED,False
2026-08-31 14:21:35,-35.3632625,149.1652371,0.005,0.02443319372832775,102,40,GUIDED,False
2026-08-31 14:21:35,-35.3632625,149.1652371,0.005,0.024182355031371117,102,40,GUIDED,False
2026-08-31 14:21:36,-35.3632625,149.1652371,0.005,0.024323787540197372,102,40,GUIDED,False
2026-08-31 14:21:36,-35.3632625,149.1652371,0.005,0.023905126377940178,102,40,GUIDED,False
2026-08-31 14:21:36,-35.3632625,149.1652371,0.005,0.023881494998931885,102,40,GUIDED,False
2026-08-31 14:21:37,-35.3632625,149.1652371,0.005,0.023848945274949074,102,40,GUIDED,False
2026-08-31 14:21:37,-35.3632625,149.1652371,0.005,0.023726433515548706,102,40,GUIDED,False
2026-08-31 14:21:38,-35.3632625,149.1652371,0.005,0.024031443521380424,102,40,GUIDED,False
2026-08-31 14:21:38,-35.3632625,149.1652371,0.005,0.02407238446176052,102,40,GUIDED,False
2026-08-31 14:21:38,-35.3632625,149.1652371,0.005,0.023933149874210358,102,40,GUIDED,False
2026-08-31 14:21:39,-35.3632625,149.1652371,0.005,0.02411160245537758,102,40,GUIDED,False
2026-08-31 14:21:39,-35.3632625,149.1652371,0.005,0.023975512012839317,102,40,GUIDED,False
2026-08-31 14:21:40,-35.3632625,149.1652371,0.005,0.02405434474349022,102,40,GUIDED,False
2026-08-31 14:21:40,-35.3632625,149.1652371,0.005,0.024209419265389442,102,40,GUIDED,False
2026-08-31 14:21:40,-35.3632625,149.1652371,0.005,0.024099057540297508,102,40,GUIDED,False
2026-08-31 14:21:41,-35.3632625,149.1652371,0.005,0.023859882727265358,102,40,GUIDED,False
2026-08-31 14:21:41,-35.3632625,149.1652371,0.005,0.023825323209166527,102,40,GUIDED,False
2026-08-31 14:21:42,-35.3632625,149.1652371,0.005,0.024069197475910187,102,40,GUIDED,False
2026-08-31 14:21:42,-35.3632625,149.1652371,0.005,0.024018477648496628,102,40,GUIDED,False
2026-08-31 14:21:42,-35.3632625,149.1652371,0.005,0.024046486243605614,102,40,GUIDED,False
2026-08-31 14:21:43,-35.3632625,149.1652371,0.005,0.02419026382267475,102,40,GUIDED,False
2026-08-31 14:21:43,-35.3632625,149.1652371,0.005,0.023888761177659035,102,40,GUIDED,False
2026-08-31 14:21:43,-35.3632625,149.1652371,0.005,0.02384941093623638,102,40,GUIDED,False
2026-08-31 14:21:44,-35.3632625,149.1652371,0.005,0.02411292865872383,102,40,GUIDED,False
2026-08-31 14:21:44,-35.3632625,149.1652371,0.005,0.0239994116127491,102,40,GUIDED,False
2026-08-31 14:21:45,-35.3632625,149.1652371,0.005,0.024213559925556183,102,40,GUIDED,False
2026-08-31 14:21:45,-35.3632625,149.1652371,0.005,0.02413545735180378,102,40,GUIDED,False
2026-08-31 14:21:46,-35.3632625,149.1652371,0.005,0.02409890480339527,102,40,GUIDED,False
2026-08-31 14:21:46,-35.3632625,149.1652371,0.005,0.02404448203742504,102,40,GUIDED,False
2026-08-31 14:21:46,-35.3632625,149.1652371,0.005,0.023708544671535492,102,40,GUIDED,False
2026-08-31 14:21:47,-35.3632625,149.1652371,0.005,0.02433639205992222,102,40,GUIDED,False
2026-08-31 14:21:47,-35.3632625,149.1652371,0.005,0.024132832884788513,102,40,GUIDED,False
2026-08-31 14:21:47,-35.3632625,149.1652371,0.005,0.024086687713861465,102,40,GUIDED,False
2026-08-31 14:21:48,-35.3632625,149.1652371,0.005,0.024118592962622643,102,40,GUIDED,True
2026-08-31 14:21:48,-35.3632625,149.1652371,0.005,0.02387242577970028,102,40,GUIDED,True
2026-08-31 14:21:49,-35.3632625,149.1652371,0.005,0.023525454103946686,102,40,GUIDED,True
2026-08-31 14:21:49,-35.3632625,149.1652371,0.005,0.02338319830596447,102,40,GUIDED,True
2026-08-31 14:21:49,-35.3632625,149.1652371,0.005,0.023365439847111702,102,40,GUIDED,True
2026-08-31 14:21:50,-35.3632625,149.1652371,0.005,0.023131581023335457,102,40,GUIDED,True
2026-08-31 14:21:50,-35.3632625,149.1652371,0.005,0.02266804501414299,102,40,GUIDED,True
2026-08-31 14:21:51,-35.3632625,149.1652371,0.005,0.022463057190179825,102,40,GUIDED,True
2026-08-31 14:21:51,-35.3632625,149.1652371,0.005,0.022336900234222412,102,40,GUIDED,True
2026-08-31 14:21:51,-35.3632625,149.1652371,0.005,0.022107796743512154,102,40,GUIDED,True
2026-08-31 14:21:52,-35.3632625,149.1652371,0.005,0.021565694361925125,102,40,GUIDED,True
2026-08-31 14:21:52,-35.3632625,149.1652371,0.005,0.021511277183890343,102,40,GUIDED,True
2026-08-31 14:21:53,-35.3632625,149.1652371,0.005,0.02162064053118229,102,40,GUIDED,True
2026-08-31 14:21:53,-35.3632625,149.1652371,0.005,0.021628133952617645,102,40,GUIDED,True
2026-08-31 14:21:53,-35.3632625,149.1652371,0.005,0.021617861464619637,102,40,GUIDED,True
2026-08-31 14:21:54,-35.3632625,149.1652371,0.005,0.021533505991101265,102,40,GUIDED,True
2026-08-31 14:21:54,-35.3632625,149.1652371,0.005,0.021533505991101265,102,40,GUIDED,True
2026-08-31 14:21:54,-35.3632625,149.1652371,0.005,0.02184237912297249,102,40,GUIDED,True
2026-08-31 14:21:55,-35.3632625,149.1652371,0.005,0.022027647122740746,102,40,GUIDED,True
2026-08-31 14:21:55,-35.3632625,149.1652371,0.005,0.022519340738654137,102,40,GUIDED,True
2026-08-31 14:21:55,-35.3632625,149.1652371,0.005,0.022529780864715576,102,40,GUIDED,True
2026-08-31 14:21:56,-35.3632625,149.1652371,0.005,0.023150620982050896,102,40,GUIDED,True
2026-08-31 14:21:56,-35.3632625,149.1652371,0.005,0.02326270565390587,102,40,GUIDED,True
2026-08-31 14:21:56,-35.3632625,149.1652371,0.005,0.02342740073800087,102,40,GUIDED,True
2026-08-31 14:21:57,-35.3632625,149.1652371,0.005,0.023600518703460693,102,40,GUIDED,True
2026-08-31 14:21:57,-35.3632625,149.1652371,0.005,0.02368578501045704,102,40,GUIDED,True
2026-08-31 14:21:58,-35.3632625,149.1652371,0.005,0.024702491238713264,102,40,GUIDED,True
2026-08-31 14:21:58,-35.3632625,149.1652371,0.005,0.024140091612935066,102,40,GUIDED,True
2026-08-31 14:21:58,-35.3632625,149.1652371,0.005,0.023916732519865036,102,40,GUIDED,True
2026-08-31 14:21:59,-35.3632625,149.1652371,0.005,0.023761587217450142,102,40,GUIDED,False
2026-08-31 14:21:59,-35.3632625,149.1652371,0.005,0.023306697607040405,102,40,GUIDED,False
2026-08-31 14:22:00,-35.3632625,149.1652371,0.005,0.022585483267903328,102,40,GUIDED,False
2026-08-31 14:22:00,-35.3632625,149.1652371,0.005,0.022303707897663116,102,40,GUIDED,False
2026-08-31 14:22:00,-35.3632625,149.1652371,0.005,0.022166619077324867,102,40,GUIDED,False
2026-08-31 14:22:01,-35.3632625,149.1652371,0.005,0.02175421267747879,102,40,GUIDED,False
2026-08-31 14:22:01,-35.3632625,149.1652371,0.005,0.02141669951379299,102,40,GUIDED,False
2026-08-31 14:22:01,-35.3632625,149.1652371,0.005,0.02123960852622986,102,40,GUIDED,False
2026-08-31 14:22:02,-35.3632625,149.1652371,0.005,0.021221820265054703,102,40,GUIDED,False
2026-08-31 14:22:02,-35.3632625,149.1652371,0.005,0.021046867594122887,102,40,GUIDED,False
2026-08-31 14:22:03,-35.3632625,149.1652371,0.005,0.020834265276789665,102,40,GUIDED,False
2026-08-31 14:22:03,-35.3632625,149.1652371,0.005,0.022299034520983696,102,40,GUIDED,False
2026-08-31 14:22:04,-35.3632625,149.1652371,0.005,0.02267126552760601,102,40,GUIDED,True
2026-08-31 14:22:04,-35.3632625,149.1652371,0.005,0.022766990587115288,102,40,GUIDED,True
2026-08-31 14:22:04,-35.3632625,149.1652371,0.005,0.022808976471424103,102,40,GUIDED,True
2026-08-31 14:22:05,-35.3632625,149.1652371,0.005,0.022967534139752388,102,40,GUIDED,True
2026-08-31 14:22:05,-35.3632625,149.1652371,0.005,0.023199548944830894,102,40,GUIDED,True
2026-08-31 14:22:06,-35.3632625,149.1652371,0.005,0.022832244634628296,102,40,GUIDED,True
2026-08-31 14:22:06,-35.3632625,149.1652371,0.005,0.02238531783223152,102,40,GUIDED,True
2026-08-31 14:22:06,-35.3632625,149.1652371,0.005,0.022322459146380424,102,40,GUIDED,True
2026-08-31 14:22:07,-35.3632625,149.1652371,0.005,0.022434120997786522,102,40,GUIDED,True
2026-08-31 14:22:07,-35.3632625,149.1652371,0.005,0.02228286676108837,102,40,GUIDED,True
2026-08-31 14:22:07,-35.3632625,149.1652371,0.005,0.022347167134284973,102,40,GUIDED,True
2026-08-31 14:22:08,-35.3632625,149.1652371,0.005,0.022401893511414528,102,40,GUIDED,True
2026-08-31 14:22:08,-35.3632625,149.1652371,0.005,0.022607477381825447,102,40,GUIDED,True
2026-08-31 14:22:08,-35.3632625,149.1652371,0.005,0.022720716893672943,102,40,GUIDED,True
2026-08-31 14:22:09,-35.3632625,149.1652371,0.005,0.02279464341700077,102,40,GUIDED,True
2026-08-31 14:22:09,-35.3632625,149.1652371,0.005,0.022980935871601105,102,40,GUIDED,True
2026-08-31 14:22:10,-35.3632625,149.1652371,0.005,0.023223139345645905,102,40,GUIDED,True
2026-08-31 14:22:10,-35.3632625,149.1652371,0.005,0.023257045075297356,102,40,GUIDED,True
2026-08-31 14:22:10,-35.3632625,149.1652371,0.005,0.02324528992176056,102,40,GUIDED,True
2026-08-31 14:22:11,-35.3632625,149.1652371,0.005,0.023447981104254723,102,40,GUIDED,True
2026-08-31 14:22:11,-35.3632625,149.1652371,0.014,0.023865599185228348,102,40,GUIDED,True
2026-08-31 14:22:11,-35.3632625,149.1652371,0.054,0.024327630177140236,102,40,GUIDED,True
2026-08-31 14:22:12,-35.3632625,149.1652371,0.127,0.024729525670409203,102,40,GUIDED,True
2026-08-31 14:22:12,-35.3632625,149.1652371,0.364,0.02521021105349064,102,40,GUIDED,True
2026-08-31 14:22:13,-35.3632625,149.1652371,0.668,0.018941864371299744,102,40,GUIDED,True
2026-08-31 14:22:13,-35.3632625,149.1652371,1.345,0.0031005959026515484,102,40,GUIDED,True
2026-08-31 14:22:13,-35.3632625,149.165237,1.777,0.003057322232052684,102,40,GUIDED,True
2026-08-31 14:22:14,-35.3632625,149.165237,2.83,0.005713131744414568,102,40,GUIDED,True
2026-08-31 14:22:14,-35.3632625,149.165237,3.442,0.023227140307426453,102,39,GUIDED,True
2026-08-31 14:22:14,-35.3632625,149.165237,4.718,0.02916933223605156,103,39,GUIDED,True
2026-08-31 14:22:15,-35.3632625,149.165237,5.354,0.03442607820034027,103,39,GUIDED,True
2026-08-31 14:22:15,-35.3632625,149.165237,6.61,0.03442852571606636,103,39,GUIDED,True
2026-08-31 14:22:16,-35.3632625,149.165237,7.235,0.03257955238223076,103,39,GUIDED,True
2026-08-31 14:22:16,-35.3632625,149.165237,8.474,0.03170408308506012,103,39,GUIDED,True
2026-08-31 14:22:16,-35.3632625,149.165237,9.093,0.02935282327234745,103,39,GUIDED,True
2026-08-31 14:22:17,-35.3632625,149.165237,10.335,0.02887767367064953,103,39,GUIDED,True
2026-08-31 14:22:17,-35.3632625,149.165237,10.957,0.02883404865860939,103,39,GUIDED,True
2026-08-31 14:22:18,-35.3632625,149.165237,12.199,0.028857236728072166,103,39,GUIDED,True
2026-08-31 14:22:18,-35.3632625,149.165237,12.819,0.029552452266216278,103,38,GUIDED,True
2026-08-31 14:22:18,-35.3632625,149.165237,14.063,0.028526775538921356,103,38,GUIDED,True
2026-08-31 14:22:19,-35.3632625,149.165237,14.686,0.02751745842397213,103,38,GUIDED,True
2026-08-31 14:22:19,-35.3632625,149.165237,16.559,0.02708030305802822,103,38,GUIDED,True
2026-08-31 14:22:20,-35.3632625,149.165237,17.175,0.025662967935204506,103,38,GUIDED,True
2026-08-31 14:22:20,-35.3632625,149.165237,18.267,0.02464951202273369,103,38,GUIDED,True
2026-08-31 14:22:20,-35.3632625,149.165237,18.715,0.022577157244086266,103,38,GUIDED,True
2026-08-31 14:22:21,-35.3632625,149.165237,19.404,0.02252533659338951,103,38,GUIDED,True
2026-08-31 14:22:21,-35.3632625,149.165237,19.648,0.021485069766640663,103,38,GUIDED,True
2026-08-31 14:22:22,-35.3632625,149.165237,19.946,0.020946407690644264,103,38,GUIDED,True
2026-08-31 14:22:22,-35.3632625,149.165237,20.001,0.02018091455101967,103,37,GUIDED,True
2026-08-31 14:22:22,-35.3632625,149.165237,19.987,0.019803335890173912,103,37,GUIDED,True
2026-08-31 14:22:22,-35.3632625,149.165237,19.968,0.020427213981747627,103,37,GUIDED,True
2026-08-31 14:22:23,-35.3632625,149.165237,19.949,0.020780028775334358,103,37,GUIDED,True
2026-08-31 14:22:24,-35.3632625,149.165237,19.95,0.02159235067665577,103,37,GUIDED,True
2026-08-31 14:22:24,-35.3632625,149.165237,19.963,0.021797148510813713,103,37,GUIDED,True
2026-08-31 14:22:24,-35.3632625,149.165237,19.972,0.021699419245123863,103,37,GUIDED,True
2026-08-31 14:22:25,-35.3632625,149.165237,19.984,0.022224469110369682,103,37,GUIDED,True
2026-08-31 14:22:25,-35.3632625,149.165237,19.985,0.02446574531495571,103,37,GUIDED,True
2026-08-31 14:22:25,-35.3632625,149.165237,19.986,0.024960532784461975,103,37,GUIDED,True
2026-08-31 14:22:26,-35.3632625,149.165237,19.988,0.02530583180487156,103,37,AUTO,True
2026-08-31 14:22:26,-35.3632622,149.1652373,19.993,0.026114514097571373,103,37,AUTO,True
2026-08-31 14:22:27,-35.3632617,149.1652379,19.997,0.26170018315315247,103,36,AUTO,True
2026-08-31 14:22:27,-35.3632596,149.1652403,20.012,0.4492530822753906,104,36,AUTO,True
2026-08-31 14:22:27,-35.3632579,149.1652423,20.024,0.9433568716049194,96,36,AUTO,True
2026-08-31 14:22:28,-35.3632528,149.1652481,20.058,1.2475602626800537,80,36,AUTO,True
2026-08-31 14:22:28,-35.3632493,149.1652521,20.081,1.980163335800171,46,36,AUTO,True
2026-08-31 14:22:29,-35.3632399,149.165263,20.142,2.416677474975586,37,36,AUTO,True
2026-08-31 14:22:29,-35.3632339,149.1652698,20.181,3.436448335647583,42,36,AUTO,True
2026-08-31 14:22:29,-35.3632107,149.1652965,20.332,3.9738245010375977,43,36,AUTO,True
2026-08-31 14:22:30,-35.3632012,149.1653073,20.392,5.547718048095703,42,36,AUTO,True
2026-08-31 14:22:30,-35.3631796,149.1653321,20.527,6.081114768981934,42,35,AUTO,True
2026-08-31 14:22:31,-35.3631676,149.1653458,20.602,7.13541316986084,42,35,AUTO,True
2026-08-31 14:22:31,-35.3631415,149.1653756,20.764,7.596031188964844,42,35,AUTO,True
2026-08-31 14:22:31,-35.3631275,149.1653916,20.849,8.361590385437012,42,35,AUTO,True
2026-08-31 14:22:32,-35.3631131,149.1654081,20.936,8.676424980163574,42,35,AUTO,True
2026-08-31 14:22:32,-35.3630982,149.1654251,21.025,8.942352294921875,42,35,AUTO,True
2026-08-31 14:22:32,-35.3630675,149.1654602,21.208,9.163357734680176,42,35,AUTO,True
2026-08-31 14:22:33,-35.3630518,149.165478,21.301,9.46121883392334,42,35,AUTO,True
2026-08-31 14:22:33,-35.3630045,149.1655319,21.578,9.532224655151367,42,35,AUTO,True
2026-08-31 14:22:33,-35.3629886,149.1655501,21.668,9.618449211120605,42,35,AUTO,True
2026-08-31 14:22:34,-35.3629566,149.1655866,21.851,9.662636756896973,42,34,AUTO,True
2026-08-31 14:22:34,-35.3629405,149.1656049,21.943,9.739893913269043,42,34,AUTO,True
2026-08-31 14:22:35,-35.3629082,149.1656417,22.13,9.765549659729004,42,34,AUTO,True
2026-08-31 14:22:35,-35.3628921,149.1656601,22.224,9.800331115722656,42,34,AUTO,True
2026-08-31 14:22:35,-35.3628598,149.1656971,22.414,9.813552856445312,42,34,AUTO,True
2026-08-31 14:22:36,-35.3628436,149.1657156,22.509,9.842313766479492,42,34,AUTO,True
2026-08-31 14:22:36,-35.3628113,149.1657525,22.701,9.85491943359375,42,34,AUTO,True
2026-08-31 14:22:36,-35.3627952,149.165771,22.797,9.87918472290039,42,34,AUTO,True
2026-08-31 14:22:37,-35.3627628,149.165808,22.989,9.894251823425293,42,34,AUTO,True
2026-08-31 14:22:37,-35.3627466,149.1658266,23.085,9.93592643737793,42,34,AUTO,True
2026-08-31 14:22:38,-35.362714,149.1658639,23.278,9.95574951171875,42,33,AUTO,True
2026-08-31 14:22:38,-35.3626977,149.1658826,23.375,9.980971336364746,42,33,AUTO,True
2026-08-31 14:22:38,-35.3626648,149.1659202,23.569,9.987128257751465,42,33,AUTO,True
2026-08-31 14:22:39,-35.3626484,149.1659389,23.666,9.990673065185547,42,33,AUTO,True
2026-08-31 14:22:39,-35.3626156,149.1659764,23.861,9.987642288208008,42,33,AUTO,True
2026-08-31 14:22:40,-35.3625993,149.1659951,23.958,9.978917121887207,42,33,AUTO,True
2026-08-31 14:22:40,-35.3625666,149.1660325,24.153,9.976930618286133,42,33,AUTO,True
2026-08-31 14:22:40,-35.3625502,149.1660513,24.251,9.973478317260742,42,33,AUTO,True
2026-08-31 14:22:41,-35.3625174,149.1660887,24.445,9.977527618408203,42,33,AUTO,True
2026-08-31 14:22:41,-35.3625011,149.1661074,24.543,9.982109069824219,42,33,AUTO,True
2026-08-31 14:22:41,-35.3624683,149.1661449,24.739,9.983869552612305,42,32,AUTO,True
2026-08-31 14:22:42,-35.3624519,149.1661636,24.838,9.992773056030273,42,32,AUTO,True
2026-08-31 14:22:42,-35.3624193,149.1662009,25.034,9.994132041931152,42,32,AUTO,True
2026-08-31 14:22:43,-35.3624029,149.1662197,25.133,9.999109268188477,42,32,AUTO,True
2026-08-31 14:22:43,-35.3623701,149.1662571,25.328,10.009008407592773,42,32,AUTO,True
2026-08-31 14:22:43,-35.3623537,149.1662759,25.426,10.02397632598877,42,32,AUTO,True
2026-08-31 14:22:44,-35.3623208,149.1663135,25.622,10.028203964233398,42,32,AUTO,True
2026-08-31 14:22:44,-35.3623044,149.1663323,25.72,10.031390190124512,42,32,AUTO,True
2026-08-31 14:22:44,-35.3622714,149.16637,25.917,10.026723861694336,42,32,AUTO,True
2026-08-31 14:22:45,-35.3622549,149.1663888,26.015,10.0211181640625,42,32,AUTO,True
2026-08-31 14:22:45,-35.3622221,149.1664263,26.212,10.01496696472168,42,31,AUTO,True
2026-08-31 14:22:46,-35.3622057,149.1664451,26.31,10.005643844604492,42,31,AUTO,True
2026-08-31 14:22:46,-35.3621728,149.1664826,26.508,10.005311965942383,42,31,AUTO,True
2026-08-31 14:22:46,-35.3621564,149.1665014,26.606,10.004314422607422,42,31,AUTO,True
2026-08-31 14:22:47,-35.3621236,149.1665389,26.803,10.003491401672363,42,31,AUTO,True
2026-08-31 14:22:47,-35.3621072,149.1665576,26.901,10.001538276672363,42,31,AUTO,True
2026-08-31 14:22:47,-35.3620744,149.1665951,27.098,10.004602432250977,42,31,AUTO,True
2026-08-31 14:22:48,-35.362058,149.1666138,27.196,10.018945693969727,42,31,AUTO,True
2026-08-31 14:22:48,-35.3620251,149.1666514,27.393,10.025596618652344,42,31,AUTO,True
2026-08-31 14:22:48,-35.3620087,149.1666703,27.491,10.02501106262207,42,30,AUTO,True
2026-08-31 14:22:49,-35.3619757,149.166708,27.687,10.023859977722168,42,30,AUTO,True
2026-08-31 14:22:49,-35.3619593,149.1667268,27.785,10.016172409057617,42,30,AUTO,True
2026-08-31 14:22:50,-35.3619264,149.1667643,27.981,10.01101016998291,42,30,AUTO,True
2026-08-31 14:22:50,-35.3619099,149.1667831,28.079,10.00573444366455,42,30,AUTO,True
2026-08-31 14:22:50,-35.3618771,149.1668206,28.276,10.003463745117188,42,30,AUTO,True
2026-08-31 14:22:51,-35.3618605,149.1668395,28.374,9.996849060058594,42,30,AUTO,True
2026-08-31 14:22:51,-35.3618278,149.1668769,28.571,9.99581527709961,42,30,AUTO,True
2026-08-31 14:22:51,-35.3618114,149.1668956,28.67,9.984633445739746,42,30,AUTO,True
2026-08-31 14:22:52,-35.3617787,149.166933,28.867,9.98657512664795,42,30,AUTO,True
2026-08-31 14:22:52,-35.3617625,149.1669516,28.966,9.977439880371094,42,30,AUTO,True
2026-08-31 14:22:53,-35.3617305,149.1669882,29.163,9.88944149017334,42,29,AUTO,True
2026-08-31 14:22:53,-35.3617151,149.1670058,29.256,9.503498077392578,42,29,AUTO,True
2026-08-31 14:22:53,-35.3616859,149.1670391,29.429,9.220759391784668,42,29,AUTO,True
2026-08-31 14:22:54,-35.3616723,149.1670546,29.506,8.480181694030762,42,29,AUTO,True
2026-08-31 14:22:54,-35.3616475,149.1670827,29.639,8.021587371826172,42,29,AUTO,True
2026-08-31 14:22:55,-35.3616366,149.1670951,29.695,6.914683818817139,42,29,AUTO,True
2026-08-31 14:22:55,-35.361618,149.1671165,29.789,6.284891605377197,42,29,AUTO,True
2026-08-31 14:22:55,-35.3616107,149.1671255,29.828,4.938365459442139,44,29,AUTO,True
2026-08-31 14:22:56,-35.361601,149.1671402,29.894,4.202613353729248,46,29,AUTO,True
2026-08-31 14:22:56,-35.3615988,149.167146,29.921,2.672635555267334,58,29,AUTO,True
2026-08-31 14:22:56,-35.3616003,149.1671551,29.96,2.0234994888305664,70,29,AUTO,True
2026-08-31 14:22:57,-35.3616041,149.1671587,29.973,1.9262040853500366,101,28,AUTO,True
2026-08-31 14:22:57,-35.3616173,149.1671649,29.987,2.4993174076080322,115,28,AUTO,True
2026-08-31 14:22:57,-35.3616265,149.1671678,29.99,3.960501194000244,144,28,AUTO,True
2026-08-31 14:22:58,-35.3616492,149.1671741,29.992,4.621273517608643,160,28,AUTO,True
2026-08-31 14:22:58,-35.3616623,149.1671776,29.99,5.747081756591797,169,28,AUTO,True
2026-08-31 14:22:59,-35.3616919,149.1671859,29.986,6.250321388244629,167,28,AUTO,True
2026-08-31 14:22:59,-35.3617083,149.1671906,29.985,7.203498840332031,166,28,AUTO,True
2026-08-31 14:22:59,-35.3617255,149.1671957,29.985,7.636974811553955,166,28,AUTO,True
2026-08-31 14:23:00,-35.3617435,149.1672009,29.985,8.013842582702637,166,28,AUTO,True
2026-08-31 14:23:00,-35.3618012,149.167218,29.988,8.342759132385254,166,28,AUTO,True
2026-08-31 14:23:00,-35.3618214,149.167224,29.989,9.09533977508545,166,27,AUTO,True
2026-08-31 14:23:01,-35.3618625,149.1672363,29.994,9.26480770111084,166,27,AUTO,True
2026-08-31 14:23:01,-35.3618834,149.1672426,29.996,9.47104263305664,166,27,AUTO,True
2026-08-31 14:23:02,-35.3619251,149.1672552,29.999,9.507936477661133,166,27,AUTO,True
2026-08-31 14:23:02,-35.3619461,149.1672616,29.999,9.553832054138184,166,27,AUTO,True
2026-08-31 14:23:03,-35.3619882,149.1672744,29.999,9.595019340515137,166,27,AUTO,True
2026-08-31 14:23:03,-35.3620093,149.1672809,30.0,9.677660942077637,166,27,AUTO,True
2026-08-31 14:23:03,-35.3620517,149.1672939,30.002,9.704216957092285,166,27,AUTO,True
2026-08-31 14:23:04,-35.3620729,149.1673004,30.002,9.766074180603027,166,27,AUTO,True
2026-08-31 14:23:04,-35.3621157,149.1673136,30.002,9.795658111572266,166,27,AUTO,True
2026-08-31 14:23:04,-35.3621371,149.1673202,30.002,9.840209007263184,166,26,AUTO,True
2026-08-31 14:23:05,-35.3621801,149.1673335,30.002,9.85804557800293,166,26,AUTO,True
2026-08-31 14:23:05,-35.3622016,149.1673402,30.002,9.880030632019043,166,26,AUTO,True
2026-08-31 14:23:05,-35.3622448,149.1673535,30.002,9.884968757629395,166,26,AUTO,True
2026-08-31 14:23:06,-35.3622664,149.1673602,30.002,9.900433540344238,166,26,AUTO,True
2026-08-31 14:23:06,-35.3623095,149.1673736,30.002,9.906190872192383,166,26,AUTO,True
2026-08-31 14:23:06,-35.3623311,149.1673803,30.002,9.915363311767578,166,26,AUTO,True
2026-08-31 14:23:07,-35.3623744,149.1673937,30.002,9.922800064086914,166,26,AUTO,True
2026-08-31 14:23:07,-35.362396,149.1674004,30.002,9.931790351867676,166,26,AUTO,True
2026-08-31 14:23:08,-35.3624392,149.1674138,30.002,9.934650421142578,166,26,AUTO,True
2026-08-31 14:23:08,-35.3624608,149.1674205,30.001,9.944589614868164,166,25,AUTO,True
2026-08-31 14:23:08,-35.3625041,149.167434,30.001,9.954706192016602,166,25,AUTO,True
2026-08-31 14:23:09,-35.3625258,149.1674408,30.001,9.979082107543945,166,25,AUTO,True
2026-08-31 14:23:09,-35.3625693,149.1674543,30.001,9.987113952636719,166,25,AUTO,True
2026-08-31 14:23:09,-35.3625911,149.1674611,30.001,9.986743927001953,166,25,AUTO,True
2026-08-31 14:23:10,-35.3626346,149.1674746,30.002,9.98619270324707,166,25,AUTO,True
2026-08-31 14:23:10,-35.3626564,149.1674814,30.002,9.984049797058105,166,25,AUTO,True
2026-08-31 14:23:11,-35.3626998,149.167495,30.002,9.979730606079102,166,25,AUTO,True
2026-08-31 14:23:11,-35.3627216,149.1675017,30.002,9.97459888458252,166,25,AUTO,True
2026-08-31 14:23:11,-35.3627652,149.1675153,30.001,9.97262191772461,166,25,AUTO,True
2026-08-31 14:23:12,-35.3627869,149.167522,30.001,9.971641540527344,166,24,AUTO,True
2026-08-31 14:23:12,-35.3628302,149.1675355,30.001,9.969771385192871,166,24,AUTO,True
2026-08-31 14:23:13,-35.3628519,149.1675423,30.001,9.966928482055664,166,24,AUTO,True
2026-08-31 14:23:13,-35.3628953,149.1675558,30.0,9.973884582519531,166,24,AUTO,True
2026-08-31 14:23:13,-35.362917,149.1675626,30.001,9.994089126586914,165,24,AUTO,True
2026-08-31 14:23:14,-35.3629606,149.1675761,30.001,9.997529983520508,165,24,AUTO,True
2026-08-31 14:23:14,-35.3629824,149.1675829,30.001,10.002089500427246,165,24,AUTO,True
2026-08-31 14:23:15,-35.363026,149.1675965,30.001,9.999615669250488,165,24,AUTO,True
2026-08-31 14:23:15,-35.3630478,149.1676033,30.001,9.995014190673828,165,24,AUTO,True
2026-08-31 14:23:15,-35.3630914,149.1676168,30.001,9.994152069091797,165,24,AUTO,True
2026-08-31 14:23:16,-35.3631132,149.1676236,30.001,9.989764213562012,165,23,AUTO,True
2026-08-31 14:23:16,-35.3631568,149.1676372,30.001,9.98730754852295,165,23,AUTO,True
2026-08-31 14:23:16,-35.3631786,149.167644,30.001,9.979866981506348,165,23,AUTO,True
2026-08-31 14:23:17,-35.3632222,149.1676576,30.0,9.974631309509277,165,23,AUTO,True
2026-08-31 14:23:17,-35.3632439,149.1676644,29.999,9.968145370483398,165,23,AUTO,True
2026-08-31 14:23:18,-35.3632874,149.1676779,29.999,9.966623306274414,165,23,AUTO,True
2026-08-31 14:23:18,-35.3633091,149.1676847,29.999,9.960365295410156,165,23,AUTO,True
2026-08-31 14:23:19,-35.363374,149.1677049,29.998,9.959962844848633,165,23,AUTO,True
2026-08-31 14:23:19,-35.3633957,149.1677116,29.998,9.985095977783203,165,23,AUTO,True
2026-08-31 14:23:19,-35.3634174,149.1677184,29.998,9.999344825744629,165,23,AUTO,True
2026-08-31 14:23:19,-35.3634392,149.1677252,29.998,10.011784553527832,165,22,AUTO,True
2026-08-31 14:23:20,-35.3634829,149.1677388,29.999,10.016922950744629,165,22,AUTO,True
2026-08-31 14:23:20,-35.3635048,149.1677456,30.0,10.015732765197754,165,22,AUTO,True
2026-08-31 14:23:21,-35.3635485,149.1677592,30.001,10.01020622253418,165,22,AUTO,True
2026-08-31 14:23:21,-35.3635703,149.167766,30.001,9.99413013458252,165,22,AUTO,True
2026-08-31 14:23:21,-35.3636356,149.1677863,30.001,9.986628532409668,165,22,AUTO,True
2026-08-31 14:23:22,-35.3636574,149.1677931,30.001,9.970919609069824,165,22,AUTO,True
2026-08-31 14:23:22,-35.3637009,149.1678067,30.001,9.96837043762207,165,22,AUTO,True
2026-08-31 14:23:23,-35.3637227,149.1678135,30.001,9.967107772827148,165,22,AUTO,True
2026-08-31 14:23:23,-35.3637661,149.167827,30.001,9.965903282165527,165,22,AUTO,True
2026-08-31 14:23:23,-35.3637879,149.1678338,30.001,9.969459533691406,165,21,AUTO,True
2026-08-31 14:23:24,-35.3638312,149.1678473,30.0,9.973337173461914,165,21,AUTO,True
2026-08-31 14:23:24,-35.363853,149.167854,29.999,9.970874786376953,165,21,AUTO,True
2026-08-31 14:23:24,-35.3638747,149.1678608,29.999,9.978368759155273,165,21,AUTO,True
2026-08-31 14:23:25,-35.3638964,149.1678676,29.998,9.988231658935547,165,21,AUTO,True
2026-08-31 14:23:25,-35.3639617,149.1678879,29.999,9.995540618896484,165,21,AUTO,True
2026-08-31 14:23:26,-35.3639836,149.1678947,30.0,10.003437995910645,165,21,AUTO,True
2026-08-31 14:23:26,-35.3640271,149.1679083,30.001,10.000447273254395,165,21,AUTO,True
2026-08-31 14:23:26,-35.364049,149.1679151,30.001,9.99281120300293,165,21,AUTO,True
2026-08-31 14:23:27,-35.3640923,149.1679286,30.005,9.99281120300293,165,21,AUTO,True
2026-08-31 14:23:27,-35.3641134,149.1679352,30.007,9.797646522521973,165,20,AUTO,True
2026-08-31 14:23:27,-35.3641542,149.1679479,30.011,9.602765083312988,165,20,AUTO,True
2026-08-31 14:23:28,-35.3641736,149.1679539,30.011,9.047147750854492,165,20,AUTO,True
2026-08-31 14:23:28,-35.3642097,149.1679651,30.007,8.68399715423584,165,20,AUTO,True
2026-08-31 14:23:28,-35.3642261,149.1679702,30.003,7.774543762207031,165,20,AUTO,True
2026-08-31 14:23:29,-35.3642412,149.1679749,29.998,7.228256702423096,165,20,AUTO,True
2026-08-31 14:23:29,-35.364255,149.1679791,29.992,6.623478412628174,165,20,AUTO,True
2026-08-31 14:23:30,-35.3642782,149.1679866,29.985,5.991151809692383,165,20,AUTO,True
2026-08-31 14:23:30,-35.3642874,149.1679901,29.983,4.605000972747803,164,20,AUTO,True
2026-08-31 14:23:30,-35.3642999,149.1679967,29.987,3.829800605773926,161,20,AUTO,True
2026-08-31 14:23:31,-35.3643031,149.1680002,29.99,2.2084617614746094,147,20,AUTO,True
2026-08-31 14:23:31,-35.3643,149.1680128,29.998,1.5790507793426514,133,20,AUTO,True
2026-08-31 14:23:32,-35.3642949,149.1680181,29.998,2.606807231903076,89,19,AUTO,True
2026-08-31 14:23:32,-35.3642881,149.1680241,29.998,2.606807231903076,89,19,AUTO,True
2026-08-31 14:23:32,-35.3642798,149.1680309,29.997,4.1301188468933105,60,19,AUTO,True
2026-08-31 14:23:32,-35.3642596,149.1680465,29.995,4.7614898681640625,44,19,AUTO,True
2026-08-31 14:23:33,-35.3642482,149.1680555,29.994,5.79768705368042,29,19,AUTO,True
2026-08-31 14:23:33,-35.364223,149.1680757,29.991,6.254782199859619,32,19,AUTO,True
2026-08-31 14:23:34,-35.3642092,149.168087,29.989,7.1739277839660645,33,19,AUTO,True
2026-08-31 14:23:34,-35.3641793,149.1681114,29.989,7.60440731048584,33,19,AUTO,True
2026-08-31 14:23:34,-35.3641634,149.1681244,29.989,8.316081047058105,33,19,AUTO,True
2026-08-31 14:23:35,-35.3641302,149.1681518,29.989,8.6101655960083,33,19,AUTO,True
2026-08-31 14:23:35,-35.3641131,149.168166,29.99,9.07374095916748,33,18,AUTO,True
2026-08-31 14:23:35,-35.3640782,149.1681949,29.993,9.23757553100586,33,18,AUTO,True
2026-08-31 14:23:36,-35.3640605,149.1682096,29.995,9.434513092041016,33,18,AUTO,True
2026-08-31 14:23:36,-35.364025,149.1682391,29.996,9.468367576599121,33,18,AUTO,True
2026-08-31 14:23:37,-35.3640072,149.168254,29.996,9.513071060180664,33,18,AUTO,True
2026-08-31 14:23:37,-35.3639714,149.1682839,29.997,9.556107521057129,33,18,AUTO,True
2026-08-31 14:23:37,-35.3639534,149.1682989,29.997,9.631234169006348,33,18,AUTO,True
2026-08-31 14:23:38,-35.3639173,149.1683291,29.998,9.6600923538208,33,18,AUTO,True
2026-08-31 14:23:38,-35.3638993,149.1683442,29.998,9.711016654968262,33,18,AUTO,True
2026-08-31 14:23:38,-35.3638631,149.1683745,29.999,9.731592178344727,33,18,AUTO,True
2026-08-31 14:23:39,-35.363845,149.1683897,29.999,9.76754093170166,33,17,AUTO,True
2026-08-31 14:23:39,-35.3638088,149.1684201,30.0,9.787497520446777,33,17,AUTO,True
2026-08-31 14:23:40,-35.3637906,149.1684354,30.0,9.837349891662598,33,17,AUTO,True
2026-08-31 14:23:40,-35.363754,149.1684661,30.001,9.86398983001709,33,17,AUTO,True
2026-08-31 14:23:40,-35.3637357,149.1684816,30.001,9.90519905090332,34,17,AUTO,True
2026-08-31 14:23:41,-35.3636989,149.1685126,30.002,9.914390563964844,34,17,AUTO,True
2026-08-31 14:23:41,-35.3636804,149.1685281,30.002,9.929533004760742,34,17,AUTO,True
2026-08-31 14:23:42,-35.3636436,149.1685591,30.002,9.930466651916504,34,17,AUTO,True
2026-08-31 14:23:42,-35.3636251,149.1685746,30.002,9.928979873657227,34,17,AUTO,True
2026-08-31 14:23:42,-35.3635883,149.1686056,30.002,9.929559707641602,34,17,AUTO,True
2026-08-31 14:23:43,-35.3635699,149.1686211,30.002,9.928152084350586,34,16,AUTO,True
2026-08-31 14:23:43,-35.363533,149.1686522,30.002,9.926084518432617,34,16,AUTO,True
2026-08-31 14:23:43,-35.3635146,149.1686677,30.002,9.930590629577637,34,16,AUTO,True
2026-08-31 14:23:44,-35.3634777,149.1686987,30.002,9.93470573425293,34,16,AUTO,True
2026-08-31 14:23:44,-35.3634593,149.1687143,30.002,9.94444751739502,34,16,AUTO,True
2026-08-31 14:23:45,-35.3634225,149.1687452,30.002,9.950681686401367,34,16,AUTO,True
2026-08-31 14:23:45,-35.3634041,149.1687607,30.002,9.951375961303711,34,16,AUTO,True
2026-08-31 14:23:45,-35.3633672,149.1687918,30.001,9.959948539733887,34,16,AUTO,True
2026-08-31 14:23:46,-35.3633487,149.1688074,30.001,9.980778694152832,34,16,AUTO,True
2026-08-31 14:23:46,-35.3633116,149.1688386,30.002,9.98830795288086,34,16,AUTO,True
2026-08-31 14:23:46,-35.3632931,149.1688542,30.002,9.990577697753906,34,15,AUTO,True
2026-08-31 14:23:47,-35.3632561,149.1688854,30.004,9.987399101257324,34,15,AUTO,True
2026-08-31 14:23:47,-35.3632375,149.1689011,30.005,9.979966163635254,34,15,AUTO,True
2026-08-31 14:23:48,-35.3632005,149.1689323,30.005,9.98015308380127,34,15,AUTO,True
2026-08-31 14:23:48,-35.363182,149.1689479,30.005,9.973358154296875,34,15,AUTO,True
2026-08-31 14:23:48,-35.363145,149.168979,30.005,9.969719886779785,34,15,AUTO,True
2026-08-31 14:23:49,-35.3631265,149.1689946,30.004,9.968779563903809,34,15,AUTO,True
2026-08-31 14:23:49,-35.3630895,149.1690258,30.003,9.967718124389648,34,15,AUTO,True
2026-08-31 14:23:49,-35.3630711,149.1690413,30.002,9.966902732849121,34,15,AUTO,True
2026-08-31 14:23:50,-35.3630342,149.1690724,30.002,9.968572616577148,34,15,AUTO,True
2026-08-31 14:23:50,-35.3630157,149.169088,30.002,9.983661651611328,34,14,AUTO,True
2026-08-31 14:23:50,-35.3629787,149.1691192,30.002,9.991003036499023,34,14,AUTO,True
2026-08-31 14:23:51,-35.3629601,149.1691348,30.001,9.9949369430542,34,14,AUTO,True
2026-08-31 14:23:51,-35.362923,149.1691661,30.001,9.99267292022705,34,14,AUTO,True
2026-08-31 14:23:52,-35.3629045,149.1691817,30.001,9.99065113067627,34,14,AUTO,True
2026-08-31 14:23:52,-35.3628674,149.1692129,30.002,9.987276077270508,34,14,AUTO,True
2026-08-31 14:23:52,-35.3628489,149.1692285,30.002,9.980104446411133,34,14,AUTO,True
2026-08-31 14:23:53,-35.3628119,149.1692598,30.002,9.978442192077637,34,14,AUTO,True
2026-08-31 14:23:53,-35.3627934,149.1692754,30.002,9.972051620483398,34,14,AUTO,True
2026-08-31 14:23:53,-35.3627563,149.1693066,30.002,9.970117568969727,34,14,AUTO,True
2026-08-31 14:23:54,-35.3627379,149.1693221,30.002,9.963027954101562,34,14,AUTO,True
2026-08-31 14:23:54,-35.3627011,149.1693531,30.001,9.960988998413086,34,13,AUTO,True
2026-08-31 14:23:55,-35.3626826,149.1693687,30.001,9.974618911743164,34,13,AUTO,True
2026-08-31 14:23:55,-35.362646,149.1693996,30.006,9.972674369812012,34,13,AUTO,True
2026-08-31 14:23:55,-35.362628,149.1694147,30.01,9.765179634094238,34,13,AUTO,True
2026-08-31 14:23:56,-35.3625936,149.1694438,30.014,9.55985164642334,34,13,AUTO,True
2026-08-31 14:23:56,-35.3625772,149.1694576,30.014,8.9706449508667,34,13,AUTO,True
2026-08-31 14:23:56,-35.362547,149.1694831,30.009,8.589187622070312,34,13,AUTO,True
2026-08-31 14:23:57,-35.3625333,149.1694947,30.005,7.644631385803223,34,13,AUTO,True
2026-08-31 14:23:57,-35.3625092,149.169515,29.993,7.074424743652344,34,13,AUTO,True
2026-08-31 14:23:58,-35.3624989,149.1695237,29.989,5.811812877655029,34,13,AUTO,True
2026-08-31 14:23:58,-35.362482,149.169538,29.987,5.169750690460205,34,13,AUTO,True
2026-08-31 14:23:58,-35.3624755,149.1695436,29.988,3.8620407581329346,34,12,AUTO,True
2026-08-31 14:23:59,-35.362466,149.1695516,29.993,3.1915600299835205,34,12,AUTO,True
2026-08-31 14:23:59,-35.3624629,149.1695542,29.996,1.9156813621520996,34,12,AUTO,True
2026-08-31 14:24:00,-35.3624594,149.1695571,29.999,1.3806402683258057,34,12,AUTO,True
2026-08-31 14:24:00,-35.3624587,149.1695577,29.999,0.5350291728973389,34,12,AUTO,True
2026-08-31 14:24:00,-35.3624587,149.1695576,29.998,0.22315551340579987,34,12,AUTO,True
2026-08-31 14:24:01,-35.3624591,149.1695573,29.996,0.18181546032428741,34,12,AUTO,True
2026-08-31 14:24:01,-35.3624601,149.1695562,29.993,0.27181246876716614,34,12,AUTO,True
2026-08-31 14:24:01,-35.3624605,149.1695558,29.992,0.2529490888118744,34,12,AUTO,True
2026-08-31 14:24:02,-35.3624609,149.1695553,29.991,0.18668028712272644,34,12,AUTO,True
2026-08-31 14:24:02,-35.3624607,149.1695554,29.991,0.08582894504070282,34,11,AUTO,True
2026-08-31 14:24:03,-35.36246,149.1695559,29.989,0.19455043971538544,34,11,AUTO,True
2026-08-31 14:24:03,-35.3624597,149.169556,29.989,0.19114762544631958,34,11,AUTO,True
2026-08-31 14:24:03,-35.3624598,149.1695559,29.988,0.11232608556747437,34,11,AUTO,True
2026-08-31 14:24:04,-35.3624599,149.1695558,29.989,0.13322052359580994,34,11,AUTO,True
2026-08-31 14:24:04,-35.3624604,149.1695555,29.988,0.15759719908237457,34,11,AUTO,True
2026-08-31 14:24:04,-35.3624605,149.1695554,29.987,0.09686865657567978,34,11,AUTO,True
2026-08-31 14:24:05,-35.3624606,149.1695553,29.987,0.07665617018938065,34,11,AUTO,True
2026-08-31 14:24:05,-35.3624607,149.1695553,29.987,0.05669551342725754,34,11,AUTO,True
2026-08-31 14:24:06,-35.3624608,149.1695552,29.987,0.05378960445523262,34,11,AUTO,True
2026-08-31 14:24:06,-35.3624608,149.1695552,29.987,0.05566910281777382,34,11,AUTO,True
2026-08-31 14:24:07,-35.362461,149.1695551,29.988,0.05914017930626869,34,11,AUTO,True
2026-08-31 14:24:07,-35.3624611,149.169555,29.988,0.06126565486192703,34,10,AUTO,True
2026-08-31 14:24:07,-35.3624611,149.169555,29.988,0.059039369225502014,34,10,AUTO,True
2026-08-31 14:24:08,-35.3624612,149.1695549,29.988,0.052573978900909424,34,10,AUTO,True
2026-08-31 14:24:08,-35.3624613,149.1695549,29.988,0.04989394173026085,34,10,AUTO,True
2026-08-31 14:24:09,-35.3624613,149.1695549,29.988,0.04665331169962883,34,10,AUTO,True
2026-08-31 14:24:09,-35.3624614,149.1695549,29.988,0.04462256282567978,34,10,AUTO,True
2026-08-31 14:24:10,-35.3624614,149.1695549,29.988,0.03843117877840996,34,10,AUTO,True
2026-08-31 14:24:10,-35.3624614,149.1695548,29.988,0.03603160381317139,34,10,AUTO,True
2026-08-31 14:24:10,-35.3624614,149.1695548,29.988,0.03293083980679512,34,10,AUTO,True
2026-08-31 14:24:11,-35.3624615,149.1695548,29.989,0.03247842192649841,34,9,AUTO,True
2026-08-31 14:24:11,-35.3624615,149.1695548,29.989,0.031068142503499985,34,9,AUTO,True
2026-08-31 14:24:11,-35.3624615,149.1695548,29.989,0.029821868985891342,34,9,AUTO,True
2026-08-31 14:24:12,-35.3624615,149.1695548,29.989,0.0282883383333683,34,9,AUTO,True
2026-08-31 14:24:12,-35.3624615,149.1695548,29.989,0.02809159830212593,34,9,AUTO,True
2026-08-31 14:24:13,-35.3624615,149.1695548,29.989,0.027490859851241112,34,9,AUTO,True
2026-08-31 14:24:13,-35.3624615,149.1695548,29.989,0.026592254638671875,34,9,AUTO,True
2026-08-31 14:24:13,-35.3624615,149.1695548,29.989,0.02438863180577755,34,9,AUTO,True
2026-08-31 14:24:14,-35.3624615,149.1695548,29.989,0.023942116647958755,34,9,AUTO,True
2026-08-31 14:24:14,-35.3624615,149.1695548,29.989,0.024771710857748985,34,9,AUTO,True
2026-08-31 14:24:15,-35.3624615,149.1695548,29.991,0.025280196219682693,34,9,AUTO,True
2026-08-31 14:24:15,-35.3624615,149.1695548,29.991,0.026770038530230522,34,8,AUTO,True
2026-08-31 14:24:15,-35.3624616,149.1695547,29.992,0.026963971555233,34,8,AUTO,True
2026-08-31 14:24:16,-35.3624616,149.1695547,29.992,0.02604447491466999,34,8,AUTO,True
2026-08-31 14:24:16,-35.3624615,149.1695547,29.992,0.02402150258421898,34,8,AUTO,True
2026-08-31 14:24:17,-35.3624615,149.1695547,29.992,0.021257789805531502,34,8,AUTO,True
2026-08-31 14:24:17,-35.3624615,149.1695547,29.992,0.020865274593234062,34,8,AUTO,True
2026-08-31 14:24:17,-35.3624615,149.1695547,29.992,0.020922448486089706,34,8,AUTO,True
2026-08-31 14:24:18,-35.3624615,149.1695547,29.991,0.021557817235589027,34,8,AUTO,True
2026-08-31 14:24:18,-35.3624615,149.1695547,29.992,0.023999398574233055,34,8,AUTO,True
2026-08-31 14:24:18,-35.3624615,149.1695547,29.992,0.025733856484293938,34,8,AUTO,True
2026-08-31 14:24:19,-35.3624616,149.1695547,29.992,0.027297113090753555,34,7,AUTO,True
2026-08-31 14:24:19,-35.3624616,149.1695547,29.992,0.026263590902090073,34,7,AUTO,True
2026-08-31 14:24:20,-35.3624616,149.1695547,29.992,0.021804364398121834,34,7,AUTO,True
2026-08-31 14:24:20,-35.3624616,149.1695547,29.986,0.018721027299761772,34,7,AUTO,True
2026-08-31 14:24:20,-35.3624616,149.1695547,29.937,0.014862867072224617,34,7,AUTO,True
2026-08-31 14:24:21,-35.3624616,149.1695547,29.642,0.016256125643849373,34,7,AUTO,True
2026-08-31 14:24:21,-35.3624616,149.1695547,29.389,0.019298754632472992,34,7,AUTO,True
2026-08-31 14:24:21,-35.3624616,149.1695547,28.687,0.019799213856458664,34,7,AUTO,True
2026-08-31 14:24:22,-35.3624616,149.1695547,28.289,0.020720964297652245,34,7,LAND,True
2026-08-31 14:24:22,-35.3624616,149.1695547,27.497,0.020928625017404556,34,7,LAND,True
2026-08-31 14:24:23,-35.3624616,149.1695547,27.116,0.019968068227171898,34,7,LAND,True
2026-08-31 14:24:23,-35.3624616,149.1695547,26.371,0.019630547612905502,34,7,LAND,True
2026-08-31 14:24:23,-35.3624616,149.1695547,26.003,0.01869206316769123,34,6,LAND,True
2026-08-31 14:24:24,-35.3624616,149.1695547,25.266,0.01895560510456562,34,6,LAND,True
2026-08-31 14:24:24,-35.3624616,149.1695547,24.895,0.019514013081789017,34,6,LAND,True
2026-08-31 14:24:24,-35.3624616,149.1695547,24.15,0.019882608205080032,34,6,LAND,True
2026-08-31 14:24:25,-35.3624616,149.1695547,23.776,0.020900234580039978,34,6,LAND,True
2026-08-31 14:24:25,-35.3624616,149.1695547,23.028,0.020984923467040062,34,6,LAND,True
2026-08-31 14:24:26,-35.3624616,149.1695547,22.654,0.0202618520706892,34,6,LAND,True
2026-08-31 14:24:26,-35.3624616,149.1695547,21.905,0.021128367632627487,34,6,LAND,True
2026-08-31 14:24:26,-35.3624616,149.1695547,21.53,0.023143582046031952,34,6,LAND,True
2026-08-31 14:24:27,-35.3624616,149.1695547,20.778,0.024214019998908043,34,6,LAND,True
2026-08-31 14:24:27,-35.3624616,149.1695547,20.403,0.02593405544757843,34,6,LAND,True
2026-08-31 14:24:27,-35.3624616,149.1695547,19.658,0.02579241618514061,34,6,LAND,True
2026-08-31 14:24:28,-35.3624616,149.1695547,19.285,0.023922143504023552,34,5,LAND,True
2026-08-31 14:24:28,-35.3624616,149.1695547,18.163,0.022694772109389305,34,5,LAND,True
2026-08-31 14:24:29,-35.3624616,149.1695547,17.788,0.02210576832294464,34,5,LAND,True
2026-08-31 14:24:29,-35.3624616,149.1695547,17.037,0.022487331181764603,34,5,LAND,True
2026-08-31 14:24:30,-35.3624616,149.1695547,16.662,0.022832708433270454,34,5,LAND,True
2026-08-31 14:24:30,-35.3624616,149.1695547,16.287,0.023045457899570465,34,5,LAND,True
2026-08-31 14:24:30,-35.3624616,149.1695547,15.912,0.023236969485878944,34,5,LAND,True
2026-08-31 14:24:31,-35.3624616,149.1695547,14.787,0.023233894258737564,34,5,LAND,True
2026-08-31 14:24:31,-35.3624616,149.1695547,14.41,0.02170541137456894,34,5,LAND,True
2026-08-31 14:24:31,-35.3624616,149.1695547,13.658,0.02011921815574169,34,5,LAND,True
2026-08-31 14:24:32,-35.3624616,149.1695547,13.283,0.018591314554214478,34,4,LAND,True
2026-08-31 14:24:32,-35.3624616,149.1695547,12.533,0.01843925379216671,34,4,LAND,True
2026-08-31 14:24:32,-35.3624616,149.1695547,12.158,0.01819687709212303,34,4,LAND,True
2026-08-31 14:24:33,-35.3624616,149.1695547,11.408,0.018078256398439407,34,4,LAND,True
2026-08-31 14:24:33,-35.3624616,149.1695547,11.036,0.01882091723382473,34,4,LAND,True
2026-08-31 14:24:34,-35.3624616,149.1695547,10.29,0.019240882247686386,34,4,LAND,True
2026-08-31 14:24:34,-35.3624616,149.1695547,9.916,0.019843412563204765,34,4,LAND,True
2026-08-31 14:24:34,-35.3624616,149.1695547,9.167,0.019786696881055832,34,4,LAND,True
2026-08-31 14:24:35,-35.3624616,149.1695547,8.792,0.01945236138999462,34,4,LAND,True
2026-08-31 14:24:35,-35.3624616,149.1695547,8.038,0.019494425505399704,34,4,LAND,True
2026-08-31 14:24:36,-35.3624616,149.1695547,7.662,0.019468195736408234,34,4,LAND,True
2026-08-31 14:24:36,-35.3624616,149.1695547,6.909,0.0194535069167614,34,4,LAND,True
2026-08-31 14:24:36,-35.3624616,149.1695547,6.533,0.019679171964526176,34,3,LAND,True
2026-08-31 14:24:37,-35.3624616,149.1695547,5.784,0.019995372742414474,34,3,LAND,True
2026-08-31 14:24:37,-35.3624616,149.1695547,5.434,0.020651934668421745,34,3,LAND,True
2026-08-31 14:24:37,-35.3624616,149.1695547,4.909,0.020815934985876083,34,3,LAND,True
2026-08-31 14:24:38,-35.3624616,149.1695547,4.747,0.021111227571964264,34,3,LAND,True
2026-08-31 14:24:38,-35.3624616,149.1695547,4.417,0.02065296471118927,34,3,LAND,True
2026-08-31 14:24:39,-35.3624616,149.1695547,4.307,0.02071629837155342,34,3,LAND,True
2026-08-31 14:24:39,-35.3624616,149.1695547,4.065,0.02354993112385273,34,3,LAND,True
2026-08-31 14:24:40,-35.3624616,149.1695547,3.939,0.02501578815281391,34,3,LAND,True
2026-08-31 14:24:40,-35.3624616,149.1695547,3.81,0.025207580998539925,34,3,LAND,True
2026-08-31 14:24:40,-35.3624616,149.1695547,3.682,0.02476326748728752,34,3,LAND,True
2026-08-31 14:24:41,-35.3624616,149.1695547,3.301,0.024134436622262,34,2,LAND,True
2026-08-31 14:24:41,-35.3624616,149.1695547,3.176,0.024056458845734596,34,2,LAND,True
2026-08-31 14:24:41,-35.3624616,149.1695547,2.924,0.0234204214066267,34,2,LAND,True
2026-08-31 14:24:42,-35.3624616,149.1695547,2.798,0.022542903199791908,34,2,LAND,True
2026-08-31 14:24:42,-35.3624616,149.1695547,2.547,0.022318076342344284,34,2,LAND,True
2026-08-31 14:24:42,-35.3624616,149.1695547,2.422,0.021700235083699226,34,2,LAND,True
2026-08-31 14:24:43,-35.3624616,149.1695547,2.172,0.02141740545630455,34,2,LAND,True
2026-08-31 14:24:43,-35.3624616,149.1695547,2.047,0.0230038333684206,34,2,LAND,True
2026-08-31 14:24:44,-35.3624616,149.1695547,1.796,0.02417978085577488,34,2,LAND,True
2026-08-31 14:24:44,-35.3624616,149.1695547,1.671,0.02412206307053566,34,2,LAND,True
2026-08-31 14:24:44,-35.3624616,149.1695547,1.422,0.022183876484632492,34,2,LAND,True
2026-08-31 14:24:45,-35.3624616,149.1695547,1.297,0.015025322325527668,34,1,LAND,True
2026-08-31 14:24:45,-35.3624616,149.1695547,1.046,0.013938125222921371,34,1,LAND,True
2026-08-31 14:24:45,-35.3624616,149.1695547,0.92,0.014889230020344257,34,1,LAND,True
2026-08-31 14:24:46,-35.3624616,149.1695547,0.67,0.016444319859147072,34,1,LAND,True
2026-08-31 14:24:46,-35.3624616,149.1695547,0.545,0.019926033914089203,34,1,LAND,True
2026-08-31 14:24:47,-35.3624616,149.1695547,0.294,0.02053707279264927,34,1,LAND,True
2026-08-31 14:24:47,-35.3624616,149.1695547,0.169,0.020135633647441864,34,1,LAND,True
2026-08-31 14:24:47,-35.3624616,149.1695547,-0.081,0.020181743428111076,34,1,LAND,True
2026-08-31 14:24:48,-35.3624616,149.1695547,-0.207,0.018662622198462486,34,1,LAND,True
2026-08-31 14:24:48,-35.3624616,149.1695547,-0.456,0.017386093735694885,34,1,LAND,True
2026-08-31 14:24:49,-35.3624616,149.1695547,-0.581,0.017361175268888474,34,1,LAND,True
2026-08-31 14:24:49,-35.3624616,149.1695547,-0.831,0.019841812551021576,34,0,LAND,True
2026-08-31 14:24:49,-35.3624616,149.1695547,-0.956,0.02370050549507141,34,0,LAND,True
2026-08-31 14:24:50,-35.3624616,149.1695547,-1.207,0.022855818271636963,34,0,LAND,True
2026-08-31 14:24:50,-35.3624616,149.1695547,-1.332,0.020410509780049324,34,0,LAND,True
2026-08-31 14:24:50,-35.3624616,149.1695547,-1.582,0.020033948123455048,34,0,LAND,True
2026-08-31 14:24:51,-35.3624616,149.1695547,-1.707,0.019517527893185616,34,0,LAND,True
2026-08-31 14:24:51,-35.3624616,149.1695547,-2.082,0.01942705735564232,34,0,LAND,True
2026-08-31 14:24:52,-35.3624616,149.1695547,-2.207,0.019676025956869125,34,0,LAND,True
2026-08-31 14:24:52,-35.3624616,149.1695547,-2.333,0.019911793991923332,34,0,LAND,True
2026-08-31 14:24:52,-35.3624616,149.1695547,-2.458,0.020899156108498573,34,0,LAND,True
2026-08-31 14:24:53,-35.3624616,149.1695547,-2.708,0.022297587245702744,34,0,LAND,True
2026-08-31 14:24:53,-35.3624616,149.1695547,-2.833,0.02371995896100998,34,0,LAND,True
2026-08-31 14:24:54,-35.3624616,149.1695547,-3.208,0.023708010092377663,34,0,LAND,True
2026-08-31 14:24:54,-35.3624616,149.1695547,-3.333,0.02388639748096466,34,0,LAND,True
2026-08-31 14:24:54,-35.3624616,149.1695547,-3.583,0.02388639748096466,34,0,LAND,True
2026-08-31 14:24:55,-35.3624616,149.1695547,-3.708,0.0232976283878088,34,0,LAND,True
2026-08-31 14:24:55,-35.3624616,149.1695547,-3.957,0.022760391235351562,34,0,LAND,True
2026-08-31 14:24:56,-35.3624616,149.1695547,-4.082,0.021664481610059738,34,0,LAND,True
2026-08-31 14:24:56,-35.3624616,149.1695547,-4.333,0.02204732969403267,34,0,LAND,True
2026-08-31 14:24:56,-35.3624616,149.1695547,-4.458,0.022928396239876747,34,0,LAND,True
2026-08-31 14:24:57,-35.3624616,149.1695547,-4.708,0.02328210137784481,34,0,LAND,True
2026-08-31 14:24:57,-35.3624616,149.1695547,-4.833,0.022313013672828674,34,0,LAND,True
2026-08-31 14:24:57,-35.3624616,149.1695547,-5.083,0.0207810141146183,34,0,LAND,True
2026-08-31 14:24:58,-35.3624616,149.1695547,-5.208,0.019108545035123825,34,0,LAND,True
2026-08-31 14:24:58,-35.3624616,149.1695547,-5.457,0.018871845677495003,34,0,LAND,True
2026-08-31 14:24:59,-35.3624616,149.1695547,-5.582,0.01809077151119709,34,0,LAND,True
2026-08-31 14:24:59,-35.3624616,149.1695547,-5.617,0.018092000856995583,34,0,LAND,True
2026-08-31 14:24:59,-35.3624616,149.1695547,-5.624,0.02176198922097683,34,0,LAND,True
2026-08-31 14:25:00,-35.3624616,149.1695547,-5.623,0.0212565865367651,34,0,LAND,True
2026-08-31 14:25:00,-35.3624616,149.1695547,-5.622,0.021500850096344948,34,0,LAND,True
2026-08-31 14:25:00,-35.3624616,149.1695547,-5.62,0.021382082253694534,34,0,LAND,True
2026-08-31 14:25:01,-35.3624616,149.1695547,-5.619,0.02154223434627056,34,0,LAND,True
2026-08-31 14:25:01,-35.3624616,149.1695547,-5.613,0.021514050662517548,34,0,LAND,True
2026-08-31 14:25:02,-35.3624616,149.1695547,-5.611,0.021855423226952553,34,0,LAND,True
2026-08-31 14:25:02,-35.3624616,149.1695548,-5.606,0.022209463641047478,34,0,LAND,False
2026-08-31 14:25:02,-35.3624616,149.1695548,-5.605,0.022234266623854637,34,0,LAND,False
2026-08-31 14:25:03,-35.3624616,149.1695548,-5.602,0.02226775698363781,34,0,LAND,False
2026-08-31 14:25:03,-35.3624616,149.1695548,-5.601,0.022176509723067284,34,0,LAND,False
2026-08-31 14:25:04,-35.3624616,149.1695548,-5.599,0.022031890228390694,34,0,LAND,False
2026-08-31 14:25:04,-35.3624616,149.1695548,-5.598,0.021778898313641548,34,0,LAND,False
2026-08-31 14:25:04,-35.3624616,149.1695548,-5.597,0.021315423771739006,34,0,LAND,False
2026-08-31 14:25:05,-35.3624616,149.1695548,-5.597,0.02132953517138958,34,0,LAND,False
2026-08-31 14:25:05,-35.3624616,149.1695548,-5.596,0.021236296743154526,34,0,LAND,False
2026-08-31 14:25:05,-35.3624616,149.1695548,-5.596,0.021160805597901344,34,0,LAND,False
2026-08-31 14:25:06,-35.3624616,149.1695548,-5.595,0.02141326479613781,34,0,LAND,False
2026-08-31 14:25:06,-35.3624616,149.1695548,-5.595,0.021507278084754944,34,0,LAND,False
2026-08-31 14:25:07,-35.3624616,149.1695548,-5.594,0.021656109020113945,34,0,LAND,False
2026-08-31 14:25:07,-35.3624616,149.1695548,-5.594,0.022114653140306473,34,0,LAND,False
2026-08-31 14:25:07,-35.3624616,149.1695548,-5.594,0.022188320755958557,34,0,LAND,False
2026-08-31 14:25:08,-35.3624616,149.1695548,-5.594,0.022753534838557243,34,0,LAND,False
2026-08-31 14:25:08,-35.3624616,149.1695548,-5.593,0.02300720289349556,34,0,LAND,False
2026-08-31 14:25:08,-35.3624616,149.1695548,-5.593,0.02346549741923809,34,0,LAND,False
2026-08-31 14:25:09,-35.3624616,149.1695548,-5.593,0.023706428706645966,34,0,LAND,False
2026-08-31 14:25:09,-35.3624616,149.1695548,-5.593,0.023813532665371895,34,0,LAND,False
2026-08-31 14:25:10,-35.3624616,149.1695548,-5.593,0.024018632248044014,34,0,LAND,False
2026-08-31 14:25:10,-35.3624616,149.1695548,-5.593,0.0244144219905138,34,0,LAND,False
2026-08-31 14:25:10,-35.3624616,149.1695548,-5.593,0.024528538808226585,34,0,LAND,False
2026-08-31 14:25:11,-35.3624616,149.1695548,-5.593,0.0249810628592968,34,0,LAND,False
2026-08-31 14:25:11,-35.3624616,149.1695548,-5.593,0.02484772354364395,34,0,LAND,False
2026-08-31 14:25:11,-35.3624616,149.1695548,-5.593,0.024945184588432312,34,0,LAND,False
2026-08-31 14:25:12,-35.3624616,149.1695548,-5.593,0.025135276839137077,34,0,LAND,False
2026-08-31 14:25:12,-35.3624616,149.1695548,-5.593,0.02507546730339527,34,0,LAND,False
2026-08-31 14:25:13,-35.3624616,149.1695548,-5.593,0.025144873186945915,34,0,LAND,False
2026-08-31 14:25:13,-35.3624616,149.1695548,-5.593,0.025213763117790222,34,0,LAND,False
2026-08-31 14:25:13,-35.3624616,149.1695548,-5.593,0.025048427283763885,34,0,LAND,False
2026-08-31 14:25:14,-35.3624616,149.1695548,-5.593,0.025005506351590157,34,0,LAND,False
2026-08-31 14:25:14,-35.3624616,149.1695548,-5.593,0.024901024997234344,34,0,LAND,False
2026-08-31 14:25:15,-35.3624616,149.1695548,-5.593,0.02445601485669613,34,0,LAND,False
2026-08-31 14:25:15,-35.3624616,149.1695548,-5.593,0.024663319811224937,34,0,LAND,False
2026-08-31 14:25:15,-35.3624616,149.1695548,-5.593,0.024290844798088074,34,0,LAND,False
2026-08-31 14:25:16,-35.3624616,149.1695548,-5.593,0.024367498233914375,34,0,LAND,False
2026-08-31 14:25:16,-35.3624616,149.1695548,-5.593,0.024301305413246155,34,0,LAND,False
2026-08-31 14:25:16,-35.3624616,149.1695548,-5.593,0.02417803183197975,34,0,LAND,False
2026-08-31 14:25:17,-35.3624616,149.1695548,-5.593,0.024419348686933517,34,0,LAND,False
2026-08-31 14:25:17,-35.3624616,149.1695548,-5.593,0.024418676272034645,34,0,LAND,False
2026-08-31 14:25:18,-35.3624616,149.1695548,-5.593,0.024421803653240204,34,0,LAND,False
2026-08-31 14:25:18,-35.3624616,149.1695548,-5.593,0.02444380894303322,34,0,LAND,False
2026-08-31 14:25:18,-35.3624616,149.1695548,-5.593,0.02417714335024357,34,0,LAND,False
2026-08-31 14:25:19,-35.3624616,149.1695548,-5.593,0.024229172617197037,34,0,LAND,False
2026-08-31 14:25:19,-35.3624616,149.1695548,-5.593,0.024196192622184753,34,0,LAND,False
2026-08-31 14:25:20,-35.3624616,149.1695548,-5.593,0.02406119555234909,34,0,LAND,False
2026-08-31 14:25:20,-35.3624616,149.1695548,-5.593,0.024065347388386726,34,0,LAND,False
2026-08-31 14:25:20,-35.3624616,149.1695548,-5.593,0.023890312761068344,34,0,LAND,False
2026-08-31 14:25:21,-35.3624616,149.1695548,-5.593,0.02400868572294712,34,0,LAND,False
2026-08-31 14:25:21,-35.3624616,149.1695548,-5.593,0.02384301833808422,34,0,LAND,False
2026-08-31 14:25:22,-35.3624616,149.1695548,-5.593,0.02400773949921131,34,0,LAND,False
2026-08-31 14:25:22,-35.3624616,149.1695548,-5.593,0.024138616397976875,34,0,LAND,False
2026-08-31 14:25:22,-35.3624616,149.1695548,-5.593,0.02393524721264839,34,0,LAND,False
2026-08-31 14:25:23,-35.3624616,149.1695548,-5.593,0.023879865184426308,34,0,LAND,False
2026-08-31 14:25:23,-35.3624616,149.1695548,-5.593,0.023971334099769592,34,0,LAND,False
2026-08-31 14:25:23,-35.3624616,149.1695548,-5.593,0.023959405720233917,34,0,LAND,False
2026-08-31 14:25:24,-35.3624616,149.1695548,-5.593,0.02410643920302391,34,0,LAND,False
2026-08-31 14:25:24,-35.3624616,149.1695548,-5.593,0.024105684831738472,34,0,LAND,False
2026-08-31 14:25:25,-35.3624616,149.1695548,-5.593,0.02410767413675785,34,0,LAND,False
2026-08-31 14:25:25,-35.3624616,149.1695548,-5.593,0.02422027476131916,34,0,LAND,False
2026-08-31 14:25:25,-35.3624616,149.1695548,-5.593,0.02383478358387947,34,0,LAND,False
2026-08-31 14:25:26,-35.3624616,149.1695548,-5.593,0.02391171269118786,34,0,LAND,False
2026-08-31 14:25:26,-35.3624616,149.1695548,-5.593,0.02396230213344097,34,0,LAND,False
2026-08-31 14:25:26,-35.3624616,149.1695548,-5.593,0.023780709132552147,34,0,LAND,False
2026-08-31 14:25:27,-35.3624616,149.1695548,-5.594,0.02401476539671421,34,0,LAND,False
2026-08-31 14:25:27,-35.3624616,149.1695548,-5.594,0.02403334528207779,34,0,LAND,False
2026-08-31 14:25:28,-35.3624616,149.1695548,-5.594,0.024104103446006775,34,0,LAND,False
2026-08-31 14:25:28,-35.3624616,149.1695548,-5.594,0.02425244078040123,34,0,LAND,False
2026-08-31 14:25:28,-35.3624616,149.1695548,-5.594,0.024144330993294716,34,0,LAND,False
2026-08-31 14:25:29,-35.3624616,149.1695548,-5.594,0.024242399260401726,34,0,LAND,False
2026-08-31 14:25:29,-35.3624616,149.1695548,-5.594,0.024354184046387672,34,0,LAND,False
2026-08-31 14:25:30,-35.3624616,149.1695548,-5.594,0.02414579689502716,34,0,LAND,False
2026-08-31 14:25:30,-35.3624616,149.1695548,-5.594,0.024182256311178207,34,0,LAND,False
2026-08-31 14:25:31,-35.3624616,149.1695548,-5.593,0.0240051057189703,34,0,LAND,False
2026-08-31 14:25:31,-35.3624616,149.1695548,-5.593,0.024026084691286087,34,0,LAND,False
2026-08-31 14:25:31,-35.3624616,149.1695548,-5.593,0.02388625219464302,34,0,LAND,False
2026-08-31 14:25:31,-35.3624616,149.1695548,-5.593,0.023823101073503494,34,0,LAND,False
2026-08-31 14:25:32,-35.3624616,149.1695548,-5.593,0.02389197051525116,34,0,LAND,False
2026-08-31 14:25:32,-35.3624616,149.1695548,-5.593,0.02389197051525116,34,0,LAND,False
2026-08-31 14:25:32,-35.3624616,149.1695548,-5.593,0.0237544197589159,34,0,LAND,False
2026-08-31 14:25:33,-35.3624616,149.1695548,-5.593,0.023821303620934486,34,0,LAND,False
2026-08-31 14:25:33,-35.3624616,149.1695548,-5.593,0.023981770500540733,34,0,LAND,False
2026-08-31 14:25:33,-35.3624616,149.1695548,-5.593,0.02374074049293995,34,0,LAND,False
2026-08-31 14:25:34,-35.3624616,149.1695548,-5.593,0.023938490077853203,34,0,LAND,False
2026-08-31 14:25:34,-35.3624616,149.1695548,-5.593,0.02383757010102272,35,0,LAND,False
2026-08-31 14:25:35,-35.3624616,149.1695548,-5.593,0.023667162284255028,35,0,LAND,False
2026-08-31 14:25:35,-35.3624616,149.1695548,-5.593,0.02378201112151146,35,0,LAND,False
2026-08-31 14:25:35,-35.3624616,149.1695548,-5.593,0.02342558465898037,35,0,LAND,False
2026-08-31 14:25:36,-35.3624616,149.1695548,-5.593,0.023432333022356033,35,0,LAND,False
2026-08-31 14:25:36,-35.3624616,149.1695548,-5.593,0.02359652705490589,35,0,LAND,False
2026-08-31 14:25:36,-35.3624616,149.1695548,-5.593,0.02348307892680168,35,0,LAND,False
2026-08-31 14:25:37,-35.3624616,149.1695548,-5.593,0.023892808705568314,35,0,LAND,False
2026-08-31 14:25:37,-35.3624616,149.1695548,-5.593,0.023745112121105194,35,0,LAND,False
2026-08-31 14:25:38,-35.3624616,149.1695548,-5.593,0.023836711421608925,35,0,LAND,False
2026-08-31 14:25:38,-35.3624616,149.1695548,-5.593,0.02407572604715824,35,0,LAND,False
2026-08-31 14:25:38,-35.3624616,149.1695548,-5.593,0.02386816218495369,35,0,LAND,False
2026-08-31 14:25:39,-35.3624616,149.1695548,-5.593,0.02387172356247902,35,0,LAND,False
2026-08-31 14:25:39,-35.3624616,149.1695548,-5.593,0.024057000875473022,35,0,LAND,False
2026-08-31 14:25:40,-35.3624616,149.1695548,-5.593,0.0238847304135561,35,0,LAND,False
2026-08-31 14:25:40,-35.3624616,149.1695548,-5.593,0.024128567427396774,35,0,LAND,False
2026-08-31 14:25:40,-35.3624616,149.1695548,-5.593,0.023967860266566277,35,0,LAND,False
2026-08-31 14:25:41,-35.3624616,149.1695548,-5.593,0.024194350466132164,35,0,LAND,False
2026-08-31 14:25:41,-35.3624616,149.1695548,-5.594,0.024191081523895264,35,0,LAND,False
2026-08-31 14:25:42,-35.3624616,149.1695548,-5.594,0.023864641785621643,35,0,LAND,False
2026-08-31 14:25:42,-35.3624616,149.1695548,-5.594,0.024098563939332962,35,0,LAND,False
2026-08-31 14:25:42,-35.3624616,149.1695548,-5.593,0.02384851686656475,35,0,LAND,False
2026-08-31 14:25:43,-35.3624616,149.1695548,-5.594,0.023739783093333244,35,0,LAND,False
2026-08-31 14:25:43,-35.3624616,149.1695548,-5.594,0.02360762096941471,35,0,LAND,False
2026-08-31 14:25:43,-35.3624616,149.1695548,-5.594,0.023369645699858665,35,0,LAND,False
2026-08-31 14:25:44,-35.3624616,149.1695548,-5.594,0.023494524881243706,35,0,LAND,False
2026-08-31 14:25:44,-35.3624616,149.1695548,-5.593,0.02346944995224476,35,0,LAND,False
2026-08-31 14:25:45,-35.3624616,149.1695548,-5.593,0.02337859757244587,35,0,LAND,False
2026-08-31 14:25:45,-35.3624616,149.1695548,-5.593,0.02352462150156498,35,0,LAND,False
2026-08-31 14:25:45,-35.3624616,149.1695548,-5.593,0.023386532440781593,35,0,LAND,False
2026-08-31 14:25:46,-35.3624616,149.1695548,-5.593,0.023413697257637978,35,0,LAND,False
2026-08-31 14:25:46,-35.3624616,149.1695548,-5.593,0.023425862193107605,35,0,LAND,False
2026-08-31 14:25:47,-35.3624616,149.1695548,-5.593,0.023255422711372375,35,0,LAND,False
2026-08-31 14:25:47,-35.3624616,149.1695548,-5.593,0.023280927911400795,35,0,LAND,False
2026-08-31 14:25:47,-35.3624616,149.1695548,-5.593,0.02314276248216629,35,0,LAND,False
2026-08-31 14:25:48,-35.3624616,149.1695548,-5.593,0.023436540737748146,35,0,LAND,False
2026-08-31 14:25:48,-35.3624616,149.1695548,-5.593,0.02354416996240616,35,0,LAND,False
2026-08-31 14:25:49,-35.3624616,149.1695548,-5.593,0.023330865427851677,35,0,LAND,False
2026-08-31 14:25:49,-35.3624616,149.1695548,-5.593,0.02335151471197605,35,0,LAND,False
2026-08-31 14:25:49,-35.3624616,149.1695548,-5.593,0.02325482666492462,35,0,LAND,False
2026-08-31 14:25:50,-35.3624616,149.1695548,-5.593,0.023315586149692535,35,0,LAND,False
2026-08-31 14:25:50,-35.3624616,149.1695548,-5.593,0.023660123348236084,35,0,LAND,False
2026-08-31 14:25:50,-35.3624616,149.1695548,-5.593,0.023333821445703506,35,0,LAND,False
2026-08-31 14:25:51,-35.3624616,149.1695548,-5.593,0.02364118956029415,35,0,LAND,False
2026-08-31 14:25:51,-35.3624616,149.1695548,-5.593,0.02353670634329319,35,0,LAND,False
2026-08-31 14:25:52,-35.3624616,149.1695548,-5.593,0.02352338656783104,35,0,LAND,False
2026-08-31 14:25:52,-35.3624616,149.1695548,-5.593,0.023739490658044815,35,0,LAND,False
2026-08-31 14:25:52,-35.3624616,149.1695548,-5.593,0.023514309898018837,35,0,LAND,False
2026-08-31 14:25:53,-35.3624616,149.1695548,-5.593,0.023596294224262238,35,0,LAND,False
2026-08-31 14:25:53,-35.3624616,149.1695548,-5.593,0.023707902058959007,35,0,LAND,False
2026-08-31 14:25:53,-35.3624616,149.1695548,-5.593,0.023646583780646324,35,0,LAND,False
2026-08-31 14:25:54,-35.3624616,149.1695548,-5.593,0.02391163259744644,35,0,LAND,False
2026-08-31 14:25:54,-35.3624616,149.1695548,-5.593,0.02401689812541008,35,0,LAND,False
2026-08-31 14:25:55,-35.3624616,149.1695548,-5.593,0.023970099166035652,35,0,LAND,False
2026-08-31 14:25:55,-35.3624616,149.1695548,-5.593,0.02387121692299843,35,0,LAND,False
2026-08-31 14:25:55,-35.3624616,149.1695548,-5.593,0.023705167695879936,35,0,LAND,False
2026-08-31 14:25:56,-35.3624616,149.1695548,-5.593,0.023779671639204025,35,0,LAND,False
2026-08-31 14:25:56,-35.3624616,149.1695548,-5.593,0.023877346888184547,35,0,LAND,False
2026-08-31 14:25:57,-35.3624616,149.1695548,-5.593,0.023475198075175285,35,0,LAND,False
2026-08-31 14:25:57,-35.3624616,149.1695548,-5.593,0.023523099720478058,35,0,LAND,False
2026-08-31 14:25:57,-35.3624616,149.1695548,-5.593,0.023351069539785385,35,0,LAND,False
2026-08-31 14:25:58,-35.3624616,149.1695548,-5.593,0.02371760457754135,35,0,LAND,False
2026-08-31 14:25:58,-35.3624616,149.1695548,-5.593,0.023531218990683556,35,0,LAND,False
2026-08-31 14:25:58,-35.3624616,149.1695548,-5.593,0.023618485778570175,35,0,LAND,False
2026-08-31 14:25:59,-35.3624616,149.1695548,-5.593,0.023619962856173515,35,0,LAND,False
2026-08-31 14:25:59,-35.3624616,149.1695548,-5.593,0.023418674245476723,35,0,LAND,False
2026-08-31 14:26:00,-35.3624616,149.1695548,-5.593,0.023382853716611862,35,0,LAND,False
2026-08-31 14:26:00,-35.3624616,149.1695548,-5.593,0.0234381016343832,35,0,LAND,False
2026-08-31 14:26:00,-35.3624616,149.1695548,-5.593,0.02334277331829071,35,0,LAND,False
2026-08-31 14:26:01,-35.3624616,149.1695548,-5.593,0.023494455963373184,35,0,LAND,False
2026-08-31 14:26:01,-35.3624616,149.1695548,-5.593,0.023474548012018204,35,0,LAND,False
2026-08-31 14:26:02,-35.3624616,149.1695548,-5.593,0.023294586688280106,35,0,LAND,False
2026-08-31 14:26:03,-35.3624616,149.1695548,-5.593,0.023530036211013794,35,0,LAND,False
2026-08-31 14:26:03,-35.3624616,149.1695548,-5.593,0.023280568420886993,35,0,LAND,False
2026-08-31 14:26:04,-35.3624616,149.1695548,-5.593,0.02343430183827877,35,0,LAND,False
2026-08-31 14:26:04,-35.3624616,149.1695548,-5.593,0.023647459223866463,35,0,LAND,False
2026-08-31 14:26:05,-35.3624616,149.1695548,-5.593,0.023444844409823418,35,0,LAND,False
2026-08-31 14:27:37,0.0,0.0,0.0,0.023643651977181435,35,0,STABILIZE,False
2026-08-31 14:27:38,0.0,0.0,0.0,0.0,340,100,STABILIZE,False
2026-08-31 14:27:38,0.0,0.0,0.0,0.0,340,100,STABILIZE,False
2026-08-31 14:27:51,0.0,0.0,0.0,0.0,340,100,STABILIZE,False
2026-08-31 14:27:51,0.0,0.0,0.0,7.796392310410738e-05,0,100,STABILIZE,False
2026-08-31 14:27:51,0.0,0.0,0.0,0.0001574500056449324,0,100,STABILIZE,False
2026-08-31 14:27:52,0.0,0.0,0.0,0.0002604358596727252,0,100,STABILIZE,False
2026-08-31 14:27:53,0.0,0.0,0.0,0.0003335723013151437,0,100,STABILIZE,False
2026-08-31 14:27:55,0.0,0.0,0.0,0.0004052809381391853,0,100,STABILIZE,False
2026-08-31 14:27:55,0.0,0.0,0.0,0.0003677562635857612,340,100,STABILIZE,False
2026-08-31 14:27:56,0.0,0.0,0.0,0.0004257387772668153,340,100,STABILIZE,False
2026-08-31 14:27:56,0.0,0.0,0.0,0.000514491752255708,340,100,STABILIZE,False
2026-08-31 14:27:57,0.0,0.0,0.0,0.0005272224661894143,340,100,STABILIZE,False
2026-08-31 14:27:57,0.0,0.0,0.0,0.00044906159746460617,340,100,STABILIZE,False
2026-08-31 14:27:58,0.0,0.0,0.0,0.00018266659753862768,340,100,STABILIZE,False
2026-08-31 14:27:59,0.0,0.0,0.0,0.0002475594519637525,340,100,STABILIZE,False
2026-08-31 14:28:00,-35.3632621,149.1652374,0.0,0.0004909136914648116,340,100,STABILIZE,False
2026-08-31 14:28:01,-35.3632621,149.1652374,0.0,0.0004679445119109005,340,100,STABILIZE,False
2026-08-31 14:28:02,-35.3632621,149.1652374,0.0,0.0006378929829224944,343,100,STABILIZE,False
2026-08-31 14:28:02,-35.3632621,149.1652374,0.0,0.0008355842437595129,344,100,STABILIZE,False
2026-08-31 14:28:02,-35.3632621,149.1652374,0.0,0.0009554760181345046,346,100,STABILIZE,False
2026-08-31 14:28:04,-35.3632621,149.1652374,0.0,0.0012106156209483743,347,100,STABILIZE,False
2026-08-31 14:28:04,-35.3632621,149.1652374,0.0,0.001784289488568902,351,100,STABILIZE,False
2026-08-31 14:28:04,-35.3632621,149.1652374,0.0,0.001847707200795412,352,100,STABILIZE,False
2026-08-31 14:28:05,-35.3632621,149.1652374,0.0,0.002358697820454836,353,100,STABILIZE,False
2026-08-31 14:28:06,-35.3632621,149.1652374,0.0,0.0025421245954930782,354,100,STABILIZE,False
2026-08-31 14:28:06,-35.3632621,149.1652374,0.0,0.0026721598114818335,354,100,STABILIZE,False
2026-08-31 14:28:06,-35.3632621,149.1652374,0.0,0.003163460874930024,355,100,STABILIZE,False
2026-08-31 14:28:07,-35.3632621,149.1652374,0.0,0.003413792932406068,355,100,STABILIZE,False
2026-08-31 14:28:07,-35.3632621,149.1652374,0.0,0.003413792932406068,355,100,STABILIZE,False
2026-08-31 14:28:07,-35.3632621,149.1652374,0.0,0.004106022883206606,356,100,STABILIZE,False
2026-08-31 14:28:08,-35.3632621,149.1652374,0.0,0.004347450565546751,356,100,STABILIZE,False
2026-08-31 14:28:08,-35.3632621,149.1652374,0.0,0.004347450565546751,356,100,STABILIZE,False
2026-08-31 14:28:08,-35.3632621,149.1652374,0.0,0.0047959438525140285,356,100,STABILIZE,False
2026-08-31 14:28:09,-35.3632621,149.1652374,0.0,0.005110991187393665,356,100,STABILIZE,False
2026-08-31 14:28:09,-35.3632621,149.1652374,0.0,0.006482509896159172,356,100,STABILIZE,False
2026-08-31 14:28:09,-35.3632621,149.1652374,0.0,0.0068031782284379005,356,100,STABILIZE,False
2026-08-31 14:28:10,-35.3632621,149.1652374,0.0,0.0071380059234797955,356,100,STABILIZE,False
2026-08-31 14:28:10,-35.3632621,149.1652374,0.0,0.008126482367515564,356,100,STABILIZE,False
2026-08-31 14:28:10,-35.3632621,149.1652374,0.0,0.008577602915465832,356,100,STABILIZE,False
2026-08-31 14:28:11,-35.3632621,149.1652374,0.0,0.009497079998254776,356,100,STABILIZE,False
2026-08-31 14:28:11,-35.3632621,149.1652374,0.0,0.009974275715649128,356,100,STABILIZE,False
2026-08-31 14:28:12,-35.3632621,149.1652374,0.0,0.010824953205883503,356,100,STABILIZE,False
2026-08-31 14:28:12,-35.3632621,149.1652374,0.0,0.011373912915587425,356,100,STABILIZE,False
2026-08-31 14:28:12,-35.3632621,149.1652374,0.001,0.011373912915587425,356,100,STABILIZE,False
2026-08-31 14:28:13,-35.3632621,149.1652374,0.002,0.012879709713160992,356,100,STABILIZE,False
2026-08-31 14:28:13,-35.3632621,149.1652374,0.003,0.013431956991553307,356,100,STABILIZE,False
2026-08-31 14:28:14,-35.3632621,149.1652374,0.004,0.01453600823879242,356,100,STABILIZE,False
2026-08-31 14:28:14,-35.3632621,149.1652374,0.004,0.015108183026313782,356,100,STABILIZE,False
2026-08-31 14:28:14,-35.3632621,149.1652374,0.005,0.015108183026313782,356,100,STABILIZE,False
2026-08-31 14:28:14,-35.3632621,149.1652374,0.005,0.017092259600758553,356,100,STABILIZE,False
2026-08-31 14:28:15,-35.3632621,149.1652374,0.006,0.017744073644280434,356,100,STABILIZE,False
2026-08-31 14:28:15,-35.3632621,149.1652374,0.006,0.017744073644280434,356,100,STABILIZE,False
2026-08-31 14:28:15,-35.3632621,149.1652374,0.006,0.018858876079320908,356,100,STABILIZE,False
2026-08-31 14:28:16,-35.3632621,149.1652374,0.006,0.019413607195019722,356,100,STABILIZE,False
2026-08-31 14:28:16,-35.3632621,149.1652374,0.007,0.020018508657813072,356,100,STABILIZE,False
2026-08-31 14:28:16,-35.3632621,149.1652374,0.007,0.02200898341834545,356,100,STABILIZE,False
2026-08-31 14:28:17,-35.3632621,149.1652374,0.008,0.022572265937924385,356,100,STABILIZE,False
2026-08-31 14:28:17,-35.3632621,149.1652374,0.008,0.02378142438828945,356,100,STABILIZE,False
2026-08-31 14:28:17,-35.3632621,149.1652374,0.008,0.02443660981953144,356,100,STABILIZE,False
2026-08-31 14:28:17,-35.3632621,149.1652374,0.008,0.02443660981953144,356,100,STABILIZE,False
2026-08-31 14:28:18,-35.3632621,149.1652374,0.008,0.025768792256712914,356,100,STABILIZE,False
2026-08-31 14:28:18,-35.3632621,149.1652374,0.009,0.02637552097439766,356,100,STABILIZE,False
2026-08-31 14:28:19,-35.3632621,149.1652374,0.009,0.02847597375512123,356,100,STABILIZE,False
2026-08-31 14:28:19,-35.3632621,149.1652374,0.009,0.029007377102971077,356,100,STABILIZE,False
2026-08-31 14:28:19,-35.3632621,149.1652374,0.009,0.030126165598630905,356,100,STABILIZE,False
2026-08-31 14:28:20,-35.3632621,149.1652374,0.009,0.030780570581555367,356,100,STABILIZE,False
2026-08-31 14:28:20,-35.3632621,149.1652374,0.009,0.030780570581555367,356,100,STABILIZE,False
2026-08-31 14:28:20,-35.3632621,149.1652374,0.009,0.03177804872393608,356,100,STABILIZE,False
2026-08-31 14:28:21,-35.3632621,149.1652374,0.009,0.03226882964372635,356,100,STABILIZE,False
2026-08-31 14:28:21,-35.3632621,149.1652374,0.008,0.03402894735336304,356,100,STABILIZE,False
2026-08-31 14:28:22,-35.3632621,149.1652374,0.008,0.03457062318921089,356,100,STABILIZE,False
2026-08-31 14:28:22,-35.3632621,149.1652374,0.008,0.0356084406375885,356,100,STABILIZE,False
2026-08-31 14:28:22,-35.3632621,149.1652374,0.008,0.03614349290728569,356,100,STABILIZE,False
2026-08-31 14:28:22,-35.3632621,149.1652374,0.008,0.03614349290728569,356,100,STABILIZE,False
2026-08-31 14:28:23,-35.3632621,149.1652374,0.008,0.03714451193809509,356,100,STABILIZE,False
2026-08-31 14:28:23,-35.3632621,149.1652374,0.008,0.037613511085510254,356,100,STABILIZE,False
2026-08-31 14:28:24,-35.3632621,149.1652374,0.007,0.03903048112988472,356,100,STABILIZE,False
2026-08-31 14:28:24,-35.3632621,149.1652374,0.007,0.039415132254362106,355,100,STABILIZE,False
2026-08-31 14:28:25,-35.3632621,149.1652374,0.007,0.04025879502296448,355,100,STABILIZE,False
2026-08-31 14:28:25,-35.3632621,149.1652374,0.007,0.04073489457368851,355,100,STABILIZE,False
2026-08-31 14:28:25,-35.3632621,149.1652374,0.006,0.04148240014910698,355,100,STABILIZE,False
2026-08-31 14:28:26,-35.3632621,149.1652374,0.006,0.04180986434221268,355,100,STABILIZE,False
2026-08-31 14:28:26,-35.3632621,149.1652374,0.006,0.04180986434221268,355,100,STABILIZE,False
2026-08-31 14:28:26,-35.3632621,149.1652374,0.006,0.04294431209564209,355,100,STABILIZE,False
2026-08-31 14:28:27,-35.3632621,149.1652374,0.005,0.04322484880685806,355,100,STABILIZE,False
2026-08-31 14:28:27,-35.3632621,149.1652374,0.005,0.043888453394174576,355,100,STABILIZE,False
2026-08-31 14:28:27,-35.3632621,149.1652374,0.005,0.044308584183454514,355,100,STABILIZE,False
2026-08-31 14:28:27,-35.3632621,149.1652374,0.005,0.044308584183454514,355,100,STABILIZE,False
2026-08-31 14:28:28,-35.3632621,149.1652374,0.005,0.04510551691055298,355,100,STABILIZE,False
2026-08-31 14:28:28,-35.3632621,149.1652374,0.004,0.045456841588020325,355,100,STABILIZE,False
2026-08-31 14:28:29,-35.3632621,149.1652374,0.004,0.046589042991399765,355,100,STABILIZE,False
2026-08-31 14:28:29,-35.3632621,149.1652374,0.004,0.046993762254714966,355,100,STABILIZE,False
2026-08-31 14:28:29,-35.3632621,149.1652374,0.004,0.04767642170190811,355,100,STABILIZE,False
2026-08-31 14:28:30,-35.3632621,149.1652374,0.004,0.04805799946188927,355,100,STABILIZE,False
2026-08-31 14:28:30,-35.3632621,149.1652374,0.004,0.04805799946188927,355,100,STABILIZE,False
2026-08-31 14:28:30,-35.3632621,149.1652374,0.004,0.04862210899591446,355,100,STABILIZE,False
2026-08-31 14:28:31,-35.3632621,149.1652374,0.004,0.04881587252020836,355,100,STABILIZE,False
2026-08-31 14:28:31,-35.3632621,149.1652374,0.004,0.04881587252020836,355,100,STABILIZE,False
2026-08-31 14:28:31,-35.3632621,149.1652374,0.004,0.0490637943148613,355,100,STABILIZE,False
2026-08-31 14:28:31,-35.3632621,149.1652374,0.004,0.049365464597940445,355,100,STABILIZE,False
2026-08-31 14:28:32,-35.3632621,149.1652374,0.004,0.049596868455410004,355,100,STABILIZE,False
2026-08-31 14:28:32,-35.3632621,149.1652374,0.004,0.05019405111670494,355,100,STABILIZE,False
2026-08-31 14:28:32,-35.3632621,149.1652374,0.004,0.050467558205127716,355,100,STABILIZE,False
2026-08-31 14:28:33,-35.3632621,149.1652374,0.003,0.0031283132266253233,355,100,STABILIZE,False
2026-08-31 14:28:33,-35.3632621,149.1652374,0.003,0.006198769900947809,355,100,STABILIZE,False
2026-08-31 14:28:34,-35.3632621,149.1652374,0.003,0.012239376083016396,355,100,STABILIZE,False
2026-08-31 14:28:34,-35.3632621,149.1652374,0.003,0.015060936100780964,355,100,STABILIZE,False
2026-08-31 14:28:34,-35.3632621,149.1652374,0.003,0.023069458082318306,355,100,STABILIZE,False
2026-08-31 14:28:35,-35.3632621,149.1652375,0.003,0.024919666349887848,355,100,STABILIZE,False
2026-08-31 14:28:35,-35.3632621,149.1652375,0.003,0.027824202552437782,355,100,STABILIZE,False
2026-08-31 14:28:36,-35.3632621,149.1652375,0.003,0.028473248705267906,355,100,STABILIZE,False
2026-08-31 14:28:36,-35.3632621,149.1652375,0.003,0.02838653139770031,355,100,STABILIZE,False
2026-08-31 14:28:36,-35.3632621,149.1652375,0.003,0.028230341151356697,355,100,STABILIZE,False
2026-08-31 14:28:37,-35.3632622,149.1652375,0.003,0.026447046548128128,355,100,STABILIZE,False
2026-08-31 14:28:37,-35.3632621,149.1652375,0.003,0.025553781539201736,355,100,STABILIZE,False
2026-08-31 14:28:37,-35.3632621,149.1652375,0.003,0.02374374307692051,355,100,STABILIZE,False
2026-08-31 14:28:38,-35.3632621,149.1652375,0.003,0.022827621549367905,355,100,STABILIZE,False
2026-08-31 14:28:38,-35.3632621,149.1652375,0.003,0.02164599299430847,355,100,STABILIZE,False
2026-08-31 14:28:39,-35.3632621,149.1652375,0.003,0.020901715382933617,355,100,STABILIZE,False
2026-08-31 14:28:39,-35.3632621,149.1652375,0.003,0.019955242052674294,355,100,STABILIZE,False
2026-08-31 14:28:39,-35.3632621,149.1652375,0.003,0.019825812429189682,355,100,STABILIZE,False
2026-08-31 14:28:40,-35.3632621,149.1652375,0.003,0.01882913149893284,355,100,STABILIZE,False
2026-08-31 14:28:40,-35.3632621,149.1652375,0.003,0.01884784735739231,355,100,STABILIZE,False
2026-08-31 14:28:41,-35.3632621,149.1652375,0.003,0.018765592947602272,355,100,STABILIZE,False
2026-08-31 14:28:41,-35.3632621,149.1652375,0.003,0.018865883350372314,354,100,STABILIZE,False
2026-08-31 14:28:41,-35.3632621,149.1652375,0.003,0.018834523856639862,354,100,STABILIZE,False
2026-08-31 14:28:42,-35.3632621,149.1652375,0.003,0.01889503374695778,354,100,STABILIZE,False
2026-08-31 14:28:42,-35.3632621,149.1652375,0.003,0.01920367032289505,354,100,STABILIZE,False
2026-08-31 14:28:42,-35.3632621,149.1652375,0.003,0.019141707569360733,354,100,STABILIZE,False
2026-08-31 14:28:43,-35.3632621,149.1652375,0.003,0.019409053027629852,354,100,STABILIZE,False
2026-08-31 14:28:43,-35.3632621,149.1652375,0.003,0.019759392365813255,354,100,STABILIZE,False
2026-08-31 14:28:44,-35.3632621,149.1652375,0.003,0.02005947008728981,354,100,STABILIZE,False
2026-08-31 14:28:44,-35.3632621,149.1652375,0.003,0.020350104197859764,354,100,STABILIZE,False
2026-08-31 14:28:44,-35.3632621,149.1652375,0.003,0.020764993503689766,354,100,STABILIZE,False
2026-08-31 14:28:45,-35.3632621,149.1652375,0.003,0.020740129053592682,354,100,STABILIZE,False
2026-08-31 14:28:45,-35.3632621,149.1652375,0.003,0.02111835777759552,354,100,STABILIZE,False
2026-08-31 14:28:46,-35.3632621,149.1652375,0.003,0.021180596202611923,354,100,STABILIZE,False
2026-08-31 14:28:46,-35.3632621,149.1652375,0.003,0.0213471669703722,354,100,STABILIZE,False
2026-08-31 14:28:46,-35.3632621,149.1652375,0.003,0.021540341898798943,354,100,STABILIZE,False
2026-08-31 14:28:47,-35.3632621,149.1652375,0.003,0.02159830369055271,354,100,STABILIZE,False
2026-08-31 14:28:47,-35.3632621,149.1652375,0.003,0.021634235978126526,354,100,STABILIZE,False
2026-08-31 14:28:47,-35.3632621,149.1652375,0.003,0.021617360413074493,354,100,STABILIZE,False
2026-08-31 14:28:48,-35.3632621,149.1652375,0.003,0.02150936797261238,354,100,STABILIZE,False
2026-08-31 14:28:48,-35.3632621,149.1652375,0.003,0.02176106534898281,354,100,STABILIZE,False
2026-08-31 14:28:49,-35.3632621,149.1652375,0.003,0.02187199518084526,354,100,STABILIZE,False
2026-08-31 14:28:49,-35.3632621,149.1652375,0.003,0.021960211917757988,354,100,STABILIZE,False
2026-08-31 14:28:49,-35.3632621,149.1652375,0.003,0.02191910147666931,354,100,STABILIZE,False
2026-08-31 14:28:50,-35.3632622,149.1652375,0.003,0.021952010691165924,354,100,STABILIZE,False
2026-08-31 14:28:50,-35.3632621,149.1652375,0.003,0.02219376154243946,354,100,STABILIZE,False
2026-08-31 14:28:51,-35.3632621,149.1652375,0.003,0.02209431864321232,354,100,STABILIZE,False
2026-08-31 14:28:51,-35.3632622,149.1652375,0.003,0.02219364233314991,354,100,STABILIZE,False
2026-08-31 14:28:51,-35.3632621,149.1652375,0.003,0.022499706596136093,354,100,STABILIZE,False
2026-08-31 14:28:52,-35.3632622,149.1652375,0.003,0.02210095152258873,354,100,STABILIZE,False
2026-08-31 14:28:52,-35.3632622,149.1652375,0.003,0.022375086322426796,354,100,STABILIZE,False
2026-08-31 14:28:53,-35.3632622,149.1652375,0.003,0.022259514778852463,354,100,STABILIZE,False
2026-08-31 14:28:53,-35.3632622,149.1652375,0.003,0.022147465497255325,354,100,STABILIZE,False
2026-08-31 14:28:53,-35.3632622,149.1652375,0.003,0.02223900333046913,354,100,STABILIZE,False
2026-08-31 14:28:54,-35.3632622,149.1652375,0.003,0.02212175354361534,354,100,STABILIZE,False
2026-08-31 14:28:54,-35.3632622,149.1652375,0.003,0.022298894822597504,354,100,STABILIZE,False
2026-08-31 14:28:54,-35.3632622,149.1652375,0.003,0.022407084703445435,354,100,STABILIZE,False
2026-08-31 14:28:55,-35.3632622,149.1652375,0.003,0.022187108173966408,354,100,STABILIZE,False
2026-08-31 14:28:55,-35.3632622,149.1652375,0.003,0.02237507700920105,354,100,STABILIZE,False
2026-08-31 14:28:56,-35.3632622,149.1652375,0.003,0.02231857180595398,354,100,STABILIZE,False
2026-08-31 14:28:56,-35.3632622,149.1652375,0.003,0.022364148870110512,354,100,STABILIZE,False
2026-08-31 14:28:56,-35.3632622,149.1652375,0.003,0.022631682455539703,354,100,STABILIZE,False
2026-08-31 14:28:57,-35.3632622,149.1652375,0.003,0.0222484041005373,354,100,STABILIZE,False
2026-08-31 14:28:57,-35.3632622,149.1652375,0.003,0.022423507645726204,354,100,STABILIZE,False
2026-08-31 14:28:58,-35.3632622,149.1652375,0.003,0.022379759699106216,354,100,STABILIZE,False
2026-08-31 14:28:58,-35.3632622,149.1652375,0.003,0.02245001122355461,354,100,STABILIZE,False
2026-08-31 14:28:58,-35.3632622,149.1652375,0.003,0.022624364122748375,354,100,STABILIZE,False
2026-08-31 14:28:59,-35.3632622,149.1652375,0.003,0.02255702018737793,354,100,STABILIZE,False
2026-08-31 14:28:59,-35.3632622,149.1652375,0.003,0.02270491048693657,354,100,STABILIZE,False
2026-08-31 14:28:59,-35.3632622,149.1652375,0.003,0.02287457138299942,354,100,STABILIZE,False
2026-08-31 14:29:00,-35.3632622,149.1652375,0.003,0.02295423112809658,354,100,STABILIZE,False
2026-08-31 14:29:00,-35.3632622,149.1652375,0.003,0.02322223223745823,354,100,STABILIZE,False
2026-08-31 14:29:01,-35.3632622,149.1652375,0.003,0.02304873801767826,354,100,STABILIZE,False
2026-08-31 14:29:01,-35.3632622,149.1652375,0.003,0.02290082536637783,354,100,STABILIZE,False
2026-08-31 14:29:01,-35.3632622,149.1652375,0.003,0.023165835067629814,354,100,STABILIZE,False
2026-08-31 14:29:02,-35.3632622,149.1652375,0.003,0.023015044629573822,354,100,STABILIZE,False
2026-08-31 14:29:02,-35.3632622,149.1652375,0.003,0.022957555949687958,354,100,STABILIZE,False
2026-08-31 14:29:03,-35.3632622,149.1652375,0.003,0.022953033447265625,354,100,STABILIZE,False
2026-08-31 14:29:03,-35.3632622,149.1652375,0.003,0.02284454181790352,354,100,STABILIZE,False
2026-08-31 14:29:03,-35.3632622,149.1652375,0.003,0.023066584020853043,354,100,STABILIZE,False
2026-08-31 14:29:04,-35.3632622,149.1652375,0.003,0.022887537255883217,354,100,STABILIZE,False
2026-08-31 14:29:04,-35.3632622,149.1652375,0.003,0.02300368621945381,354,100,STABILIZE,False
2026-08-31 14:29:05,-35.3632622,149.1652375,0.003,0.023034654557704926,354,100,STABILIZE,False
2026-08-31 14:29:05,-35.3632622,149.1652375,0.003,0.0229259692132473,354,100,STABILIZE,False
2026-08-31 14:29:05,-35.3632622,149.1652375,0.003,0.023068469017744064,354,100,STABILIZE,False
2026-08-31 14:29:06,-35.3632622,149.1652375,0.003,0.022955812513828278,354,100,STABILIZE,False
2026-08-31 14:29:06,-35.3632622,149.1652375,0.003,0.023183094337582588,354,100,STABILIZE,False
2026-08-31 14:29:06,-35.3632622,149.1652375,0.003,0.02308923751115799,354,100,STABILIZE,False
2026-08-31 14:29:07,-35.3632622,149.1652375,0.003,0.023071590811014175,354,100,STABILIZE,False
2026-08-31 14:29:07,-35.3632622,149.1652375,0.003,0.023248640820384026,354,100,STABILIZE,False
2026-08-31 14:29:08,-35.3632622,149.1652375,0.003,0.02320265956223011,354,100,STABILIZE,False
2026-08-31 14:29:08,-35.3632622,149.1652375,0.003,0.023238984867930412,354,100,STABILIZE,False
2026-08-31 14:29:08,-35.3632622,149.1652375,0.003,0.0231629665941,354,100,STABILIZE,False
2026-08-31 14:29:09,-35.3632622,149.1652375,0.003,0.023103367537260056,354,100,STABILIZE,False
2026-08-31 14:29:09,-35.3632622,149.1652375,0.003,0.023479407653212547,354,100,STABILIZE,False
2026-08-31 14:29:09,-35.3632622,149.1652375,0.003,0.023465950042009354,354,100,STABILIZE,False
2026-08-31 14:29:10,-35.3632622,149.1652375,0.003,0.02326694317162037,354,100,STABILIZE,False
2026-08-31 14:29:10,-35.3632622,149.1652375,0.003,0.0234255138784647,354,100,STABILIZE,False
2026-08-31 14:29:11,-35.3632622,149.1652375,0.003,0.023338882252573967,354,100,STABILIZE,False
2026-08-31 14:29:11,-35.3632622,149.1652375,0.003,0.023452244699001312,354,100,STABILIZE,False
2026-08-31 14:29:11,-35.3632622,149.1652375,0.003,0.023463832214474678,354,100,STABILIZE,False
2026-08-31 14:29:12,-35.3632622,149.1652375,0.003,0.023273015394806862,354,100,STABILIZE,False
2026-08-31 14:29:12,-35.3632622,149.1652375,0.003,0.023406805470585823,354,100,STABILIZE,False
2026-08-31 14:29:13,-35.3632622,149.1652375,0.003,0.02305077761411667,354,100,STABILIZE,False
2026-08-31 14:29:13,-35.3632622,149.1652375,0.003,0.023147698491811752,354,100,STABILIZE,False
2026-08-31 14:29:13,-35.3632622,149.1652375,0.003,0.02332146093249321,354,100,STABILIZE,False
2026-08-31 14:29:14,-35.3632622,149.1652375,0.003,0.02317790873348713,354,100,STABILIZE,False
2026-08-31 14:29:14,-35.3632622,149.1652375,0.003,0.02319926768541336,354,100,STABILIZE,False
2026-08-31 14:29:14,-35.3632622,149.1652375,0.003,0.023152966052293777,354,100,STABILIZE,False
2026-08-31 14:29:15,-35.3632622,149.1652375,0.003,0.02309717796742916,354,100,STABILIZE,False
2026-08-31 14:29:15,-35.3632622,149.1652375,0.003,0.023285256698727608,354,100,STABILIZE,False
2026-08-31 14:29:16,-35.3632622,149.1652375,0.003,0.023237351328134537,354,100,STABILIZE,False
2026-08-31 14:29:16,-35.3632622,149.1652375,0.003,0.023091528564691544,354,100,STABILIZE,False
2026-08-31 14:29:16,-35.3632622,149.1652375,0.003,0.023234663531184196,354,100,STABILIZE,False
2026-08-31 14:29:17,-35.3632622,149.1652375,0.003,0.022947225719690323,354,100,STABILIZE,False
2026-08-31 14:29:17,-35.3632622,149.1652375,0.003,0.023080212995409966,354,100,STABILIZE,False
2026-08-31 14:29:18,-35.3632622,149.1652375,0.003,0.02296322211623192,354,100,STABILIZE,False
2026-08-31 14:29:18,-35.3632622,149.1652375,0.003,0.023024145513772964,354,100,STABILIZE,False
2026-08-31 14:29:18,-35.3632622,149.1652375,0.003,0.0230903048068285,354,100,STABILIZE,False
2026-08-31 14:29:19,-35.3632622,149.1652375,0.003,0.023217568174004555,354,100,STABILIZE,False
2026-08-31 14:29:19,-35.3632622,149.1652375,0.003,0.02347061224281788,354,100,STABILIZE,False
2026-08-31 14:29:20,-35.3632622,149.1652375,0.003,0.02341068908572197,354,100,STABILIZE,False
2026-08-31 14:29:20,-35.3632622,149.1652375,0.003,0.02344338223338127,354,100,STABILIZE,False
2026-08-31 14:29:20,-35.3632622,149.1652375,0.003,0.02363506890833378,354,100,STABILIZE,False
2026-08-31 14:29:21,-35.3632622,149.1652375,0.003,0.023503810167312622,354,100,STABILIZE,False
2026-08-31 14:29:21,-35.3632622,149.1652375,0.003,0.02364520914852619,354,100,STABILIZE,False
2026-08-31 14:29:21,-35.3632622,149.1652375,0.003,0.023779576644301414,354,100,STABILIZE,False
2026-08-31 14:29:22,-35.3632622,149.1652375,0.003,0.02363315224647522,354,100,STABILIZE,False
2026-08-31 14:29:22,-35.3632622,149.1652375,0.003,0.023885779082775116,354,100,STABILIZE,False
2026-08-31 14:29:23,-35.3632622,149.1652375,0.003,0.02386293187737465,354,100,STABILIZE,False
2026-08-31 14:29:23,-35.3632622,149.1652375,0.003,0.023550665006041527,354,100,STABILIZE,False
2026-08-31 14:29:23,-35.3632622,149.1652375,0.003,0.023804152384400368,354,100,STABILIZE,False
2026-08-31 14:29:24,-35.3632622,149.1652375,0.003,0.023579277098178864,354,100,STABILIZE,False
2026-08-31 14:29:24,-35.3632622,149.1652375,0.003,0.023696573451161385,354,100,STABILIZE,False
2026-08-31 14:29:24,-35.3632622,149.1652375,0.003,0.023702472448349,354,100,STABILIZE,False
2026-08-31 14:29:25,-35.3632622,149.1652375,0.003,0.023595573380589485,354,100,STABILIZE,False
2026-08-31 14:29:25,-35.3632622,149.1652375,0.003,0.023887239396572113,354,100,STABILIZE,False
2026-08-31 14:29:26,-35.3632622,149.1652375,0.003,0.02385951764881611,354,100,STABILIZE,False
2026-08-31 14:29:26,-35.3632622,149.1652375,0.003,0.023679669946432114,354,100,STABILIZE,False
2026-08-31 14:29:26,-35.3632622,149.1652375,0.003,0.02382127195596695,354,100,STABILIZE,False
2026-08-31 14:29:27,-35.3632622,149.1652375,0.003,0.023615043610334396,354,100,STABILIZE,False
2026-08-31 14:29:27,-35.3632622,149.1652375,0.003,0.023658476769924164,354,100,STABILIZE,False
2026-08-31 14:29:28,-35.3632622,149.1652375,0.003,0.02390286698937416,354,100,STABILIZE,False
2026-08-31 14:29:28,-35.3632622,149.1652375,0.003,0.023833446204662323,354,100,STABILIZE,False
2026-08-31 14:29:28,-35.3632622,149.1652375,0.003,0.024040279909968376,354,100,STABILIZE,False
2026-08-31 14:29:29,-35.3632622,149.1652375,0.003,0.024069424718618393,354,100,STABILIZE,False
2026-08-31 14:29:29,-35.3632622,149.1652375,0.003,0.024069424718618393,354,100,STABILIZE,False
2026-08-31 14:29:29,-35.3632622,149.1652375,0.003,0.023770734667778015,354,100,STABILIZE,False
2026-08-31 14:29:29,-35.3632622,149.1652375,0.003,0.02406255342066288,354,100,STABILIZE,False
2026-08-31 14:29:30,-35.3632622,149.1652375,0.003,0.023962274193763733,354,100,STABILIZE,False
2026-08-31 14:29:30,-35.3632622,149.1652375,0.003,0.02412719652056694,354,100,STABILIZE,False
2026-08-31 14:29:31,-35.3632622,149.1652375,0.003,0.023884128779172897,354,100,STABILIZE,False
2026-08-31 14:29:31,-35.3632622,149.1652375,0.003,0.023905074223876,354,100,STABILIZE,False
2026-08-31 14:29:31,-35.3632622,149.1652375,0.003,0.024028431624174118,354,100,STABILIZE,False
2026-08-31 14:29:32,-35.3632622,149.1652375,0.003,0.023900412023067474,354,100,STABILIZE,False
2026-08-31 14:29:32,-35.3632622,149.1652375,0.003,0.024152254685759544,354,100,STABILIZE,False
2026-08-31 14:29:33,-35.3632622,149.1652375,0.003,0.024113517254590988,354,100,STABILIZE,False
2026-08-31 14:29:33,-35.3632622,149.1652375,0.003,0.023867664858698845,354,100,STABILIZE,False
2026-08-31 14:29:33,-35.3632622,149.1652375,0.003,0.0240310225635767,354,100,STABILIZE,False
2026-08-31 14:29:34,-35.3632622,149.1652375,0.003,0.023721229285001755,354,100,STABILIZE,False
2026-08-31 14:29:34,-35.3632622,149.1652375,0.003,0.023791301995515823,354,100,STABILIZE,False
2026-08-31 14:29:34,-35.3632622,149.1652375,0.003,0.023820694535970688,354,100,STABILIZE,False
2026-08-31 14:29:35,-35.3632622,149.1652375,0.003,0.02369854785501957,354,100,STABILIZE,False
2026-08-31 14:29:35,-35.3632622,149.1652375,0.003,0.023897865787148476,354,100,STABILIZE,False
2026-08-31 14:29:36,-35.3632622,149.1652375,0.003,0.023962413892149925,354,100,STABILIZE,False
2026-08-31 14:29:36,-35.3632622,149.1652375,0.003,0.023893510922789574,354,100,STABILIZE,False
2026-08-31 14:29:37,-35.3632622,149.1652375,0.003,0.024072354659438133,354,100,STABILIZE,False
2026-08-31 14:29:37,-35.3632622,149.1652375,0.003,0.023755991831421852,354,100,STABILIZE,False
2026-08-31 14:29:37,-35.3632622,149.1652375,0.003,0.02391054295003414,354,100,STABILIZE,False
2026-08-31 14:29:38,-35.3632622,149.1652375,0.003,0.0237791296094656,354,100,STABILIZE,False
2026-08-31 14:29:38,-35.3632622,149.1652375,0.003,0.023909984156489372,354,100,STABILIZE,False
2026-08-31 14:29:38,-35.3632622,149.1652375,0.003,0.02386130765080452,354,100,STABILIZE,False
2026-08-31 14:29:39,-35.3632622,149.1652375,0.003,0.023649757727980614,354,100,STABILIZE,False
2026-08-31 14:29:39,-35.3632622,149.1652375,0.003,0.023899877443909645,354,100,STABILIZE,False
2026-08-31 14:29:40,-35.3632622,149.1652375,0.003,0.023722471669316292,354,100,STABILIZE,False
2026-08-31 14:29:40,-35.3632622,149.1652375,0.003,0.023643508553504944,354,100,STABILIZE,False
2026-08-31 14:29:40,-35.3632622,149.1652375,0.003,0.023912645876407623,354,100,STABILIZE,False
2026-08-31 14:29:41,-35.3632622,149.1652375,0.003,0.02354814112186432,354,100,STABILIZE,False
2026-08-31 14:29:41,-35.3632622,149.1652375,0.003,0.02359771728515625,354,100,STABILIZE,False
2026-08-31 14:29:41,-35.3632622,149.1652375,0.003,0.02375097945332527,354,100,STABILIZE,False
2026-08-31 14:29:42,-35.3632622,149.1652375,0.003,0.023595044389367104,354,100,STABILIZE,False
2026-08-31 14:29:42,-35.3632622,149.1652375,0.003,0.02409852296113968,354,100,STABILIZE,False
2026-08-31 14:29:43,-35.3632622,149.1652375,0.003,0.024122893810272217,354,100,STABILIZE,False
2026-08-31 14:29:43,-35.3632622,149.1652375,0.003,0.023991376161575317,354,100,STABILIZE,False
2026-08-31 14:29:43,-35.3632622,149.1652375,0.003,0.02416120283305645,354,100,STABILIZE,False
2026-08-31 14:29:44,-35.3632622,149.1652375,0.003,0.02374281734228134,354,100,STABILIZE,False
2026-08-31 14:29:44,-35.3632622,149.1652375,0.003,0.023813772946596146,354,100,STABILIZE,False
2026-08-31 14:29:44,-35.3632622,149.1652375,0.003,0.02391529269516468,354,100,STABILIZE,False
2026-08-31 14:29:45,-35.3632622,149.1652375,0.003,0.02372170239686966,354,100,STABILIZE,False
2026-08-31 14:29:45,-35.3632622,149.1652375,0.003,0.023858845233917236,354,100,STABILIZE,False
2026-08-31 14:29:46,-35.3632622,149.1652375,0.003,0.02373593859374523,354,100,STABILIZE,False
2026-08-31 14:29:46,-35.3632622,149.1652375,0.003,0.023804957047104836,354,100,STABILIZE,False
2026-08-31 14:29:47,-35.3632622,149.1652375,0.003,0.02392628602683544,354,100,STABILIZE,False
2026-08-31 14:29:47,-35.3632622,149.1652375,0.003,0.02377021498978138,354,100,STABILIZE,False
2026-08-31 14:29:47,-35.3632622,149.1652375,0.003,0.023883983492851257,354,100,STABILIZE,False
2026-08-31 14:29:48,-35.3632622,149.1652375,0.003,0.023817414417862892,354,100,STABILIZE,False
2026-08-31 14:29:48,-35.3632622,149.1652375,0.003,0.023913204669952393,354,100,STABILIZE,False
2026-08-31 14:29:48,-35.3632622,149.1652375,0.003,0.024139847606420517,354,100,STABILIZE,False
2026-08-31 14:29:49,-35.3632622,149.1652375,0.003,0.02394772134721279,354,100,STABILIZE,False
2026-08-31 14:29:49,-35.3632622,149.1652375,0.003,0.02410402148962021,354,100,STABILIZE,False
2026-08-31 14:29:49,-35.3632622,149.1652375,0.003,0.024045642465353012,354,100,STABILIZE,False
2026-08-31 14:29:50,-35.3632622,149.1652375,0.003,0.023765452206134796,354,100,STABILIZE,False
2026-08-31 14:29:50,-35.3632622,149.1652375,0.003,0.023930389434099197,354,100,STABILIZE,False
2026-08-31 14:29:51,-35.3632622,149.1652375,0.003,0.023743538185954094,354,100,STABILIZE,False
2026-08-31 14:29:51,-35.3632622,149.1652375,0.003,0.02375801093876362,354,100,STABILIZE,False
2026-08-31 14:29:51,-35.3632622,149.1652375,0.003,0.02368934080004692,354,100,STABILIZE,False
2026-08-31 14:29:52,-35.3632622,149.1652375,0.003,0.023555245250463486,354,100,STABILIZE,False
2026-08-31 14:29:52,-35.3632622,149.1652375,0.003,0.023574065417051315,354,100,STABILIZE,False
2026-08-31 14:29:53,-35.3632622,149.1652375,0.003,0.023651812225580215,354,100,STABILIZE,False
2026-08-31 14:29:53,-35.3632622,149.1652375,0.003,0.023578114807605743,354,100,STABILIZE,False
2026-08-31 14:29:53,-35.3632622,149.1652375,0.003,0.023687694221735,354,100,STABILIZE,False
2026-08-31 14:29:54,-35.3632622,149.1652375,0.003,0.023371998220682144,354,100,STABILIZE,False
2026-08-31 14:29:54,-35.3632622,149.1652375,0.003,0.023392437025904655,354,100,STABILIZE,False
2026-08-31 14:29:54,-35.3632622,149.1652375,0.003,0.023357877507805824,354,100,STABILIZE,False
2026-08-31 14:29:55,-35.3632622,149.1652375,0.003,0.023234590888023376,354,100,STABILIZE,False
2026-08-31 14:29:55,-35.3632622,149.1652375,0.003,0.023534826934337616,354,100,STABILIZE,False
2026-08-31 14:29:56,-35.3632622,149.1652375,0.003,0.023470520973205566,354,100,STABILIZE,False
2026-08-31 14:29:56,-35.3632622,149.1652375,0.003,0.02354637160897255,354,100,STABILIZE,False
2026-08-31 14:29:57,-35.3632622,149.1652375,0.003,0.02382553555071354,354,100,STABILIZE,False
2026-08-31 14:29:57,-35.3632622,149.1652375,0.003,0.023658884689211845,354,100,STABILIZE,False
2026-08-31 14:29:57,-35.3632622,149.1652375,0.003,0.023764718323946,354,100,STABILIZE,False
2026-08-31 14:29:58,-35.3632622,149.1652375,0.003,0.023708030581474304,354,100,STABILIZE,False
2026-08-31 14:29:58,-35.3632622,149.1652375,0.003,0.023696357384324074,354,100,STABILIZE,False
2026-08-31 14:29:58,-35.3632622,149.1652375,0.003,0.02394053339958191,354,100,STABILIZE,False
2026-08-31 14:29:59,-35.3632622,149.1652375,0.003,0.023732643574476242,354,100,STABILIZE,False
2026-08-31 14:29:59,-35.3632622,149.1652375,0.003,0.02383389137685299,354,100,STABILIZE,False
2026-08-31 14:30:00,-35.3632622,149.1652375,0.003,0.02371854893863201,354,100,STABILIZE,False
2026-08-31 14:30:00,-35.3632622,149.1652375,0.003,0.0236554816365242,354,100,STABILIZE,False
2026-08-31 14:30:00,-35.3632622,149.1652375,0.003,0.023912636563181877,354,100,STABILIZE,False
2026-08-31 14:30:01,-35.3632622,149.1652375,0.003,0.02375676855444908,354,100,STABILIZE,False
2026-08-31 14:30:01,-35.3632622,149.1652375,0.003,0.023819612339138985,354,100,STABILIZE,False
2026-08-31 14:30:02,-35.3632622,149.1652375,0.003,0.02397908829152584,354,100,STABILIZE,False
2026-08-31 14:30:02,-35.3632622,149.1652375,0.003,0.02403632365167141,354,100,STABILIZE,False
2026-08-31 14:30:03,-35.3632622,149.1652375,0.003,0.02381204254925251,354,100,STABILIZE,False
2026-08-31 14:30:03,-35.3632622,149.1652375,0.003,0.023919282481074333,354,100,STABILIZE,False
2026-08-31 14:30:03,-35.3632622,149.1652375,0.003,0.024196479469537735,354,100,STABILIZE,False
2026-08-31 14:30:04,-35.3632622,149.1652375,0.003,0.024078648537397385,354,100,STABILIZE,False
2026-08-31 14:30:04,-35.3632622,149.1652375,0.003,0.02389359474182129,354,100,STABILIZE,False
2026-08-31 14:30:04,-35.3632622,149.1652375,0.003,0.02403070405125618,354,100,STABILIZE,False
2026-08-31 14:30:05,-35.3632622,149.1652375,0.003,0.02370852418243885,354,100,STABILIZE,False
2026-08-31 14:30:05,-35.3632622,149.1652375,0.003,0.02380615659058094,354,100,STABILIZE,False
2026-08-31 14:30:05,-35.3632622,149.1652375,0.003,0.023832041770219803,354,100,STABILIZE,False
2026-08-31 14:30:06,-35.3632622,149.1652375,0.003,0.02382121980190277,354,100,STABILIZE,False
2026-08-31 14:30:06,-35.3632622,149.1652375,0.003,0.023974444717168808,354,100,STABILIZE,False
2026-08-31 14:30:07,-35.3632622,149.1652375,0.003,0.023779189214110374,354,100,STABILIZE,False
2026-08-31 14:30:07,-35.3632622,149.1652375,0.003,0.023917561396956444,354,100,STABILIZE,False
2026-08-31 14:30:08,-35.3632622,149.1652375,0.003,0.024264218285679817,354,100,STABILIZE,False
2026-08-31 14:30:08,-35.3632622,149.1652375,0.003,0.024284522980451584,354,100,STABILIZE,False
2026-08-31 14:30:08,-35.3632622,149.1652375,0.003,0.02442912757396698,354,100,STABILIZE,False
2026-08-31 14:30:09,-35.3632622,149.1652375,0.003,0.02437787689268589,354,100,STABILIZE,False
2026-08-31 14:30:09,-35.3632622,149.1652375,0.003,0.02435058355331421,354,100,STABILIZE,False
2026-08-31 14:30:09,-35.3632622,149.1652375,0.003,0.024501586332917213,354,100,STABILIZE,False
2026-08-31 14:30:10,-35.3632622,149.1652375,0.003,0.024365495890378952,354,100,STABILIZE,False
2026-08-31 14:30:10,-35.3632622,149.1652375,0.003,0.024373937398195267,354,100,STABILIZE,False
2026-08-31 14:30:11,-35.3632622,149.1652375,0.003,0.024295229464769363,354,100,STABILIZE,False
2026-08-31 14:30:11,-35.3632622,149.1652375,0.003,0.023891041055321693,354,100,STABILIZE,False
2026-08-31 14:30:11,-35.3632622,149.1652375,0.003,0.02402825653553009,354,100,STABILIZE,False
2026-08-31 14:30:12,-35.3632622,149.1652375,0.003,0.023907942697405815,354,100,STABILIZE,False
2026-08-31 14:30:12,-35.3632622,149.1652375,0.003,0.023828255012631416,354,100,STABILIZE,False
2026-08-31 14:30:12,-35.3632622,149.1652375,0.003,0.023835495114326477,354,100,STABILIZE,False
2026-08-31 14:30:13,-35.3632622,149.1652375,0.003,0.0237478855997324,354,100,STABILIZE,False
2026-08-31 14:30:13,-35.3632622,149.1652375,0.003,0.023811833932995796,354,100,STABILIZE,False
2026-08-31 14:30:14,-35.3632622,149.1652375,0.003,0.023900777101516724,354,100,STABILIZE,False
2026-08-31 14:30:14,-35.3632622,149.1652375,0.003,0.023732082918286324,354,100,STABILIZE,False
2026-08-31 14:30:14,-35.3632622,149.1652375,0.003,0.023925818502902985,354,100,STABILIZE,False
2026-08-31 14:30:15,-35.3632622,149.1652375,0.003,0.023738963529467583,354,100,STABILIZE,False
2026-08-31 14:30:15,-35.3632622,149.1652375,0.003,0.02363072708249092,354,100,STABILIZE,False
2026-08-31 14:30:16,-35.3632622,149.1652375,0.003,0.023611122742295265,354,100,STABILIZE,False
2026-08-31 14:30:16,-35.3632622,149.1652375,0.003,0.02366071194410324,354,100,STABILIZE,False
2026-08-31 14:30:16,-35.3632622,149.1652375,0.003,0.02382637746632099,354,100,STABILIZE,False
2026-08-31 14:30:17,-35.3632622,149.1652375,0.003,0.02374093048274517,354,100,STABILIZE,False
2026-08-31 14:30:17,-35.3632622,149.1652375,0.003,0.023913759738206863,354,100,STABILIZE,False
2026-08-31 14:30:18,-35.3632622,149.1652375,0.003,0.023990999907255173,354,100,STABILIZE,False
2026-08-31 14:30:18,-35.3632622,149.1652375,0.003,0.023919198662042618,354,100,STABILIZE,False
2026-08-31 14:30:18,-35.3632622,149.1652375,0.003,0.024049121886491776,354,100,STABILIZE,False
2026-08-31 14:30:19,-35.3632622,149.1652375,0.003,0.023906631395220757,354,100,STABILIZE,False
2026-08-31 14:30:19,-35.3632622,149.1652375,0.003,0.023937303572893143,354,100,STABILIZE,False
2026-08-31 14:30:19,-35.3632622,149.1652375,0.003,0.02416907250881195,354,100,STABILIZE,False
2026-08-31 14:30:20,-35.3632622,149.1652375,0.003,0.02397923916578293,354,100,STABILIZE,False
2026-08-31 14:30:20,-35.3632622,149.1652375,0.003,0.023905493319034576,354,100,STABILIZE,False
2026-08-31 14:30:20,-35.3632622,149.1652375,0.003,0.023846352472901344,354,100,STABILIZE,False
2026-08-31 14:30:21,-35.3632622,149.1652375,0.003,0.023718928918242455,354,100,STABILIZE,False
2026-08-31 14:30:21,-35.3632622,149.1652375,0.003,0.02402285858988762,354,100,STABILIZE,False
2026-08-31 14:30:22,-35.3632622,149.1652375,0.003,0.023933690041303635,354,100,STABILIZE,False
2026-08-31 14:30:22,-35.3632622,149.1652375,0.003,0.02399429678916931,354,100,STABILIZE,False
2026-08-31 14:30:22,-35.3632622,149.1652375,0.003,0.02414943277835846,354,100,STABILIZE,False
2026-08-31 14:30:23,-35.3632622,149.1652375,0.003,0.024058155715465546,354,100,STABILIZE,False
2026-08-31 14:30:23,-35.3632622,149.1652375,0.003,0.024293091148138046,354,100,STABILIZE,False
2026-08-31 14:30:24,-35.3632622,149.1652375,0.003,0.024275295436382294,354,100,STABILIZE,False
2026-08-31 14:30:24,-35.3632622,149.1652375,0.003,0.023976877331733704,354,100,STABILIZE,False
2026-08-31 14:30:24,-35.3632622,149.1652375,0.003,0.02416173554956913,354,100,STABILIZE,False
2026-08-31 14:30:25,-35.3632622,149.1652375,0.003,0.024118326604366302,354,100,STABILIZE,False
2026-08-31 14:30:25,-35.3632622,149.1652375,0.003,0.024147696793079376,354,100,STABILIZE,False
2026-08-31 14:30:25,-35.3632622,149.1652375,0.003,0.02408088743686676,354,100,STABILIZE,False
2026-08-31 14:30:26,-35.3632622,149.1652375,0.003,0.02392970584332943,354,100,STABILIZE,False
2026-08-31 14:30:26,-35.3632622,149.1652375,0.003,0.02415364794433117,354,100,STABILIZE,False
2026-08-31 14:30:27,-35.3632622,149.1652375,0.003,0.02399909868836403,354,100,STABILIZE,False
2026-08-31 14:30:27,-35.3632622,149.1652375,0.003,0.024180646985769272,354,100,STABILIZE,False
2026-08-31 14:30:28,-35.3632622,149.1652375,0.003,0.024332117289304733,354,100,STABILIZE,False
2026-08-31 14:30:28,-35.3632622,149.1652375,0.003,0.02436532825231552,354,100,STABILIZE,False
2026-08-31 14:30:28,-35.3632622,149.1652375,0.003,0.024499299004673958,354,100,STABILIZE,False
2026-08-31 14:30:29,-35.3632622,149.1652375,0.003,0.024140961468219757,354,100,STABILIZE,False
2026-08-31 14:30:29,-35.3632622,149.1652375,0.003,0.024002330377697945,354,100,STABILIZE,False
2026-08-31 14:30:29,-35.3632622,149.1652375,0.003,0.02400040626525879,354,100,STABILIZE,False
2026-08-31 14:30:30,-35.3632622,149.1652375,0.003,0.023819465190172195,354,100,STABILIZE,False
2026-08-31 14:30:30,-35.3632622,149.1652375,0.003,0.023902947083115578,354,100,STABILIZE,False
2026-08-31 14:30:31,-35.3632622,149.1652375,0.003,0.023917924612760544,354,100,STABILIZE,False
2026-08-31 14:30:31,-35.3632622,149.1652375,0.003,0.023792797699570656,354,100,STABILIZE,False
2026-08-31 14:30:31,-35.3632622,149.1652375,0.003,0.023905308917164803,354,100,STABILIZE,False
2026-08-31 14:30:32,-35.3632622,149.1652375,0.003,0.023524019867181778,354,100,STABILIZE,False
2026-08-31 14:30:32,-35.3632622,149.1652375,0.003,0.023580258712172508,354,100,STABILIZE,False
2026-08-31 14:30:32,-35.3632622,149.1652375,0.003,0.023733949288725853,354,100,STABILIZE,False
2026-08-31 14:30:33,-35.3632622,149.1652375,0.003,0.02366016060113907,354,100,STABILIZE,False
2026-08-31 14:30:33,-35.3632622,149.1652375,0.003,0.023725522682070732,354,100,STABILIZE,False
2026-08-31 14:30:34,-35.3632622,149.1652375,0.003,0.023663053289055824,354,100,STABILIZE,False
2026-08-31 14:30:34,-35.3632622,149.1652375,0.003,0.023498833179473877,354,100,STABILIZE,False
2026-08-31 14:30:34,-35.3632622,149.1652375,0.003,0.023692160844802856,354,100,STABILIZE,False
2026-08-31 14:30:35,-35.3632622,149.1652375,0.003,0.02359788864850998,354,100,STABILIZE,False
2026-08-31 14:30:35,-35.3632622,149.1652375,0.003,0.023707803338766098,354,100,STABILIZE,False
2026-08-31 14:30:35,-35.3632622,149.1652375,0.003,0.02391413040459156,354,100,STABILIZE,False
2026-08-31 14:30:36,-35.3632622,149.1652375,0.003,0.02367766760289669,354,100,STABILIZE,False
2026-08-31 14:30:36,-35.3632622,149.1652375,0.003,0.024111432954669,354,100,STABILIZE,False
2026-08-31 14:30:37,-35.3632622,149.1652375,0.003,0.024028971791267395,354,100,STABILIZE,False
2026-08-31 14:30:37,-35.3632622,149.1652375,0.003,0.024057896807789803,354,100,STABILIZE,False
2026-08-31 14:30:37,-35.3632622,149.1652375,0.003,0.024205408990383148,354,100,STABILIZE,False
2026-08-31 14:30:38,-35.3632622,149.1652375,0.003,0.023986883461475372,354,100,STABILIZE,False
2026-08-31 14:30:38,-35.3632622,149.1652375,0.003,0.023967750370502472,354,100,STABILIZE,False
2026-08-31 14:30:38,-35.3632622,149.1652375,0.003,0.024272823706269264,354,100,STABILIZE,False
2026-08-31 14:30:39,-35.3632622,149.1652375,0.003,0.02400738000869751,354,100,STABILIZE,False
2026-08-31 14:30:39,-35.3632622,149.1652375,0.003,0.024056805297732353,354,100,STABILIZE,False
2026-08-31 14:30:40,-35.3632622,149.1652375,0.003,0.023951750248670578,354,100,STABILIZE,False
2026-08-31 14:30:40,-35.3632622,149.1652375,0.003,0.023849567398428917,354,100,STABILIZE,False
2026-08-31 14:30:40,-35.3632622,149.1652375,0.003,0.02401597425341606,354,100,STABILIZE,False
2026-08-31 14:30:41,-35.3632622,149.1652375,0.003,0.0235404372215271,354,100,STABILIZE,False
2026-08-31 14:30:41,-35.3632622,149.1652375,0.003,0.023730065673589706,354,100,STABILIZE,False
2026-08-31 14:30:42,-35.3632622,149.1652375,0.003,0.023447491228580475,354,100,STABILIZE,False
2026-08-31 14:30:42,-35.3632622,149.1652375,0.003,0.023469239473342896,354,100,STABILIZE,False
2026-08-31 14:30:42,-35.3632622,149.1652375,0.003,0.02355646900832653,354,100,STABILIZE,False
2026-08-31 14:30:43,-35.3632622,149.1652375,0.003,0.023456528782844543,354,100,STABILIZE,False
2026-08-31 14:30:43,-35.3632622,149.1652375,0.003,0.023778224363923073,354,100,STABILIZE,False
2026-08-31 14:30:44,-35.3632622,149.1652375,0.003,0.023668387904763222,354,100,STABILIZE,False
2026-08-31 14:30:44,-35.3632622,149.1652375,0.003,0.023695651441812515,354,100,STABILIZE,False
2026-08-31 14:30:44,-35.3632622,149.1652375,0.003,0.024050917476415634,354,100,STABILIZE,False
2026-08-31 14:30:45,-35.3632622,149.1652375,0.003,0.023928485810756683,354,100,STABILIZE,False
2026-08-31 14:30:45,-35.3632622,149.1652375,0.003,0.023914899677038193,354,100,STABILIZE,False
2026-08-31 14:30:45,-35.3632622,149.1652375,0.003,0.023946406319737434,354,100,STABILIZE,False
2026-08-31 14:30:46,-35.3632622,149.1652375,0.003,0.023840347304940224,354,100,STABILIZE,False
2026-08-31 14:30:46,-35.3632622,149.1652375,0.003,0.023867124691605568,354,100,STABILIZE,False
2026-08-31 14:30:47,-35.3632622,149.1652375,0.003,0.02376411110162735,354,100,STABILIZE,False
2026-08-31 14:30:47,-35.3632622,149.1652375,0.003,0.023695094510912895,354,100,STABILIZE,False
2026-08-31 14:30:47,-35.3632622,149.1652375,0.003,0.023912720382213593,354,100,STABILIZE,False
2026-08-31 14:30:48,-35.3632622,149.1652375,0.003,0.02368623949587345,354,100,STABILIZE,False
2026-08-31 14:30:48,-35.3632622,149.1652375,0.003,0.023765012621879578,354,100,STABILIZE,False
2026-08-31 14:30:48,-35.3632622,149.1652375,0.003,0.023790379986166954,354,100,STABILIZE,False
2026-08-31 14:30:49,-35.3632622,149.1652375,0.003,0.023671463131904602,354,100,STABILIZE,False
2026-08-31 14:30:49,-35.3632622,149.1652375,0.003,0.023819610476493835,354,100,STABILIZE,False
2026-08-31 14:30:50,-35.3632622,149.1652375,0.003,0.023754697293043137,354,100,STABILIZE,False
2026-08-31 14:30:50,-35.3632622,149.1652375,0.003,0.023482369258999825,354,100,STABILIZE,False
2026-08-31 14:30:51,-35.3632622,149.1652375,0.003,0.023537205532193184,354,100,STABILIZE,False
2026-08-31 14:30:51,-35.3632622,149.1652375,0.003,0.02360677719116211,354,100,STABILIZE,False
2026-08-31 14:30:52,-35.3632622,149.1652375,0.003,0.023662079125642776,354,100,STABILIZE,False
2026-08-31 14:30:52,-35.3632622,149.1652375,0.003,0.023688221350312233,354,100,STABILIZE,False
2026-08-31 14:30:52,-35.3632622,149.1652375,0.003,0.02339097671210766,354,100,STABILIZE,False
2026-08-31 14:30:53,-35.3632622,149.1652375,0.003,0.023444658145308495,354,100,STABILIZE,False
2026-08-31 14:30:53,-35.3632622,149.1652375,0.003,0.023632315918803215,354,100,STABILIZE,False
2026-08-31 14:30:54,-35.3632622,149.1652375,0.003,0.02361951395869255,354,100,STABILIZE,False
2026-08-31 14:30:54,-35.3632622,149.1652375,0.003,0.023555481806397438,354,100,STABILIZE,False
2026-08-31 14:30:54,-35.3632622,149.1652375,0.003,0.02362554520368576,354,100,STABILIZE,False
2026-08-31 14:30:55,-35.3632622,149.1652375,0.003,0.023446127772331238,354,100,STABILIZE,False
2026-08-31 14:30:55,-35.3632622,149.1652375,0.003,0.023454641923308372,354,100,STABILIZE,False
2026-08-31 14:30:55,-35.3632622,149.1652375,0.003,0.023662392050027847,354,100,STABILIZE,False
2026-08-31 14:30:56,-35.3632622,149.1652375,0.003,0.023540159687399864,354,100,STABILIZE,False
2026-08-31 14:30:56,-35.3632622,149.1652375,0.003,0.0237917210906744,354,100,STABILIZE,False
2026-08-31 14:30:57,-35.3632622,149.1652375,0.003,0.023865249007940292,354,100,STABILIZE,False
2026-08-31 14:30:57,-35.3632622,149.1652375,0.003,0.023661905899643898,354,100,STABILIZE,False
2026-08-31 14:30:57,-35.3632622,149.1652375,0.003,0.023923009634017944,354,100,STABILIZE,False
2026-08-31 14:30:58,-35.3632622,149.1652375,0.003,0.02378157339990139,354,100,STABILIZE,False
2026-08-31 14:30:58,-35.3632622,149.1652375,0.003,0.023794274777173996,354,100,STABILIZE,False
2026-08-31 14:30:58,-35.3632622,149.1652375,0.003,0.023878637701272964,354,100,STABILIZE,False
2026-08-31 14:30:59,-35.3632622,149.1652375,0.003,0.023880930617451668,354,100,STABILIZE,False
2026-08-31 14:30:59,-35.3632622,149.1652375,0.003,0.02411028929054737,354,100,STABILIZE,False
2026-08-31 14:31:00,-35.3632622,149.1652375,0.003,0.024054115638136864,354,100,STABILIZE,False
2026-08-31 14:31:00,-35.3632622,149.1652375,0.003,0.023847151547670364,354,100,STABILIZE,False
2026-08-31 14:31:00,-35.3632622,149.1652375,0.003,0.024019090458750725,354,100,STABILIZE,False
2026-08-31 14:31:01,-35.3632622,149.1652375,0.003,0.023853350430727005,354,100,STABILIZE,False
2026-08-31 14:31:01,-35.3632622,149.1652375,0.003,0.02401886135339737,354,100,STABILIZE,False
2026-08-31 14:31:01,-35.3632622,149.1652375,0.003,0.023992303758859634,354,100,STABILIZE,False
2026-08-31 14:31:02,-35.3632622,149.1652375,0.003,0.023941822350025177,354,100,STABILIZE,False
2026-08-31 14:31:02,-35.3632622,149.1652375,0.003,0.02417251095175743,354,100,STABILIZE,False
2026-08-31 14:31:03,-35.3632622,149.1652375,0.003,0.02405192144215107,354,100,STABILIZE,False
2026-08-31 14:31:03,-35.3632622,149.1652375,0.003,0.023943085223436356,354,100,STABILIZE,False
2026-08-31 14:31:03,-35.3632622,149.1652375,0.003,0.02419751137495041,354,100,STABILIZE,False
2026-08-31 14:31:04,-35.3632622,149.1652375,0.003,0.023900432512164116,354,100,STABILIZE,False
2026-08-31 14:31:04,-35.3632622,149.1652375,0.003,0.023964427411556244,354,100,STABILIZE,False
2026-08-31 14:31:04,-35.3632622,149.1652375,0.003,0.024034973233938217,354,100,STABILIZE,False
2026-08-31 14:31:05,-35.3632622,149.1652375,0.003,0.02395794354379177,354,100,STABILIZE,False
2026-08-31 14:31:05,-35.3632622,149.1652375,0.003,0.024341320618987083,354,100,STABILIZE,False
2026-08-31 14:31:06,-35.3632622,149.1652375,0.003,0.024050120264291763,354,100,STABILIZE,False
2026-08-31 14:31:06,-35.3632622,149.1652375,0.003,0.02413146011531353,354,100,STABILIZE,False
2026-08-31 14:31:07,-35.3632622,149.1652375,0.003,0.02412043698132038,354,100,STABILIZE,False
2026-08-31 14:31:07,-35.3632622,149.1652375,0.003,0.0237408634275198,354,100,STABILIZE,False
2026-08-31 14:31:07,-35.3632622,149.1652375,0.003,0.02399534359574318,354,100,STABILIZE,False
2026-08-31 14:31:08,-35.3632622,149.1652375,0.003,0.0237736813724041,354,100,STABILIZE,False
2026-08-31 14:31:08,-35.3632622,149.1652375,0.003,0.023824213072657585,354,100,STABILIZE,False
2026-08-31 14:31:08,-35.3632622,149.1652375,0.003,0.023998526856303215,354,100,STABILIZE,False
2026-08-31 14:31:09,-35.3632622,149.1652375,0.003,0.023877421393990517,354,100,STABILIZE,False
2026-08-31 14:31:09,-35.3632622,149.1652375,0.003,0.024185776710510254,354,100,STABILIZE,False
2026-08-31 14:31:10,-35.3632622,149.1652375,0.003,0.024176720529794693,354,100,STABILIZE,False
2026-08-31 14:31:10,-35.3632622,149.1652375,0.003,0.02391006052494049,354,100,STABILIZE,False
2026-08-31 14:31:10,-35.3632622,149.1652375,0.003,0.023950105533003807,354,100,STABILIZE,False
2026-08-31 14:31:11,-35.3632622,149.1652375,0.003,0.023606285452842712,354,100,STABILIZE,False
2026-08-31 14:31:11,-35.3632622,149.1652375,0.003,0.023519083857536316,354,100,STABILIZE,False
2026-08-31 14:31:11,-35.3632622,149.1652375,0.003,0.023708395659923553,354,100,STABILIZE,False
2026-08-31 14:31:12,-35.3632622,149.1652375,0.003,0.023564210161566734,354,100,STABILIZE,False
2026-08-31 14:31:12,-35.3632622,149.1652375,0.003,0.023885153234004974,354,100,STABILIZE,False
2026-08-31 14:31:13,-35.3632622,149.1652375,0.003,0.02398846670985222,354,100,STABILIZE,False
2026-08-31 14:31:13,-35.3632622,149.1652375,0.003,0.023822540417313576,354,100,STABILIZE,False
2026-08-31 14:31:13,-35.3632622,149.1652375,0.003,0.02385852485895157,354,100,STABILIZE,False
2026-08-31 14:31:14,-35.3632622,149.1652375,0.003,0.0235372856259346,354,100,STABILIZE,False
2026-08-31 14:31:14,-35.3632622,149.1652375,0.003,0.023606637492775917,354,100,STABILIZE,False
2026-08-31 14:31:15,-35.3632622,149.1652375,0.003,0.023601587861776352,354,100,STABILIZE,False
2026-08-31 14:31:15,-35.3632622,149.1652375,0.003,0.02375520020723343,354,100,STABILIZE,False
2026-08-31 14:31:16,-35.3632622,149.1652375,0.003,0.023755116388201714,354,100,STABILIZE,False
2026-08-31 14:31:16,-35.3632622,149.1652375,0.003,0.0235741063952446,354,100,STABILIZE,False
2026-08-31 14:31:16,-35.3632622,149.1652375,0.003,0.02362501434981823,354,100,STABILIZE,False
2026-08-31 14:31:17,-35.3632622,149.1652375,0.003,0.023616544902324677,354,100,STABILIZE,False
2026-08-31 14:31:17,-35.3632622,149.1652375,0.003,0.023432761430740356,354,100,STABILIZE,False
2026-08-31 14:31:17,-35.3632622,149.1652375,0.003,0.023562243208289146,354,100,STABILIZE,False
2026-08-31 14:31:18,-35.3632622,149.1652375,0.003,0.023355912417173386,354,100,STABILIZE,False
2026-08-31 14:31:18,-35.3632622,149.1652375,0.003,0.023478206247091293,354,100,STABILIZE,False
2026-08-31 14:31:18,-35.3632622,149.1652375,0.003,0.023567158728837967,354,100,STABILIZE,False
2026-08-31 14:31:19,-35.3632622,149.1652375,0.003,0.023462416604161263,354,100,STABILIZE,False
2026-08-31 14:31:19,-35.3632622,149.1652375,0.003,0.023705298081040382,354,100,STABILIZE,False
2026-08-31 14:31:20,-35.3632622,149.1652375,0.003,0.023705316707491875,354,100,STABILIZE,False
2026-08-31 14:31:20,-35.3632622,149.1652375,0.003,0.023775480687618256,354,100,STABILIZE,False
2026-08-31 14:31:20,-35.3632622,149.1652375,0.003,0.023986509069800377,354,100,STABILIZE,False
2026-08-31 14:31:21,-35.3632622,149.1652375,0.003,0.02379186823964119,354,100,STABILIZE,False
2026-08-31 14:31:21,-35.3632622,149.1652375,0.003,0.02377535030245781,354,100,STABILIZE,False
2026-08-31 14:31:22,-35.3632622,149.1652375,0.003,0.02405405417084694,354,100,STABILIZE,False
2026-08-31 14:31:22,-35.3632622,149.1652375,0.003,0.024098610505461693,354,100,STABILIZE,False
2026-08-31 14:31:22,-35.3632622,149.1652375,0.003,0.024144286289811134,354,100,STABILIZE,False
2026-08-31 14:31:23,-35.3632622,149.1652375,0.003,0.023990746587514877,354,100,STABILIZE,False
2026-08-31 14:31:23,-35.3632622,149.1652375,0.003,0.024223461747169495,354,100,STABILIZE,False
2026-08-31 14:31:23,-35.3632622,149.1652375,0.003,0.024070624262094498,354,100,STABILIZE,False
2026-08-31 14:31:24,-35.3632622,149.1652375,0.003,0.023915788158774376,354,100,STABILIZE,False
2026-08-31 14:31:24,-35.3632622,149.1652375,0.003,0.024063317105174065,354,100,STABILIZE,False
2026-08-31 14:31:25,-35.3632622,149.1652375,0.003,0.023819703608751297,354,100,STABILIZE,False
2026-08-31 14:31:25,-35.3632622,149.1652375,0.003,0.023902317509055138,354,100,STABILIZE,False
2026-08-31 14:31:25,-35.3632622,149.1652375,0.003,0.02398122288286686,354,100,STABILIZE,False
2026-08-31 14:31:26,-35.3632622,149.1652375,0.003,0.02392442338168621,354,100,STABILIZE,False
2026-08-31 14:31:26,-35.3632622,149.1652375,0.003,0.024111587554216385,354,100,STABILIZE,False
2026-08-31 14:31:27,-35.3632622,149.1652375,0.003,0.024011215195059776,354,100,STABILIZE,False
2026-08-31 14:31:27,-35.3632622,149.1652375,0.003,0.023792091757059097,354,100,STABILIZE,False
2026-08-31 14:31:27,-35.3632622,149.1652375,0.003,0.02392393909394741,354,100,STABILIZE,False
2026-08-31 14:31:28,-35.3632622,149.1652375,0.003,0.02373642846941948,354,100,STABILIZE,False
2026-08-31 14:31:28,-35.3632622,149.1652375,0.003,0.0236502792686224,354,100,STABILIZE,False
2026-08-31 14:31:28,-35.3632622,149.1652375,0.003,0.02382281795144081,354,100,STABILIZE,False
2026-08-31 14:31:29,-35.3632622,149.1652375,0.003,0.023670904338359833,354,100,STABILIZE,False
2026-08-31 14:31:29,-35.3632622,149.1652375,0.003,0.0239198449999094,354,100,STABILIZE,False
2026-08-31 14:31:30,-35.3632622,149.1652375,0.003,0.023873843252658844,354,100,STABILIZE,False
2026-08-31 14:31:30,-35.3632622,149.1652375,0.003,0.02389768324792385,354,100,STABILIZE,False
2026-08-31 14:31:30,-35.3632622,149.1652375,0.003,0.0241377055644989,354,100,STABILIZE,False
2026-08-31 14:31:31,-35.3632622,149.1652375,0.003,0.0239628404378891,354,100,STABILIZE,False
2026-08-31 14:31:31,-35.3632622,149.1652375,0.003,0.023973219096660614,354,100,STABILIZE,False
2026-08-31 14:31:32,-35.3632622,149.1652375,0.003,0.023974386975169182,354,100,STABILIZE,False
2026-08-31 14:31:32,-35.3632622,149.1652375,0.003,0.02401808090507984,354,100,STABILIZE,False
2026-08-31 14:31:32,-35.3632622,149.1652375,0.003,0.024140052497386932,354,100,STABILIZE,False
2026-08-31 14:31:33,-35.3632622,149.1652375,0.003,0.024216076359152794,354,100,STABILIZE,False
2026-08-31 14:31:33,-35.3632622,149.1652375,0.003,0.024051783606410027,354,100,STABILIZE,False
2026-08-31 14:31:34,-35.3632622,149.1652375,0.003,0.02401583082973957,354,100,STABILIZE,False
2026-08-31 14:31:34,-35.3632622,149.1652375,0.003,0.02390158548951149,354,100,STABILIZE,False
2026-08-31 14:31:34,-35.3632622,149.1652375,0.003,0.02390158548951149,354,100,STABILIZE,False
2026-08-31 14:31:35,-35.3632622,149.1652375,0.003,0.023836536332964897,354,100,STABILIZE,False
2026-08-31 14:31:35,-35.3632622,149.1652375,0.003,0.02409292571246624,354,100,STABILIZE,False
2026-08-31 14:31:36,-35.3632622,149.1652375,0.003,0.02411160059273243,354,100,STABILIZE,False
2026-08-31 14:31:36,-35.3632622,149.1652375,0.003,0.023897835984826088,354,100,STABILIZE,False
2026-08-31 14:31:36,-35.3632622,149.1652375,0.003,0.023911532014608383,354,100,STABILIZE,False
2026-08-31 14:31:37,-35.3632622,149.1652375,0.003,0.023899974301457405,354,100,STABILIZE,False
2026-08-31 14:31:37,-35.3632622,149.1652375,0.003,0.023821447044610977,354,100,STABILIZE,False
2026-08-31 14:31:37,-35.3632622,149.1652375,0.003,0.023988952860236168,354,100,STABILIZE,False
2026-08-31 14:31:38,-35.3632622,149.1652375,0.003,0.02385694533586502,354,100,STABILIZE,False
2026-08-31 14:31:38,-35.3632622,149.1652375,0.003,0.02387837879359722,354,100,STABILIZE,False
2026-08-31 14:31:38,-35.3632622,149.1652375,0.003,0.023784322664141655,354,100,STABILIZE,False
2026-08-31 14:31:39,-35.3632622,149.1652375,0.003,0.023884564638137817,354,100,STABILIZE,False
2026-08-31 14:31:39,-35.3632622,149.1652375,0.003,0.02418535202741623,354,100,STABILIZE,False
2026-08-31 14:31:40,-35.3632622,149.1652375,0.003,0.02400165982544422,354,100,STABILIZE,False
2026-08-31 14:31:40,-35.3632622,149.1652375,0.003,0.023889506235718727,354,100,STABILIZE,False
2026-08-31 14:31:40,-35.3632622,149.1652375,0.003,0.02406618557870388,354,100,STABILIZE,False
2026-08-31 14:31:41,-35.3632622,149.1652375,0.003,0.0239408016204834,354,100,STABILIZE,False
2026-08-31 14:31:41,-35.3632622,149.1652375,0.003,0.023899730294942856,354,100,STABILIZE,False
2026-08-31 14:31:41,-35.3632622,149.1652375,0.003,0.023963158950209618,354,100,STABILIZE,False
2026-08-31 14:31:42,-35.3632622,149.1652375,0.003,0.02379581704735756,354,100,STABILIZE,False
2026-08-31 14:31:42,-35.3632622,149.1652375,0.003,0.023990420624613762,354,100,STABILIZE,False
2026-08-31 14:31:43,-35.3632622,149.1652375,0.003,0.024034349247813225,354,100,STABILIZE,False
2026-08-31 14:31:43,-35.3632622,149.1652375,0.003,0.023885680362582207,354,100,STABILIZE,False
2026-08-31 14:31:43,-35.3632622,149.1652375,0.003,0.023895565420389175,354,100,STABILIZE,False
2026-08-31 14:31:44,-35.3632622,149.1652375,0.003,0.023640913888812065,354,100,STABILIZE,False
2026-08-31 14:31:44,-35.3632622,149.1652375,0.003,0.02370968833565712,354,100,STABILIZE,False
2026-08-31 14:31:44,-35.3632622,149.1652375,0.003,0.023778565227985382,354,100,STABILIZE,False
2026-08-31 14:31:45,-35.3632622,149.1652375,0.003,0.02367178536951542,354,100,STABILIZE,False
2026-08-31 14:31:45,-35.3632622,149.1652375,0.003,0.02373538911342621,354,100,STABILIZE,False
2026-08-31 14:31:46,-35.3632622,149.1652375,0.003,0.023554781451821327,354,100,STABILIZE,False
2026-08-31 14:31:46,-35.3632622,149.1652375,0.003,0.02343805506825447,354,100,STABILIZE,False
2026-08-31 14:31:46,-35.3632622,149.1652375,0.003,0.023640435189008713,354,100,STABILIZE,False
2026-08-31 14:31:47,-35.3632622,149.1652375,0.003,0.023625971749424934,354,100,STABILIZE,False
2026-08-31 14:31:47,-35.3632622,149.1652375,0.003,0.023696336895227432,354,100,STABILIZE,False
2026-08-31 14:31:48,-35.3632622,149.1652375,0.003,0.02384432964026928,354,100,STABILIZE,False
2026-08-31 14:31:48,-35.3632622,149.1652375,0.003,0.02368396706879139,354,100,STABILIZE,False
2026-08-31 14:31:48,-35.3632622,149.1652375,0.003,0.02383001521229744,354,100,STABILIZE,False
2026-08-31 14:31:49,-35.3632622,149.1652375,0.003,0.023403247818350792,354,100,STABILIZE,False
2026-08-31 14:31:49,-35.3632622,149.1652375,0.003,0.02374432608485222,354,100,STABILIZE,False
2026-08-31 14:31:50,-35.3632622,149.1652375,0.003,0.02345089055597782,354,100,STABILIZE,False
2026-08-31 14:31:50,-35.3632622,149.1652375,0.003,0.023475369438529015,354,100,STABILIZE,False
2026-08-31 14:31:50,-35.3632622,149.1652375,0.003,0.023697298020124435,354,100,STABILIZE,False
2026-08-31 14:31:51,-35.3632622,149.1652375,0.003,0.023575937375426292,354,100,STABILIZE,False
2026-08-31 14:31:51,-35.3632622,149.1652375,0.003,0.023763442412018776,354,100,STABILIZE,False
2026-08-31 14:31:51,-35.3632622,149.1652375,0.003,0.023938283324241638,354,100,STABILIZE,False
2026-08-31 14:31:52,-35.3632622,149.1652375,0.003,0.023855386301875114,354,100,STABILIZE,False
2026-08-31 14:31:52,-35.3632622,149.1652375,0.003,0.02411716990172863,354,100,STABILIZE,False
2026-08-31 14:31:53,-35.3632622,149.1652375,0.003,0.024096760898828506,354,100,STABILIZE,False
2026-08-31 14:31:53,-35.3632622,149.1652375,0.003,0.023683849722146988,354,100,STABILIZE,False
2026-08-31 14:31:54,-35.3632622,149.1652375,0.003,0.024065958335995674,354,100,STABILIZE,False
2026-08-31 14:31:54,-35.3632622,149.1652375,0.003,0.023968223482370377,354,100,STABILIZE,False
2026-08-31 14:31:54,-35.3632622,149.1652375,0.003,0.024107666686177254,354,100,STABILIZE,False
2026-08-31 14:31:55,-35.3632622,149.1652375,0.003,0.023888016119599342,354,100,STABILIZE,False
2026-08-31 14:31:55,-35.3632622,149.1652375,0.003,0.02383103221654892,354,100,STABILIZE,False
2026-08-31 14:31:55,-35.3632622,149.1652375,0.003,0.02395464852452278,354,100,STABILIZE,False
2026-08-31 14:31:56,-35.3632622,149.1652375,0.003,0.024027111008763313,354,100,STABILIZE,False
2026-08-31 14:31:56,-35.3632622,149.1652375,0.003,0.024267101660370827,354,100,STABILIZE,False
2026-08-31 14:31:57,-35.3632622,149.1652375,0.004,0.024238362908363342,354,100,STABILIZE,False
2026-08-31 14:31:57,-35.3632622,149.1652375,0.004,0.024040929973125458,354,100,STABILIZE,False
2026-08-31 14:31:57,-35.3632622,149.1652375,0.004,0.024175427854061127,354,100,STABILIZE,False
2026-08-31 14:31:58,-35.3632622,149.1652375,0.004,0.023899057880043983,354,100,STABILIZE,False
2026-08-31 14:31:58,-35.3632622,149.1652375,0.004,0.023944556713104248,354,100,STABILIZE,False
2026-08-31 14:31:58,-35.3632622,149.1652375,0.004,0.024145139381289482,354,100,STABILIZE,False
2026-08-31 14:31:59,-35.3632622,149.1652375,0.004,0.024043802171945572,354,100,STABILIZE,False
2026-08-31 14:31:59,-35.3632622,149.1652375,0.003,0.024094464257359505,354,100,STABILIZE,False
2026-08-31 14:32:00,-35.3632622,149.1652375,0.003,0.024008717387914658,354,100,STABILIZE,False
2026-08-31 14:32:00,-35.3632622,149.1652375,0.003,0.023952731862664223,354,100,STABILIZE,False
2026-08-31 14:32:00,-35.3632622,149.1652375,0.003,0.024155620485544205,354,100,STABILIZE,False
2026-08-31 14:32:01,-35.3632622,149.1652375,0.003,0.023895928636193275,354,100,STABILIZE,False
2026-08-31 14:32:01,-35.3632622,149.1652375,0.003,0.023980755358934402,354,100,STABILIZE,False
2026-08-31 14:32:01,-35.3632622,149.1652375,0.003,0.024081243202090263,354,100,STABILIZE,False
2026-08-31 14:32:02,-35.3632622,149.1652375,0.003,0.023938270285725594,354,100,STABILIZE,False
2026-08-31 14:32:02,-35.3632622,149.1652375,0.003,0.024115774780511856,354,100,STABILIZE,False
2026-08-31 14:32:03,-35.3632622,149.1652375,0.003,0.024105273187160492,354,100,STABILIZE,False
2026-08-31 14:32:03,-35.3632622,149.1652375,0.003,0.023948971182107925,354,100,STABILIZE,False
2026-08-31 14:32:03,-35.3632622,149.1652375,0.003,0.024220628663897514,354,100,STABILIZE,False
2026-08-31 14:32:04,-35.3632622,149.1652375,0.003,0.02402503229677677,354,100,STABILIZE,False
2026-08-31 14:32:04,-35.3632622,149.1652375,0.003,0.023950356990098953,354,100,STABILIZE,False
2026-08-31 14:32:04,-35.3632622,149.1652375,0.003,0.02393386885523796,354,100,STABILIZE,False
2026-08-31 14:32:05,-35.3632622,149.1652375,0.003,0.023707687854766846,354,100,STABILIZE,False
2026-08-31 14:32:05,-35.3632622,149.1652375,0.003,0.024016307666897774,354,100,STABILIZE,False
2026-08-31 14:32:06,-35.3632622,149.1652375,0.003,0.023908721283078194,354,100,STABILIZE,False
2026-08-31 14:32:06,-35.3632622,149.1652375,0.003,0.023900538682937622,354,100,STABILIZE,False
2026-08-31 14:32:06,-35.3632622,149.1652375,0.003,0.023997662588953972,354,100,STABILIZE,False
2026-08-31 14:32:07,-35.3632622,149.1652375,0.003,0.023822255432605743,354,100,STABILIZE,False
2026-08-31 14:32:07,-35.3632622,149.1652375,0.003,0.024025488644838333,354,100,STABILIZE,False
2026-08-31 14:32:08,-35.3632622,149.1652375,0.003,0.024155182763934135,354,100,STABILIZE,False
2026-08-31 14:32:08,-35.3632622,149.1652375,0.003,0.024195518344640732,354,100,STABILIZE,False
2026-08-31 14:32:08,-35.3632622,149.1652375,0.003,0.024245476350188255,354,100,STABILIZE,False
2026-08-31 14:32:09,-35.3632622,149.1652375,0.003,0.024079468101263046,354,100,STABILIZE,False
2026-08-31 14:32:09,-35.3632622,149.1652375,0.003,0.02422402612864971,354,100,STABILIZE,False
2026-08-31 14:32:10,-35.3632622,149.1652375,0.003,0.023909108713269234,354,100,STABILIZE,False
2026-08-31 14:32:10,-35.3632622,149.1652375,0.003,0.02378392405807972,354,100,STABILIZE,False
2026-08-31 14:32:10,-35.3632622,149.1652375,0.003,0.024008363485336304,354,100,STABILIZE,False
2026-08-31 14:32:11,-35.3632622,149.1652375,0.003,0.023729756474494934,354,100,STABILIZE,False
2026-08-31 14:32:11,-35.3632622,149.1652375,0.003,0.023718951269984245,354,100,STABILIZE,False
2026-08-31 14:32:11,-35.3632622,149.1652375,0.003,0.023889020085334778,354,100,STABILIZE,False
2026-08-31 14:32:12,-35.3632622,149.1652375,0.003,0.0239820946007967,354,100,STABILIZE,False
2026-08-31 14:32:12,-35.3632622,149.1652375,0.003,0.024157749488949776,354,100,STABILIZE,False
2026-08-31 14:32:13,-35.3632622,149.1652375,0.003,0.024136561900377274,354,100,STABILIZE,False
2026-08-31 14:32:13,-35.3632622,149.1652375,0.003,0.0239575132727623,354,100,STABILIZE,False
2026-08-31 14:32:13,-35.3632622,149.1652375,0.003,0.024014657363295555,354,100,STABILIZE,False
2026-08-31 14:32:14,-35.3632622,149.1652375,0.003,0.02345227636396885,354,100,STABILIZE,False
2026-08-31 14:32:14,-35.3632622,149.1652375,0.003,0.023538142442703247,354,100,STABILIZE,False
2026-08-31 14:32:14,-35.3632622,149.1652375,0.003,0.023681512102484703,354,100,STABILIZE,False
2026-08-31 14:32:15,-35.3632622,149.1652375,0.003,0.023459075018763542,354,100,STABILIZE,False
2026-08-31 14:32:15,-35.3632622,149.1652375,0.003,0.023530777543783188,354,100,STABILIZE,False
2026-08-31 14:32:16,-35.3632622,149.1652375,0.003,0.02342546358704567,354,100,STABILIZE,False
2026-08-31 14:32:16,-35.3632622,149.1652375,0.003,0.023211171850562096,354,100,STABILIZE,False
2026-08-31 14:32:16,-35.3632622,149.1652375,0.003,0.023390447720885277,354,100,STABILIZE,False
2026-08-31 14:32:17,-35.3632622,149.1652375,0.003,0.023497188463807106,354,100,STABILIZE,False
2026-08-31 14:32:17,-35.3632622,149.1652375,0.003,0.02356085181236267,354,100,STABILIZE,False
2026-08-31 14:32:18,-35.3632622,149.1652375,0.003,0.023631466552615166,354,100,STABILIZE,False
2026-08-31 14:32:18,-35.3632622,149.1652375,0.003,0.023681102320551872,354,100,STABILIZE,False
2026-08-31 14:32:18,-35.3632622,149.1652375,0.003,0.02392560802400112,354,100,STABILIZE,False
2026-08-31 14:32:19,-35.3632622,149.1652375,0.003,0.023847850039601326,354,100,STABILIZE,False
2026-08-31 14:32:19,-35.3632622,149.1652375,0.003,0.024118665605783463,354,100,STABILIZE,False
2026-08-31 14:32:20,-35.3632622,149.1652375,0.003,0.02416096441447735,354,100,STABILIZE,False
2026-08-31 14:32:20,-35.3632622,149.1652375,0.003,0.02396908402442932,354,100,STABILIZE,False
2026-08-31 14:32:20,-35.3632622,149.1652375,0.003,0.024249697104096413,354,100,STABILIZE,False
2026-08-31 14:32:21,-35.3632622,149.1652375,0.003,0.024039212614297867,354,100,STABILIZE,False
2026-08-31 14:32:21,-35.3632622,149.1652375,0.003,0.024090178310871124,354,100,STABILIZE,False
2026-08-31 14:32:21,-35.3632622,149.1652375,0.003,0.02404460869729519,354,100,STABILIZE,False
2026-08-31 14:32:22,-35.3632622,149.1652375,0.003,0.023918157443404198,354,100,STABILIZE,False
2026-08-31 14:32:22,-35.3632622,149.1652375,0.003,0.024255365133285522,354,100,STABILIZE,False
2026-08-31 14:32:23,-35.3632622,149.1652375,0.003,0.024181300774216652,354,100,STABILIZE,False
2026-08-31 14:32:23,-35.3632622,149.1652375,0.003,0.023963643237948418,354,100,STABILIZE,False
2026-08-31 14:32:23,-35.3632622,149.1652375,0.003,0.02402307465672493,354,100,STABILIZE,False
2026-08-31 14:32:24,-35.3632622,149.1652375,0.003,0.02374505065381527,354,100,STABILIZE,False
2026-08-31 14:32:24,-35.3632622,149.1652375,0.003,0.023745138198137283,354,100,STABILIZE,False
2026-08-31 14:32:25,-35.3632622,149.1652375,0.003,0.023894304409623146,354,100,STABILIZE,False
2026-08-31 14:32:25,-35.3632622,149.1652375,0.003,0.023725630715489388,354,100,STABILIZE,False
2026-08-31 14:32:25,-35.3632622,149.1652375,0.003,0.023831812664866447,354,100,STABILIZE,False
2026-08-31 14:32:26,-35.3632622,149.1652375,0.003,0.02368154563009739,354,100,STABILIZE,False
2026-08-31 14:32:26,-35.3632622,149.1652375,0.003,0.023699399083852768,354,100,STABILIZE,False
2026-08-31 14:32:27,-35.3632622,149.1652375,0.003,0.02399028278887272,354,100,STABILIZE,False
2026-08-31 14:32:27,-35.3632622,149.1652375,0.003,0.023709021508693695,354,100,STABILIZE,False
2026-08-31 14:32:27,-35.3632622,149.1652375,0.003,0.02392582781612873,354,100,STABILIZE,False
2026-08-31 14:32:28,-35.3632622,149.1652375,0.003,0.02382003143429756,354,100,STABILIZE,False
2026-08-31 14:32:28,-35.3632622,149.1652375,0.003,0.023814773187041283,354,100,STABILIZE,False
2026-08-31 14:32:28,-35.3632622,149.1652375,0.003,0.02403954789042473,354,100,STABILIZE,False
2026-08-31 14:32:29,-35.3632622,149.1652375,0.003,0.024091750383377075,354,100,STABILIZE,False
2026-08-31 14:32:29,-35.3632622,149.1652375,0.003,0.02409118227660656,354,100,STABILIZE,False
2026-08-31 14:32:30,-35.3632622,149.1652375,0.003,0.02401702105998993,354,100,STABILIZE,False
2026-08-31 14:32:30,-35.3632622,149.1652375,0.003,0.023797960951924324,354,100,STABILIZE,False
2026-08-31 14:32:30,-35.3632622,149.1652375,0.003,0.02385362796485424,354,100,STABILIZE,False
2026-08-31 14:32:31,-35.3632622,149.1652375,0.003,0.02339724265038967,354,100,STABILIZE,False
2026-08-31 14:32:31,-35.3632622,149.1652375,0.003,0.023401319980621338,354,100,STABILIZE,False
2026-08-31 14:32:31,-35.3632622,149.1652375,0.003,0.02357221581041813,354,100,STABILIZE,False
2026-08-31 14:32:32,-35.3632622,149.1652375,0.003,0.023490503430366516,354,100,STABILIZE,False
2026-08-31 14:32:32,-35.3632622,149.1652375,0.003,0.023862911388278008,354,100,STABILIZE,False
2026-08-31 14:32:33,-35.3632622,149.1652375,0.003,0.02391422539949417,354,100,STABILIZE,False
2026-08-31 14:32:33,-35.3632622,149.1652375,0.003,0.023834045976400375,354,100,STABILIZE,False
2026-08-31 14:32:33,-35.3632622,149.1652375,0.003,0.02399507537484169,354,100,STABILIZE,False
2026-08-31 14:32:34,-35.3632622,149.1652375,0.003,0.023847555741667747,354,100,STABILIZE,False
2026-08-31 14:32:34,-35.3632622,149.1652375,0.003,0.02395601011812687,354,100,STABILIZE,False
2026-08-31 14:32:35,-35.3632622,149.1652375,0.003,0.024141080677509308,354,100,STABILIZE,False
2026-08-31 14:32:35,-35.3632622,149.1652375,0.003,0.023935401812195778,354,100,STABILIZE,False
2026-08-31 14:32:35,-35.3632622,149.1652375,0.003,0.024226687848567963,354,100,STABILIZE,False
2026-08-31 14:32:36,-35.3632622,149.1652375,0.003,0.02414976805448532,354,100,STABILIZE,False
2026-08-31 14:32:36,-35.3632622,149.1652375,0.003,0.024089783430099487,354,100,STABILIZE,False
2026-08-31 14:32:37,-35.3632622,149.1652375,0.003,0.02423602156341076,354,100,STABILIZE,False
2026-08-31 14:32:37,-35.3632622,149.1652375,0.003,0.024243395775556564,353,100,STABILIZE,False
2026-08-31 14:32:37,-35.3632622,149.1652375,0.003,0.024435965344309807,353,100,STABILIZE,False
2026-08-31 14:32:38,-35.3632622,149.1652375,0.003,0.024334458634257317,353,100,STABILIZE,False
2026-08-31 14:32:38,-35.3632622,149.1652375,0.003,0.024312272667884827,353,100,STABILIZE,False
2026-08-31 14:32:39,-35.3632622,149.1652375,0.003,0.02426239475607872,353,100,STABILIZE,False
2026-08-31 14:32:39,-35.3632622,149.1652375,0.003,0.023890867829322815,353,100,STABILIZE,False
2026-08-31 14:32:39,-35.3632622,149.1652375,0.003,0.02432950586080551,353,100,STABILIZE,False
2026-08-31 14:32:40,-35.3632622,149.1652375,0.003,0.024288829416036606,353,100,STABILIZE,False
2026-08-31 14:32:40,-35.3632622,149.1652375,0.003,0.02419152483344078,353,100,STABILIZE,False
2026-08-31 14:32:40,-35.3632622,149.1652375,0.003,0.02432774007320404,353,100,STABILIZE,False
2026-08-31 14:32:41,-35.3632622,149.1652375,0.003,0.024037031456828117,353,100,STABILIZE,False
2026-08-31 14:32:41,-35.3632622,149.1652375,0.003,0.024045854806900024,353,100,STABILIZE,False
2026-08-31 14:32:42,-35.3632622,149.1652375,0.003,0.023963965475559235,353,100,STABILIZE,False
2026-08-31 14:32:42,-35.3632622,149.1652375,0.003,0.023848172277212143,353,100,STABILIZE,False
2026-08-31 14:32:43,-35.3632622,149.1652375,0.003,0.023766301572322845,353,100,STABILIZE,False
2026-08-31 14:32:43,-35.3632622,149.1652375,0.003,0.023753665387630463,353,100,STABILIZE,False
2026-08-31 14:32:43,-35.3632622,149.1652375,0.003,0.023899350315332413,353,100,STABILIZE,False
2026-08-31 14:32:44,-35.3632622,149.1652375,0.003,0.023916494101285934,353,100,STABILIZE,False
2026-08-31 14:32:44,-35.3632622,149.1652375,0.003,0.023930247873067856,353,100,STABILIZE,False
2026-08-31 14:32:44,-35.3632622,149.1652375,0.003,0.024042680859565735,353,100,STABILIZE,False
2026-08-31 14:32:45,-35.3632622,149.1652375,0.003,0.02381923422217369,353,100,STABILIZE,False
2026-08-31 14:32:45,-35.3632622,149.1652375,0.003,0.02392558380961418,353,100,STABILIZE,False
2026-08-31 14:32:46,-35.3632622,149.1652375,0.003,0.024124057963490486,353,100,STABILIZE,False
2026-08-31 14:32:46,-35.3632622,149.1652375,0.003,0.02378218062222004,353,100,STABILIZE,False
2026-08-31 14:32:46,-35.3632622,149.1652375,0.003,0.02388186566531658,353,100,STABILIZE,False
2026-08-31 14:32:47,-35.3632622,149.1652375,0.003,0.023617593571543694,353,100,STABILIZE,False
2026-08-31 14:32:47,-35.3632622,149.1652375,0.003,0.023545419797301292,353,100,STABILIZE,False
2026-08-31 14:32:48,-35.3632622,149.1652375,0.003,0.023745952174067497,353,100,STABILIZE,False
2026-08-31 14:32:48,-35.3632622,149.1652375,0.003,0.0235703457146883,353,100,STABILIZE,False
2026-08-31 14:32:48,-35.3632622,149.1652375,0.003,0.02378748543560505,353,100,STABILIZE,False
2026-08-31 14:32:49,-35.3632622,149.1652375,0.003,0.023507170379161835,353,100,STABILIZE,False
2026-08-31 14:32:49,-35.3632622,149.1652375,0.003,0.023588133975863457,353,100,STABILIZE,False
2026-08-31 14:32:49,-35.3632622,149.1652375,0.003,0.023859292268753052,353,100,STABILIZE,False
2026-08-31 14:32:50,-35.3632622,149.1652375,0.003,0.023703552782535553,353,100,STABILIZE,False
2026-08-31 14:32:50,-35.3632622,149.1652375,0.003,0.02380390651524067,353,100,STABILIZE,False
2026-08-31 14:32:51,-35.3632622,149.1652375,0.003,0.02386358194053173,353,100,STABILIZE,False
2026-08-31 14:32:51,-35.3632622,149.1652375,0.003,0.023641690611839294,353,100,STABILIZE,False
2026-08-31 14:32:51,-35.3632622,149.1652375,0.003,0.023721935227513313,353,100,STABILIZE,False
2026-08-31 14:32:52,-35.3632622,149.1652375,0.003,0.023325759917497635,353,100,STABILIZE,False
2026-08-31 14:32:52,-35.3632622,149.1652375,0.003,0.02327982522547245,353,100,STABILIZE,False
2026-08-31 14:32:52,-35.3632622,149.1652375,0.003,0.023123178631067276,353,100,STABILIZE,False
2026-08-31 14:32:53,-35.3632622,149.1652375,0.003,0.022870473563671112,353,100,STABILIZE,False
2026-08-31 14:32:53,-35.3632622,149.1652375,0.003,0.022728662937879562,353,100,STABILIZE,False
2026-08-31 14:32:54,-35.3632622,149.1652375,0.003,0.022496353834867477,353,100,STABILIZE,False
2026-08-31 14:32:54,-35.3632622,149.1652375,0.003,0.021975789219141006,353,100,STABILIZE,False
2026-08-31 14:32:54,-35.3632622,149.1652375,0.003,0.021804245188832283,353,100,STABILIZE,False
2026-08-31 14:32:55,-35.3632622,149.1652375,0.003,0.020819149911403656,353,100,STABILIZE,False
2026-08-31 14:32:55,-35.3632622,149.1652375,0.003,0.0204278826713562,353,100,STABILIZE,False
2026-08-31 14:32:56,-35.3632622,149.1652375,0.003,0.019713664427399635,353,100,STABILIZE,False
2026-08-31 14:32:56,-35.3632622,149.1652375,0.003,0.019190197810530663,353,100,STABILIZE,False
2026-08-31 14:32:56,-35.3632622,149.1652375,0.003,0.01832202635705471,353,100,STABILIZE,False
2026-08-31 14:32:57,-35.3632622,149.1652375,0.003,0.017883356660604477,353,100,STABILIZE,False
2026-08-31 14:32:57,-35.3632622,149.1652375,0.003,0.016851836815476418,353,100,STABILIZE,False
2026-08-31 14:32:57,-35.3632622,149.1652375,0.003,0.016399145126342773,353,100,STABILIZE,False
2026-08-31 14:32:58,-35.3632622,149.1652375,0.003,0.015188879333436489,353,100,STABILIZE,False
2026-08-31 14:32:58,-35.3632622,149.1652375,0.003,0.014651869423687458,353,100,STABILIZE,False
2026-08-31 14:32:59,-35.3632622,149.1652375,0.003,0.01288630161434412,353,100,STABILIZE,False
2026-08-31 14:32:59,-35.3632622,149.1652375,0.003,0.012314911000430584,353,100,STABILIZE,False
2026-08-31 14:32:59,-35.3632622,149.1652375,0.003,0.011788250878453255,353,100,STABILIZE,False
2026-08-31 14:33:00,-35.3632622,149.1652375,0.003,0.010983174666762352,353,100,STABILIZE,False
2026-08-31 14:33:00,-35.3632622,149.1652375,0.003,0.009934132918715477,353,100,STABILIZE,False
2026-08-31 14:33:01,-35.3632622,149.1652375,0.003,0.009448601864278316,353,100,STABILIZE,False
2026-08-31 14:33:01,-35.3632622,149.1652375,0.003,0.007847970351576805,353,100,STABILIZE,False
2026-08-31 14:33:01,-35.3632622,149.1652375,0.003,0.007418024353682995,353,100,STABILIZE,False
2026-08-31 14:33:02,-35.3632622,149.1652375,0.003,0.0062713888473808765,353,100,STABILIZE,False
2026-08-31 14:33:02,-35.3632622,149.1652375,0.003,0.005732749588787556,353,100,STABILIZE,False
2026-08-31 14:33:03,-35.3632622,149.1652375,0.003,0.004650351125746965,353,100,STABILIZE,False
2026-08-31 14:33:03,-35.3632622,149.1652375,0.003,0.004159359727054834,353,100,STABILIZE,False
2026-08-31 14:33:03,-35.3632622,149.1652375,0.003,0.0032510121818631887,353,100,STABILIZE,False
2026-08-31 14:33:04,-35.3632622,149.1652375,0.003,0.0027426532469689846,353,100,STABILIZE,False
2026-08-31 14:33:04,-35.3632622,149.1652375,0.003,0.0019206565339118242,353,100,STABILIZE,False
2026-08-31 14:33:04,-35.3632622,149.1652375,0.003,0.0015447632176801562,353,100,STABILIZE,False
2026-08-31 14:33:05,-35.3632622,149.1652375,0.003,0.0005852982285432518,353,100,STABILIZE,False
2026-08-31 14:33:05,-35.3632622,149.1652375,0.003,8.741774217924103e-05,353,100,STABILIZE,False
2026-08-31 14:33:06,-35.3632622,149.1652375,0.003,0.0010385315399616957,353,100,STABILIZE,False
2026-08-31 14:33:06,-35.3632621,149.1652375,0.003,0.0014303039060905576,353,100,STABILIZE,False
2026-08-31 14:33:07,-35.3632621,149.1652374,0.003,0.002195569220930338,353,100,STABILIZE,False
2026-08-31 14:33:07,-35.3632621,149.1652374,0.003,0.00253411871381104,353,100,STABILIZE,False
2026-08-31 14:33:07,-35.3632621,149.1652374,0.003,0.002898754784837365,353,100,STABILIZE,False
2026-08-31 14:33:08,-35.3632621,149.1652374,0.003,0.00337796239182353,353,100,STABILIZE,False
2026-08-31 14:33:08,-35.3632621,149.1652374,0.003,0.00441035907715559,353,100,STABILIZE,False
2026-08-31 14:33:08,-35.3632621,149.1652374,0.003,0.004798837937414646,353,100,STABILIZE,False
2026-08-31 14:33:09,-35.3632621,149.1652374,0.003,0.00528121180832386,353,100,STABILIZE,False
2026-08-31 14:33:09,-35.3632621,149.1652374,0.003,0.005547255743294954,353,100,STABILIZE,False
2026-08-31 14:33:09,-35.3632621,149.1652374,0.003,0.006136277224868536,353,100,STABILIZE,False
2026-08-31 14:33:10,-35.3632621,149.1652374,0.003,0.00642376346513629,353,100,STABILIZE,False
2026-08-31 14:33:10,-35.3632621,149.1652374,0.003,0.007226265035569668,353,100,STABILIZE,False
2026-08-31 14:33:11,-35.3632621,149.1652374,0.003,0.007571531925350428,353,100,STABILIZE,False
2026-08-31 14:33:11,-35.3632621,149.1652374,0.003,0.008035971783101559,353,100,STABILIZE,False
2026-08-31 14:33:11,-35.3632621,149.1652374,0.003,0.00819604191929102,353,100,STABILIZE,False
2026-08-31 14:33:12,-35.3632621,149.1652374,0.003,0.008637738414108753,353,100,STABILIZE,False
2026-08-31 14:33:12,-35.3632621,149.1652374,0.003,0.008879061788320541,353,100,STABILIZE,False
2026-08-31 14:33:13,-35.3632621,149.1652374,0.004,0.009432635270059109,353,100,STABILIZE,False
2026-08-31 14:33:13,-35.3632621,149.1652374,0.004,0.009677678346633911,353,100,STABILIZE,False
2026-08-31 14:33:13,-35.3632621,149.1652374,0.004,0.010136128403246403,353,100,STABILIZE,False
2026-08-31 14:33:14,-35.3632621,149.1652374,0.004,0.010327653959393501,353,100,STABILIZE,False
2026-08-31 14:33:14,-35.3632621,149.1652374,0.004,0.01071403082460165,353,100,STABILIZE,False
2026-08-31 14:33:14,-35.3632621,149.1652374,0.004,0.011032371781766415,353,100,STABILIZE,False
2026-08-31 14:33:15,-35.3632621,149.1652374,0.004,0.01145000196993351,353,100,STABILIZE,False
2026-08-31 14:33:15,-35.3632621,149.1652374,0.003,0.0117493886500597,353,100,STABILIZE,False
2026-08-31 14:33:16,-35.3632621,149.1652374,0.003,0.012470769695937634,353,100,STABILIZE,False
2026-08-31 14:33:16,-35.3632621,149.1652374,0.003,0.012623102404177189,353,100,STABILIZE,False
2026-08-31 14:33:17,-35.3632621,149.1652374,0.003,0.013013077899813652,353,100,STABILIZE,False
2026-08-31 14:33:17,-35.3632621,149.1652374,0.003,0.013120576739311218,353,100,STABILIZE,False
2026-08-31 14:33:17,-35.3632621,149.1652374,0.003,0.013524630106985569,353,100,STABILIZE,False
2026-08-31 14:33:18,-35.3632621,149.1652374,0.003,0.013514196500182152,353,100,STABILIZE,False
2026-08-31 14:33:18,-35.3632621,149.1652374,0.003,0.013726431876420975,353,100,STABILIZE,False
2026-08-31 14:33:18,-35.3632621,149.1652374,0.003,0.013850905932486057,353,100,STABILIZE,False
2026-08-31 14:33:19,-35.3632621,149.1652374,0.003,0.014006474986672401,353,100,STABILIZE,False
2026-08-31 14:33:19,-35.3632621,149.1652374,0.003,0.014351222664117813,353,100,STABILIZE,False
2026-08-31 14:33:19,-35.3632621,149.1652374,0.003,0.015060625039041042,353,100,STABILIZE,False
2026-08-31 14:33:20,-35.3632621,149.1652374,0.003,0.01513221487402916,353,100,STABILIZE,False
2026-08-31 14:33:20,-35.3632621,149.1652373,0.003,0.015481569804251194,353,100,STABILIZE,False
2026-08-31 14:33:21,-35.3632621,149.1652373,0.003,0.015609555877745152,353,100,STABILIZE,False
2026-08-31 14:33:21,-35.3632621,149.1652373,0.003,0.01590999774634838,353,100,STABILIZE,False
2026-08-31 14:33:21,-35.3632621,149.1652373,0.003,0.016085542738437653,353,100,STABILIZE,False
2026-08-31 14:33:22,-35.3632621,149.1652373,0.003,0.016340183094143867,353,100,STABILIZE,False
2026-08-31 14:33:22,-35.3632621,149.1652373,0.003,0.01644734852015972,353,100,STABILIZE,False
2026-08-31 14:33:23,-35.3632621,149.1652373,0.003,0.016564136371016502,353,100,STABILIZE,False
2026-08-31 14:33:23,-35.3632621,149.1652373,0.003,0.016661319881677628,353,100,STABILIZE,False
2026-08-31 14:33:23,-35.3632621,149.1652373,0.003,0.01704500988125801,353,100,STABILIZE,False
2026-08-31 14:33:24,-35.3632621,149.1652373,0.003,0.017055589705705643,353,100,STABILIZE,False
2026-08-31 14:33:24,-35.3632621,149.1652373,0.003,0.01708611659705639,353,100,STABILIZE,False
2026-08-31 14:33:24,-35.3632621,149.1652373,0.003,0.017330646514892578,353,100,STABILIZE,False
2026-08-31 14:33:25,-35.3632621,149.1652373,0.003,0.017447492107748985,353,100,STABILIZE,False
2026-08-31 14:33:25,-35.3632621,149.1652373,0.003,0.0176252331584692,353,100,STABILIZE,False
2026-08-31 14:33:26,-35.3632621,149.1652373,0.003,0.017993660643696785,353,100,STABILIZE,False
2026-08-31 14:33:26,-35.3632621,149.1652373,0.003,0.018051665276288986,353,100,STABILIZE,False
2026-08-31 14:33:26,-35.3632621,149.1652373,0.003,0.018189845606684685,353,100,STABILIZE,False
2026-08-31 14:33:27,-35.3632621,149.1652373,0.003,0.018175512552261353,353,100,STABILIZE,False
2026-08-31 14:33:27,-35.3632621,149.1652373,0.003,0.018180739134550095,353,100,STABILIZE,False
2026-08-31 14:33:28,-35.3632621,149.1652373,0.003,0.01840224489569664,353,100,STABILIZE,False
2026-08-31 14:33:28,-35.3632621,149.1652373,0.003,0.018586911261081696,353,100,STABILIZE,False
2026-08-31 14:33:28,-35.3632621,149.1652373,0.003,0.018586911261081696,353,100,STABILIZE,False
2026-08-31 14:33:29,-35.3632621,149.1652373,0.003,0.01893506944179535,353,100,STABILIZE,False
2026-08-31 14:33:29,-35.3632621,149.1652373,0.003,0.019170822575688362,353,100,STABILIZE,False
2026-08-31 14:33:30,-35.3632621,149.1652373,0.003,0.01947338879108429,353,100,STABILIZE,False
2026-08-31 14:33:30,-35.3632621,149.1652373,0.003,0.019510384649038315,353,100,STABILIZE,False
2026-08-31 14:33:30,-35.3632621,149.1652373,0.003,0.019914893433451653,353,100,STABILIZE,False
2026-08-31 14:33:31,-35.3632621,149.1652373,0.003,0.019770022481679916,353,100,STABILIZE,False
2026-08-31 14:33:31,-35.3632621,149.1652373,0.003,0.019954504445195198,353,100,STABILIZE,False
2026-08-31 14:33:31,-35.3632621,149.1652373,0.003,0.02019956149160862,353,100,STABILIZE,False
2026-08-31 14:33:32,-35.3632621,149.1652373,0.003,0.020244870334863663,353,100,STABILIZE,False
2026-08-31 14:33:32,-35.3632621,149.1652373,0.003,0.020353209227323532,353,100,STABILIZE,False
2026-08-31 14:33:33,-35.3632621,149.1652373,0.003,0.020622702315449715,353,100,STABILIZE,False
2026-08-31 14:33:33,-35.3632621,149.1652373,0.003,0.020553018897771835,353,100,STABILIZE,False
2026-08-31 14:33:33,-35.3632621,149.1652373,0.003,0.02068283222615719,353,100,STABILIZE,False
2026-08-31 14:33:34,-35.3632621,149.1652373,0.003,0.020567376166582108,353,100,STABILIZE,False
2026-08-31 14:33:34,-35.3632621,149.1652373,0.003,0.02059514820575714,353,100,STABILIZE,False
2026-08-31 14:33:34,-35.3632621,149.1652373,0.003,0.020856812596321106,353,100,STABILIZE,False
2026-08-31 14:33:35,-35.3632621,149.1652373,0.003,0.020656106993556023,353,100,STABILIZE,False
2026-08-31 14:33:35,-35.3632621,149.1652373,0.003,0.02068803831934929,353,100,STABILIZE,False
2026-08-31 14:33:36,-35.3632621,149.1652373,0.003,0.02108043245971203,353,100,STABILIZE,False
2026-08-31 14:33:36,-35.3632621,149.1652373,0.003,0.02100270614027977,353,100,STABILIZE,False
2026-08-31 14:33:36,-35.3632621,149.1652373,0.003,0.021321093663573265,353,100,STABILIZE,False
2026-08-31 14:33:37,-35.3632621,149.1652373,0.003,0.021346524357795715,353,100,STABILIZE,False
2026-08-31 14:33:37,-35.3632621,149.1652373,0.003,0.021339159458875656,353,100,STABILIZE,False
2026-08-31 14:33:37,-35.3632621,149.1652373,0.003,0.021618245169520378,353,100,STABILIZE,False
2026-08-31 14:33:38,-35.3632621,149.1652373,0.003,0.021615151315927505,353,100,STABILIZE,False
2026-08-31 14:33:38,-35.3632621,149.1652373,0.003,0.02165474370121956,353,100,STABILIZE,False
2026-08-31 14:33:39,-35.3632621,149.1652373,0.003,0.021713029593229294,353,100,STABILIZE,False
2026-08-31 14:33:39,-35.3632621,149.1652373,0.003,0.0215783528983593,353,100,STABILIZE,False
2026-08-31 14:33:39,-35.3632621,149.1652373,0.003,0.021677648648619652,353,100,STABILIZE,False
2026-08-31 14:33:40,-35.3632621,149.1652373,0.003,0.021511726081371307,353,100,STABILIZE,False
2026-08-31 14:33:40,-35.3632621,149.1652373,0.003,0.021751046180725098,353,100,STABILIZE,False
2026-08-31 14:33:41,-35.3632621,149.1652373,0.003,0.021810472011566162,353,100,STABILIZE,False
2026-08-31 14:33:41,-35.3632621,149.1652373,0.003,0.02168039232492447,353,100,STABILIZE,False
2026-08-31 14:33:42,-35.3632621,149.1652373,0.003,0.02181142009794712,353,100,STABILIZE,False
2026-08-31 14:33:42,-35.3632621,149.1652373,0.003,0.02169644832611084,353,100,STABILIZE,False
2026-08-31 14:33:42,-35.3632621,149.1652373,0.003,0.021757682785391808,353,100,STABILIZE,False
2026-08-31 14:33:43,-35.3632621,149.1652373,0.003,0.021909818053245544,353,100,STABILIZE,False
2026-08-31 14:33:43,-35.3632621,149.1652373,0.003,0.02202698588371277,353,100,STABILIZE,False
2026-08-31 14:33:43,-35.3632621,149.1652373,0.003,0.02219262532889843,353,100,STABILIZE,False
2026-08-31 14:33:44,-35.3632621,149.1652373,0.003,0.022064628079533577,353,100,STABILIZE,False
2026-08-31 14:33:44,-35.3632621,149.1652373,0.003,0.022478394210338593,353,100,STABILIZE,False
2026-08-31 14:33:45,-35.3632621,149.1652373,0.003,0.022398365661501884,353,100,STABILIZE,False
2026-08-31 14:33:45,-35.3632621,149.1652373,0.003,0.02245040237903595,353,100,STABILIZE,False
2026-08-31 14:33:45,-35.3632621,149.1652373,0.003,0.02264791540801525,353,100,STABILIZE,False
2026-08-31 14:33:46,-35.3632621,149.1652373,0.003,0.02266995795071125,353,100,STABILIZE,False
2026-08-31 14:33:46,-35.363262,149.1652373,0.003,0.0226915180683136,353,100,STABILIZE,False
2026-08-31 14:33:47,-35.3632621,149.1652373,0.003,0.02271801419556141,353,100,STABILIZE,False
2026-08-31 14:33:47,-35.363262,149.1652373,0.003,0.022565068677067757,353,100,STABILIZE,False
2026-08-31 14:33:47,-35.363262,149.1652373,0.003,0.022622382268309593,353,100,STABILIZE,False
2026-08-31 14:33:48,-35.3632621,149.1652373,0.003,0.022630227729678154,353,100,STABILIZE,False
2026-08-31 14:33:48,-35.3632621,149.1652373,0.003,0.022523557767271996,353,100,STABILIZE,False
2026-08-31 14:33:49,-35.3632621,149.1652373,0.003,0.022529328241944313,353,100,STABILIZE,False
2026-08-31 14:33:49,-35.363262,149.1652373,0.003,0.022503407672047615,353,100,STABILIZE,False
2026-08-31 14:33:49,-35.3632621,149.1652373,0.003,0.022761020809412003,353,100,STABILIZE,False
2026-08-31 14:33:50,-35.3632621,149.1652373,0.003,0.02269921265542507,353,100,STABILIZE,False
2026-08-31 14:33:50,-35.363262,149.1652373,0.003,0.02289004996418953,353,100,STABILIZE,False
2026-08-31 14:33:50,-35.363262,149.1652373,0.003,0.02308507077395916,353,100,STABILIZE,False
2026-08-31 14:33:51,-35.3632621,149.1652373,0.003,0.023033341392874718,353,100,STABILIZE,False
2026-08-31 14:33:51,-35.363262,149.1652373,0.003,0.022802939638495445,353,100,STABILIZE,False
2026-08-31 14:33:52,-35.363262,149.1652373,0.003,0.022978851571679115,353,100,STABILIZE,False
2026-08-31 14:33:52,-35.363262,149.1652373,0.003,0.023083170875906944,352,100,STABILIZE,False
2026-08-31 14:33:52,-35.363262,149.1652373,0.003,0.02314998209476471,352,100,STABILIZE,False
2026-08-31 14:33:53,-35.363262,149.1652373,0.003,0.022807395085692406,352,100,STABILIZE,False
2026-08-31 14:33:53,-35.363262,149.1652373,0.003,0.022881772369146347,352,100,STABILIZE,False
2026-08-31 14:33:53,-35.3632621,149.1652373,0.003,0.02290274016559124,352,100,STABILIZE,False
2026-08-31 14:33:54,-35.363262,149.1652373,0.003,0.022587666288018227,352,100,STABILIZE,False
2026-08-31 14:33:54,-35.3632621,149.1652373,0.003,0.022864339873194695,352,100,STABILIZE,False
2026-08-31 14:33:55,-35.3632621,149.1652373,0.003,0.022690439596772194,352,100,STABILIZE,False
2026-08-31 14:33:55,-35.3632621,149.1652373,0.003,0.022747544571757317,352,100,STABILIZE,False
2026-08-31 14:33:55,-35.3632621,149.1652373,0.003,0.022851428017020226,352,100,STABILIZE,False
2026-08-31 14:33:56,-35.3632621,149.1652373,0.003,0.022594450041651726,352,100,STABILIZE,False
2026-08-31 14:33:56,-35.3632621,149.1652373,0.003,0.02265765517950058,352,100,STABILIZE,False
2026-08-31 14:33:56,-35.3632621,149.1652373,0.003,0.02276085875928402,352,100,STABILIZE,False
2026-08-31 14:33:57,-35.3632621,149.1652373,0.003,0.022573081776499748,352,100,STABILIZE,False
2026-08-31 14:33:57,-35.3632621,149.1652373,0.003,0.022908389568328857,352,100,STABILIZE,False
2026-08-31 14:33:58,-35.3632621,149.1652373,0.003,0.022925181314349174,352,100,STABILIZE,False
2026-08-31 14:33:58,-35.363262,149.1652373,0.003,0.022954173386096954,352,100,STABILIZE,False
2026-08-31 14:33:58,-35.3632621,149.1652373,0.003,0.023138025775551796,352,100,STABILIZE,False
2026-08-31 14:33:59,-35.3632621,149.1652373,0.003,0.0230863057076931,352,100,STABILIZE,False
2026-08-31 14:33:59,-35.363262,149.1652373,0.003,0.023163432255387306,352,100,STABILIZE,False
2026-08-31 14:34:00,-35.3632621,149.1652373,0.003,0.023395616561174393,352,100,STABILIZE,False
2026-08-31 14:34:00,-35.363262,149.1652373,0.003,0.023135244846343994,352,100,STABILIZE,False
2026-08-31 14:34:00,-35.363262,149.1652373,0.003,0.023496560752391815,352,100,STABILIZE,False
2026-08-31 14:34:01,-35.363262,149.1652373,0.003,0.023468442261219025,352,100,STABILIZE,False
2026-08-31 14:34:01,-35.363262,149.1652373,0.003,0.023628706112504005,352,100,STABILIZE,False
2026-08-31 14:34:02,-35.363262,149.1652373,0.003,0.02379697374999523,352,100,STABILIZE,False
2026-08-31 14:34:02,-35.363262,149.1652373,0.003,0.023583276197314262,352,100,STABILIZE,False
2026-08-31 14:34:02,-35.363262,149.1652373,0.003,0.023717010393738747,352,100,STABILIZE,False
2026-08-31 14:34:03,-35.363262,149.1652373,0.003,0.023662976920604706,352,100,STABILIZE,False
2026-08-31 14:34:03,-35.363262,149.1652373,0.003,0.02365441620349884,352,100,STABILIZE,False
2026-08-31 14:34:04,-35.363262,149.1652373,0.003,0.02360445447266102,352,100,STABILIZE,False
2026-08-31 14:34:04,-35.363262,149.1652373,0.003,0.023387501016259193,352,100,STABILIZE,False
2026-08-31 14:34:04,-35.363262,149.1652373,0.003,0.02346387505531311,352,100,STABILIZE,False
2026-08-31 14:34:05,-35.3632621,149.1652373,0.003,0.023417090997099876,352,100,STABILIZE,False
2026-08-31 14:34:05,-35.363262,149.1652373,0.003,0.02336459420621395,352,100,STABILIZE,False
2026-08-31 14:34:05,-35.3632621,149.1652373,0.003,0.02357505075633526,352,100,STABILIZE,False
2026-08-31 14:34:06,-35.3632621,149.1652373,0.003,0.023275671526789665,352,100,STABILIZE,False
2026-08-31 14:34:06,-35.363262,149.1652373,0.003,0.023403722792863846,352,100,STABILIZE,False
2026-08-31 14:34:06,-35.363262,149.1652373,0.003,0.023665325716137886,352,100,STABILIZE,False
2026-08-31 14:34:07,-35.363262,149.1652373,0.003,0.023582013323903084,352,100,STABILIZE,False
2026-08-31 14:34:07,-35.363262,149.1652373,0.003,0.023752892389893532,352,100,STABILIZE,False
2026-08-31 14:34:08,-35.363262,149.1652373,0.003,0.023764045909047127,352,100,STABILIZE,False
2026-08-31 14:34:08,-35.363262,149.1652373,0.003,0.02362724579870701,352,100,STABILIZE,False
2026-08-31 14:34:08,-35.363262,149.1652373,0.003,0.02376801148056984,352,100,STABILIZE,False
2026-08-31 14:34:09,-35.363262,149.1652373,0.003,0.023654179647564888,352,100,STABILIZE,False
2026-08-31 14:34:09,-35.363262,149.1652373,0.003,0.023440880700945854,352,100,STABILIZE,False
2026-08-31 14:34:09,-35.363262,149.1652373,0.003,0.023565134033560753,352,100,STABILIZE,False
2026-08-31 14:34:10,-35.363262,149.1652373,0.003,0.023511989042162895,352,100,STABILIZE,False
2026-08-31 14:34:10,-35.363262,149.1652373,0.003,0.02384088560938835,352,100,STABILIZE,False
2026-08-31 14:34:11,-35.363262,149.1652373,0.003,0.023643547669053078,352,100,STABILIZE,False
2026-08-31 14:34:11,-35.363262,149.1652373,0.003,0.02362443506717682,352,100,STABILIZE,False
2026-08-31 14:34:11,-35.363262,149.1652373,0.003,0.023767776787281036,352,100,STABILIZE,False
2026-08-31 14:34:12,-35.363262,149.1652373,0.003,0.023559069260954857,352,100,STABILIZE,False
2026-08-31 14:34:12,-35.363262,149.1652373,0.003,0.023513073101639748,352,100,STABILIZE,False
2026-08-31 14:34:13,-35.363262,149.1652373,0.003,0.023611126467585564,352,100,STABILIZE,False
2026-08-31 14:34:13,-35.363262,149.1652373,0.003,0.023484762758016586,352,100,STABILIZE,False
2026-08-31 14:34:13,-35.363262,149.1652373,0.003,0.023630592972040176,352,100,STABILIZE,False
2026-08-31 14:34:14,-35.363262,149.1652373,0.003,0.02365030348300934,352,100,STABILIZE,False
2026-08-31 14:34:14,-35.363262,149.1652373,0.003,0.023461973294615746,352,100,STABILIZE,False
2026-08-31 14:34:14,-35.363262,149.1652373,0.003,0.02357243373990059,352,100,STABILIZE,False
2026-08-31 14:34:15,-35.363262,149.1652373,0.003,0.023160472512245178,352,100,STABILIZE,False
2026-08-31 14:34:15,-35.363262,149.1652373,0.003,0.023248976096510887,352,100,STABILIZE,False
2026-08-31 14:34:16,-35.363262,149.1652373,0.003,0.023440217599272728,352,100,STABILIZE,False
2026-08-31 14:34:16,-35.363262,149.1652373,0.003,0.023381149396300316,352,100,STABILIZE,False
2026-08-31 14:34:16,-35.363262,149.1652373,0.003,0.023734664544463158,352,100,STABILIZE,False
2026-08-31 14:34:17,-35.363262,149.1652373,0.003,0.023645011708140373,352,100,STABILIZE,False
2026-08-31 14:34:17,-35.363262,149.1652373,0.003,0.02384197525680065,352,100,STABILIZE,False
2026-08-31 14:34:18,-35.363262,149.1652373,0.003,0.02371811307966709,352,100,STABILIZE,False
2026-08-31 14:34:18,-35.363262,149.1652373,0.003,0.023796971887350082,352,100,STABILIZE,False
2026-08-31 14:34:18,-35.363262,149.1652373,0.003,0.023796971887350082,352,100,STABILIZE,False
2026-08-31 14:34:19,-35.363262,149.1652373,0.003,0.023873332887887955,352,100,STABILIZE,False
2026-08-31 14:34:19,-35.363262,149.1652373,0.003,0.023911569267511368,352,100,STABILIZE,False
2026-08-31 14:34:19,-35.363262,149.1652373,0.003,0.024133460596203804,352,100,STABILIZE,False
2026-08-31 14:34:20,-35.363262,149.1652373,0.003,0.024023445323109627,352,100,STABILIZE,False
2026-08-31 14:34:20,-35.363262,149.1652373,0.003,0.02413269691169262,352,100,STABILIZE,False
2026-08-31 14:34:21,-35.363262,149.1652373,0.003,0.02405843697488308,352,100,STABILIZE,False
2026-08-31 14:34:21,-35.363262,149.1652373,0.003,0.023628484457731247,352,100,STABILIZE,False
2026-08-31 14:34:21,-35.363262,149.1652373,0.003,0.023828990757465363,352,100,STABILIZE,False
2026-08-31 14:34:22,-35.363262,149.1652373,0.003,0.02368498407304287,352,100,STABILIZE,False
2026-08-31 14:34:22,-35.363262,149.1652373,0.003,0.023691890761256218,352,100,STABILIZE,False
2026-08-31 14:34:23,-35.363262,149.1652373,0.003,0.023700177669525146,352,100,STABILIZE,False
2026-08-31 14:34:23,-35.363262,149.1652373,0.003,0.023587875068187714,352,100,STABILIZE,False
2026-08-31 14:34:23,-35.363262,149.1652373,0.003,0.023715993389487267,352,100,STABILIZE,False
2026-08-31 14:34:24,-35.363262,149.1652373,0.003,0.02374972030520439,352,100,STABILIZE,False
2026-08-31 14:34:24,-35.363262,149.1652373,0.003,0.023584995418787003,352,100,STABILIZE,False
2026-08-31 14:34:24,-35.363262,149.1652373,0.003,0.023763852193951607,352,100,STABILIZE,False
2026-08-31 14:34:25,-35.363262,149.1652373,0.003,0.023578856140375137,352,100,STABILIZE,False
2026-08-31 14:34:25,-35.363262,149.1652373,0.003,0.023387644439935684,352,100,STABILIZE,False
2026-08-31 14:34:26,-35.363262,149.1652373,0.003,0.02353593148291111,352,100,STABILIZE,False
2026-08-31 14:34:26,-35.363262,149.1652373,0.003,0.02341199852526188,352,100,STABILIZE,False
2026-08-31 14:34:26,-35.363262,149.1652373,0.003,0.02366514503955841,352,100,STABILIZE,False
2026-08-31 14:34:27,-35.363262,149.1652373,0.003,0.02358204871416092,352,100,STABILIZE,False
2026-08-31 14:34:27,-35.363262,149.1652373,0.003,0.023636221885681152,352,100,STABILIZE,False
2026-08-31 14:34:27,-35.363262,149.1652373,0.003,0.023808486759662628,352,100,STABILIZE,False
2026-08-31 14:34:28,-35.363262,149.1652373,0.003,0.02377486042678356,352,100,STABILIZE,False
2026-08-31 14:34:28,-35.363262,149.1652373,0.003,0.02375880628824234,352,100,STABILIZE,False
2026-08-31 14:34:29,-35.363262,149.1652373,0.003,0.023957055062055588,352,100,STABILIZE,False
2026-08-31 14:34:29,-35.363262,149.1652373,0.003,0.02373271808028221,352,100,STABILIZE,False
2026-08-31 14:34:29,-35.363262,149.1652373,0.003,0.024055814370512962,352,100,STABILIZE,False
2026-08-31 14:34:30,-35.363262,149.1652373,0.003,0.024103982374072075,352,100,STABILIZE,False
2026-08-31 14:34:30,-35.363262,149.1652373,0.003,0.02396007627248764,352,100,STABILIZE,False
2026-08-31 14:34:30,-35.363262,149.1652373,0.003,0.024175621569156647,352,100,STABILIZE,False
2026-08-31 14:34:31,-35.363262,149.1652373,0.003,0.023973187431693077,352,100,STABILIZE,False
2026-08-31 14:34:31,-35.363262,149.1652373,0.003,0.024142663925886154,352,100,STABILIZE,False
2026-08-31 14:34:32,-35.363262,149.1652373,0.003,0.024220777675509453,352,100,STABILIZE,False
2026-08-31 14:34:32,-35.363262,149.1652373,0.003,0.02418341673910618,352,100,STABILIZE,False
2026-08-31 14:34:33,-35.363262,149.1652373,0.003,0.024159224703907967,352,100,STABILIZE,False
2026-08-31 14:34:33,-35.363262,149.1652373,0.003,0.024050787091255188,352,100,STABILIZE,False
2026-08-31 14:34:33,-35.363262,149.1652373,0.003,0.02452968806028366,352,100,STABILIZE,False
2026-08-31 14:34:34,-35.363262,149.1652373,0.003,0.024577120319008827,352,100,STABILIZE,False
2026-08-31 14:34:34,-35.363262,149.1652373,0.003,0.02443009614944458,352,100,STABILIZE,False
2026-08-31 14:34:34,-35.363262,149.1652373,0.003,0.02462293580174446,352,100,STABILIZE,False
2026-08-31 14:34:35,-35.363262,149.1652373,0.003,0.024483537301421165,352,100,STABILIZE,False
2026-08-31 14:34:35,-35.363262,149.1652373,0.003,0.024506505578756332,352,100,STABILIZE,False
2026-08-31 14:34:35,-35.363262,149.1652373,0.003,0.02428540214896202,352,100,STABILIZE,False
2026-08-31 14:34:36,-35.363262,149.1652373,0.003,0.02418207749724388,352,100,STABILIZE,False
2026-08-31 14:34:36,-35.363262,149.1652373,0.003,0.024275926873087883,352,100,STABILIZE,False
2026-08-31 14:34:37,-35.363262,149.1652373,0.003,0.02409680187702179,352,100,STABILIZE,False
2026-08-31 14:34:37,-35.363262,149.1652373,0.003,0.023956986144185066,352,100,STABILIZE,False
2026-08-31 14:34:37,-35.363262,149.1652373,0.003,0.024134323000907898,352,100,STABILIZE,False
2026-08-31 14:34:38,-35.363262,149.1652373,0.003,0.023987920954823494,352,100,STABILIZE,False
2026-08-31 14:34:38,-35.363262,149.1652373,0.003,0.023989960551261902,352,100,STABILIZE,False
2026-08-31 14:34:39,-35.363262,149.1652373,0.003,0.024038411676883698,352,100,STABILIZE,False
2026-08-31 14:34:39,-35.363262,149.1652373,0.003,0.023871438577771187,352,100,STABILIZE,False
2026-08-31 14:34:39,-35.363262,149.1652373,0.003,0.023903271183371544,352,100,STABILIZE,False
2026-08-31 14:34:40,-35.363262,149.1652373,0.003,0.02356681041419506,352,100,STABILIZE,False
2026-08-31 14:34:40,-35.363262,149.1652373,0.003,0.023747529834508896,352,100,STABILIZE,False
2026-08-31 14:34:41,-35.363262,149.1652373,0.003,0.023996366187930107,352,100,STABILIZE,False
2026-08-31 14:34:41,-35.363262,149.1652373,0.003,0.023629849776625633,352,100,STABILIZE,False
2026-08-31 14:34:41,-35.363262,149.1652373,0.003,0.023629849776625633,352,100,STABILIZE,False
2026-08-31 14:34:42,-35.363262,149.1652373,0.003,0.023432336747646332,352,100,STABILIZE,False
2026-08-31 14:34:42,-35.363262,149.1652373,0.003,0.02348378114402294,352,100,STABILIZE,False
2026-08-31 14:34:42,-35.363262,149.1652373,0.003,0.023771699517965317,352,100,STABILIZE,False
2026-08-31 14:34:43,-35.363262,149.1652373,0.003,0.023613767698407173,352,100,STABILIZE,False
2026-08-31 14:34:43,-35.363262,149.1652373,0.003,0.023804765194654465,352,100,STABILIZE,False
2026-08-31 14:34:44,-35.363262,149.1652373,0.003,0.023685956373810768,352,100,STABILIZE,False
2026-08-31 14:34:44,-35.363262,149.1652373,0.003,0.023565318435430527,352,100,STABILIZE,False
2026-08-31 14:34:44,-35.363262,149.1652373,0.003,0.023749370127916336,352,100,STABILIZE,False
2026-08-31 14:34:45,-35.363262,149.1652373,0.003,0.02350202016532421,352,100,STABILIZE,False
2026-08-31 14:34:45,-35.363262,149.1652373,0.003,0.023477142676711082,352,100,STABILIZE,False
2026-08-31 14:34:46,-35.363262,149.1652373,0.003,0.023786578327417374,352,100,STABILIZE,False
2026-08-31 14:34:46,-35.363262,149.1652373,0.003,0.023372959345579147,352,100,STABILIZE,False
2026-08-31 14:34:46,-35.363262,149.1652373,0.003,0.02383989281952381,352,100,STABILIZE,False
2026-08-31 14:34:47,-35.363262,149.1652373,0.003,0.023803040385246277,352,100,STABILIZE,False
2026-08-31 14:34:47,-35.363262,149.1652373,0.003,0.02381281740963459,352,100,STABILIZE,False
2026-08-31 14:34:47,-35.363262,149.1652373,0.003,0.024033159017562866,352,100,STABILIZE,False
2026-08-31 14:34:48,-35.363262,149.1652373,0.003,0.02389230579137802,352,100,STABILIZE,False
2026-08-31 14:34:48,-35.363262,149.1652373,0.003,0.024164805188775063,352,100,STABILIZE,False
2026-08-31 14:34:49,-35.363262,149.1652373,0.003,0.02395961992442608,352,100,STABILIZE,False
2026-08-31 14:34:49,-35.363262,149.1652373,0.003,0.02395961992442608,352,100,STABILIZE,False
2026-08-31 14:34:49,-35.363262,149.1652373,0.003,0.024075722321867943,352,100,STABILIZE,False
2026-08-31 14:34:50,-35.363262,149.1652373,0.003,0.023975996300578117,352,100,STABILIZE,False
2026-08-31 14:34:50,-35.363262,149.1652373,0.003,0.023788703605532646,352,100,STABILIZE,False
2026-08-31 14:34:51,-35.363262,149.1652373,0.003,0.02406068705022335,352,100,STABILIZE,False
2026-08-31 14:34:51,-35.363262,149.1652373,0.003,0.023988541215658188,352,100,STABILIZE,False
2026-08-31 14:34:51,-35.363262,149.1652373,0.003,0.02413756214082241,352,100,STABILIZE,False
2026-08-31 14:34:52,-35.363262,149.1652373,0.003,0.02384023554623127,352,100,STABILIZE,False
2026-08-31 14:34:52,-35.363262,149.1652373,0.003,0.023961469531059265,352,100,STABILIZE,False
2026-08-31 14:34:52,-35.363262,149.1652373,0.003,0.024173729121685028,352,100,STABILIZE,False
2026-08-31 14:34:53,-35.363262,149.1652373,0.003,0.02400677651166916,352,100,STABILIZE,False
2026-08-31 14:34:53,-35.363262,149.1652373,0.003,0.02425646409392357,352,100,STABILIZE,False
2026-08-31 14:34:54,-35.363262,149.1652373,0.003,0.02416844852268696,352,100,STABILIZE,False
2026-08-31 14:34:54,-35.363262,149.1652373,0.003,0.024076592177152634,352,100,STABILIZE,False
2026-08-31 14:34:54,-35.363262,149.1652373,0.003,0.024263279512524605,352,100,STABILIZE,False
2026-08-31 14:34:55,-35.363262,149.1652373,0.003,0.02421572245657444,352,100,STABILIZE,False
2026-08-31 14:34:55,-35.363262,149.1652373,0.003,0.023925906047225,352,100,STABILIZE,False
2026-08-31 14:34:56,-35.363262,149.1652373,0.003,0.023851634934544563,352,100,STABILIZE,False
2026-08-31 14:34:56,-35.363262,149.1652373,0.003,0.02371918223798275,352,100,STABILIZE,False
2026-08-31 14:34:56,-35.363262,149.1652373,0.003,0.023736225441098213,352,100,STABILIZE,False
2026-08-31 14:34:57,-35.363262,149.1652373,0.003,0.02396964095532894,352,100,STABILIZE,False
2026-08-31 14:34:57,-35.363262,149.1652373,0.003,0.024015799164772034,352,100,STABILIZE,False
2026-08-31 14:34:57,-35.363262,149.1652373,0.003,0.02391218952834606,352,100,STABILIZE,False
2026-08-31 14:34:58,-35.363262,149.1652373,0.003,0.023916618898510933,352,100,STABILIZE,False
2026-08-31 14:34:58,-35.363262,149.1652373,0.003,0.024012867361307144,352,100,STABILIZE,False
2026-08-31 14:34:59,-35.363262,149.1652373,0.003,0.023910976946353912,352,100,STABILIZE,False
2026-08-31 14:34:59,-35.363262,149.1652373,0.003,0.023735199123620987,352,100,STABILIZE,False
2026-08-31 14:34:59,-35.363262,149.1652373,0.003,0.023828942328691483,352,100,STABILIZE,False
2026-08-31 14:35:00,-35.363262,149.1652373,0.003,0.02408055029809475,352,100,STABILIZE,False
2026-08-31 14:35:00,-35.363262,149.1652373,0.003,0.024003615602850914,352,100,STABILIZE,False
2026-08-31 14:35:01,-35.363262,149.1652373,0.003,0.023986607789993286,352,100,STABILIZE,False
2026-08-31 14:35:01,-35.363262,149.1652373,0.003,0.02390340343117714,352,100,STABILIZE,False
2026-08-31 14:35:01,-35.363262,149.1652373,0.003,0.024124184623360634,352,100,STABILIZE,False
2026-08-31 14:35:02,-35.363262,149.1652373,0.003,0.0240565687417984,352,100,STABILIZE,False
2026-08-31 14:35:02,-35.363262,149.1652373,0.003,0.02385876700282097,352,100,STABILIZE,False
2026-08-31 14:35:02,-35.363262,149.1652373,0.003,0.023921174928545952,352,100,STABILIZE,False
2026-08-31 14:35:03,-35.363262,149.1652373,0.003,0.023731587454676628,352,100,STABILIZE,False
2026-08-31 14:35:03,-35.363262,149.1652373,0.003,0.023694589734077454,352,100,STABILIZE,False
2026-08-31 14:35:03,-35.363262,149.1652373,0.003,0.023963281884789467,352,100,STABILIZE,False
2026-08-31 14:35:04,-35.363262,149.1652373,0.003,0.023815564811229706,352,100,STABILIZE,False
2026-08-31 14:35:04,-35.363262,149.1652373,0.003,0.02402440458536148,352,100,STABILIZE,False
2026-08-31 14:35:05,-35.363262,149.1652373,0.003,0.023988517001271248,352,100,STABILIZE,False
2026-08-31 14:35:05,-35.363262,149.1652373,0.003,0.023982662707567215,352,100,STABILIZE,False
2026-08-31 14:35:05,-35.363262,149.1652373,0.003,0.024115582928061485,352,100,STABILIZE,False
2026-08-31 14:35:06,-35.363262,149.1652373,0.003,0.02380688488483429,352,100,STABILIZE,False
2026-08-31 14:35:06,-35.363262,149.1652373,0.003,0.023720121011137962,352,100,STABILIZE,False
2026-08-31 14:35:07,-35.363262,149.1652373,0.003,0.023470627143979073,352,100,STABILIZE,False
2026-08-31 14:35:07,-35.363262,149.1652373,0.003,0.0233484897762537,352,100,STABILIZE,False
2026-08-31 14:35:07,-35.363262,149.1652373,0.003,0.023749416694045067,352,100,STABILIZE,False
2026-08-31 14:35:08,-35.363262,149.1652373,0.003,0.023746103048324585,352,100,STABILIZE,False
2026-08-31 14:35:08,-35.363262,149.1652373,0.003,0.02383110672235489,352,100,STABILIZE,False
2026-08-31 14:35:08,-35.363262,149.1652373,0.003,0.024089664220809937,352,100,STABILIZE,False
2026-08-31 14:35:09,-35.363262,149.1652373,0.003,0.024089926853775978,352,100,STABILIZE,False
2026-08-31 14:35:09,-35.363262,149.1652373,0.003,0.02405313402414322,352,100,STABILIZE,False
2026-08-31 14:35:10,-35.363262,149.1652373,0.003,0.02405739389359951,352,100,STABILIZE,False
2026-08-31 14:35:10,-35.363262,149.1652373,0.003,0.023803751915693283,352,100,STABILIZE,False
2026-08-31 14:35:10,-35.363262,149.1652373,0.003,0.023821797221899033,352,100,STABILIZE,False
2026-08-31 14:35:11,-35.363262,149.1652373,0.003,0.023745452985167503,352,100,STABILIZE,False
2026-08-31 14:35:11,-35.363262,149.1652373,0.003,0.0236200038343668,352,100,STABILIZE,False
2026-08-31 14:35:12,-35.363262,149.1652373,0.003,0.023468317463994026,352,100,STABILIZE,False
2026-08-31 14:35:12,-35.363262,149.1652373,0.003,0.023558365181088448,352,100,STABILIZE,False
2026-08-31 14:35:12,-35.363262,149.1652373,0.003,0.023558365181088448,352,100,STABILIZE,False
2026-08-31 14:35:13,-35.363262,149.1652373,0.003,0.023581109941005707,352,100,STABILIZE,False
2026-08-31 14:35:13,-35.363262,149.1652373,0.003,0.02356242947280407,352,100,STABILIZE,False
2026-08-31 14:35:13,-35.363262,149.1652373,0.003,0.023756559938192368,351,100,STABILIZE,False
2026-08-31 14:35:14,-35.363262,149.1652373,0.003,0.023599909618496895,351,100,STABILIZE,False
2026-08-31 14:35:14,-35.363262,149.1652373,0.003,0.023820947855710983,351,100,STABILIZE,False
2026-08-31 14:35:15,-35.363262,149.1652373,0.003,0.023672357201576233,351,100,STABILIZE,False
2026-08-31 14:35:15,-35.363262,149.1652373,0.003,0.023600367829203606,351,100,STABILIZE,False
2026-08-31 14:35:15,-35.363262,149.1652373,0.003,0.024022169411182404,351,100,STABILIZE,False
2026-08-31 14:35:16,-35.363262,149.1652373,0.003,0.023936163634061813,351,100,STABILIZE,False
2026-08-31 14:35:16,-35.363262,149.1652373,0.003,0.023915020748972893,351,100,STABILIZE,False
2026-08-31 14:35:16,-35.363262,149.1652373,0.003,0.02402612753212452,351,100,STABILIZE,False
2026-08-31 14:35:17,-35.363262,149.1652373,0.003,0.023791838437318802,351,100,STABILIZE,False
2026-08-31 14:35:17,-35.363262,149.1652373,0.003,0.023889906704425812,351,100,STABILIZE,False
2026-08-31 14:35:18,-35.363262,149.1652373,0.003,0.02378544583916664,351,100,STABILIZE,False
2026-08-31 14:35:18,-35.363262,149.1652373,0.003,0.023649998009204865,351,100,STABILIZE,False
2026-08-31 14:35:18,-35.363262,149.1652373,0.003,0.023782355710864067,351,100,STABILIZE,False
2026-08-31 14:35:19,-35.363262,149.1652373,0.003,0.023559506982564926,351,100,STABILIZE,False
2026-08-31 14:35:19,-35.363262,149.1652373,0.003,0.02359047345817089,351,100,STABILIZE,False
2026-08-31 14:35:20,-35.363262,149.1652373,0.003,0.023923709988594055,351,100,STABILIZE,False
2026-08-31 14:35:20,-35.363262,149.1652373,0.003,0.0237704087048769,351,100,STABILIZE,False
2026-08-31 14:35:20,-35.363262,149.1652373,0.003,0.023859772831201553,351,100,STABILIZE,False
2026-08-31 14:35:21,-35.363262,149.1652373,0.003,0.023818330839276314,351,100,STABILIZE,False
2026-08-31 14:35:21,-35.363262,149.1652373,0.003,0.02359580621123314,351,100,STABILIZE,False
2026-08-31 14:35:21,-35.363262,149.1652373,0.003,0.023823164403438568,351,100,STABILIZE,False
2026-08-31 14:35:22,-35.363262,149.1652373,0.003,0.02375991828739643,351,100,STABILIZE,False
2026-08-31 14:35:22,-35.363262,149.1652373,0.003,0.023827582597732544,351,100,STABILIZE,False
2026-08-31 14:35:23,-35.363262,149.1652373,0.003,0.02398633398115635,351,100,STABILIZE,False
2026-08-31 14:35:23,-35.363262,149.1652373,0.003,0.02386246621608734,351,100,STABILIZE,False
2026-08-31 14:35:23,-35.363262,149.1652373,0.003,0.023774467408657074,351,100,STABILIZE,False
2026-08-31 14:35:24,-35.363262,149.1652373,0.003,0.02368372492492199,351,100,STABILIZE,False
2026-08-31 14:35:24,-35.363262,149.1652373,0.003,0.023855168372392654,351,100,STABILIZE,False
2026-08-31 14:35:24,-35.363262,149.1652373,0.003,0.024107491597533226,351,100,STABILIZE,False
2026-08-31 14:35:25,-35.363262,149.1652373,0.003,0.023913538083434105,351,100,STABILIZE,False
2026-08-31 14:35:25,-35.363262,149.1652373,0.003,0.023918574675917625,351,100,STABILIZE,False
2026-08-31 14:35:26,-35.363262,149.1652373,0.003,0.023965967819094658,351,100,STABILIZE,False
2026-08-31 14:35:26,-35.363262,149.1652373,0.003,0.024011341854929924,351,100,STABILIZE,False
2026-08-31 14:35:26,-35.363262,149.1652373,0.003,0.024245182052254677,351,100,STABILIZE,False
2026-08-31 14:35:27,-35.363262,149.1652373,0.003,0.02416832000017166,351,100,STABILIZE,False
2026-08-31 14:35:27,-35.363262,149.1652373,0.003,0.023823803290724754,351,100,STABILIZE,False
2026-08-31 14:35:28,-35.363262,149.1652373,0.003,0.023943370208144188,351,100,STABILIZE,False
2026-08-31 14:35:28,-35.363262,149.1652373,0.003,0.02364167757332325,351,100,STABILIZE,False
2026-08-31 14:35:28,-35.363262,149.1652373,0.003,0.02387436106801033,351,100,STABILIZE,False
2026-08-31 14:35:29,-35.363262,149.1652373,0.003,0.023620324209332466,351,100,STABILIZE,False
2026-08-31 14:35:29,-35.363262,149.1652373,0.003,0.023661760613322258,351,100,STABILIZE,False
2026-08-31 14:35:30,-35.363262,149.1652373,0.003,0.02401052974164486,351,100,STABILIZE,False
2026-08-31 14:35:30,-35.363262,149.1652373,0.003,0.023827608674764633,351,100,STABILIZE,False
2026-08-31 14:35:30,-35.363262,149.1652373,0.003,0.02377706579864025,351,100,STABILIZE,False
2026-08-31 14:35:31,-35.363262,149.1652373,0.003,0.02385588176548481,351,100,STABILIZE,False
2026-08-31 14:35:31,-35.363262,149.1652373,0.003,0.023625629022717476,351,100,STABILIZE,False
2026-08-31 14:35:31,-35.363262,149.1652373,0.003,0.023712774738669395,351,100,STABILIZE,False
2026-08-31 14:35:32,-35.363262,149.1652373,0.003,0.02365807257592678,351,100,STABILIZE,False
2026-08-31 14:35:32,-35.363262,149.1652373,0.003,0.023744940757751465,351,100,STABILIZE,False
2026-08-31 14:35:33,-35.363262,149.1652373,0.003,0.023705143481492996,351,100,STABILIZE,False
2026-08-31 14:35:33,-35.363262,149.1652373,0.003,0.023656386882066727,351,100,STABILIZE,False
2026-08-31 14:35:33,-35.363262,149.1652373,0.003,0.023933034390211105,351,100,STABILIZE,False
2026-08-31 14:35:34,-35.363262,149.1652373,0.003,0.02379794232547283,351,100,STABILIZE,False
2026-08-31 14:35:34,-35.363262,149.1652373,0.003,0.02383558824658394,351,100,STABILIZE,False
2026-08-31 14:35:34,-35.363262,149.1652373,0.003,0.02404138259589672,351,100,STABILIZE,False
2026-08-31 14:35:35,-35.363262,149.1652373,0.003,0.023913972079753876,351,100,STABILIZE,False
2026-08-31 14:35:35,-35.363262,149.1652373,0.003,0.023958565667271614,351,100,STABILIZE,False
2026-08-31 14:35:36,-35.363262,149.1652373,0.003,0.023977214470505714,351,100,STABILIZE,False
2026-08-31 14:35:36,-35.363262,149.1652373,0.003,0.023821305483579636,351,100,STABILIZE,False
2026-08-31 14:35:36,-35.363262,149.1652373,0.003,0.02421051263809204,351,100,STABILIZE,False
2026-08-31 14:35:37,-35.363262,149.1652373,0.003,0.024203231558203697,351,100,STABILIZE,False
2026-08-31 14:35:37,-35.363262,149.1652373,0.003,0.024019792675971985,351,100,STABILIZE,False
2026-08-31 14:35:37,-35.363262,149.1652373,0.003,0.024166353046894073,351,100,STABILIZE,False
2026-08-31 14:35:38,-35.363262,149.1652373,0.003,0.02379418909549713,351,100,STABILIZE,False
2026-08-31 14:35:38,-35.363262,149.1652373,0.003,0.02383207343518734,351,100,STABILIZE,False
2026-08-31 14:35:39,-35.363262,149.1652373,0.003,0.023859597742557526,351,100,STABILIZE,False
2026-08-31 14:35:39,-35.363262,149.1652373,0.003,0.023975279182195663,351,100,STABILIZE,False
2026-08-31 14:35:39,-35.363262,149.1652373,0.003,0.024268466979265213,351,100,STABILIZE,False
2026-08-31 14:35:40,-35.363262,149.1652373,0.003,0.024178652092814445,351,100,STABILIZE,False
2026-08-31 14:35:40,-35.363262,149.1652373,0.003,0.02412303350865841,351,100,STABILIZE,False
2026-08-31 14:35:41,-35.363262,149.1652373,0.003,0.02446245215833187,351,100,STABILIZE,False
2026-08-31 14:35:41,-35.363262,149.1652373,0.003,0.024159029126167297,351,100,STABILIZE,False
2026-08-31 14:35:41,-35.363262,149.1652373,0.003,0.024217020720243454,351,100,STABILIZE,False
2026-08-31 14:35:42,-35.363262,149.1652373,0.003,0.023915249854326248,351,100,STABILIZE,False
2026-08-31 14:35:42,-35.363262,149.1652373,0.003,0.02398749813437462,351,100,STABILIZE,False
2026-08-31 14:35:43,-35.363262,149.1652373,0.003,0.024041565135121346,351,100,STABILIZE,False
2026-08-31 14:35:43,-35.363262,149.1652373,0.003,0.023841852322220802,351,100,STABILIZE,False
2026-08-31 14:35:43,-35.363262,149.1652373,0.003,0.02396395429968834,351,100,STABILIZE,False
2026-08-31 14:35:44,-35.363262,149.1652373,0.003,0.023742619901895523,351,100,STABILIZE,False
2026-08-31 14:35:44,-35.363262,149.1652373,0.003,0.023633606731891632,351,100,STABILIZE,False
2026-08-31 14:35:44,-35.363262,149.1652373,0.003,0.023633606731891632,351,100,STABILIZE,False
2026-08-31 14:35:45,-35.363262,149.1652373,0.003,0.023729676380753517,351,100,STABILIZE,False
2026-08-31 14:35:45,-35.363262,149.1652373,0.003,0.02390911988914013,351,100,STABILIZE,False
2026-08-31 14:35:45,-35.363262,149.1652373,0.003,0.024054644629359245,351,100,STABILIZE,False
2026-08-31 14:35:46,-35.363262,149.1652373,0.003,0.023967383429408073,351,100,STABILIZE,False
2026-08-31 14:35:46,-35.363262,149.1652373,0.003,0.024048781022429466,351,100,STABILIZE,False
2026-08-31 14:35:47,-35.363262,149.1652373,0.003,0.02419162355363369,351,100,STABILIZE,False
2026-08-31 14:35:47,-35.363262,149.1652373,0.003,0.023982815444469452,351,100,STABILIZE,False
2026-08-31 14:35:47,-35.363262,149.1652373,0.003,0.02418561466038227,351,100,STABILIZE,False
2026-08-31 14:35:48,-35.363262,149.1652373,0.003,0.023885924369096756,351,100,STABILIZE,False
2026-08-31 14:35:48,-35.363262,149.1652373,0.003,0.023972131311893463,351,100,STABILIZE,False
2026-08-31 14:35:49,-35.363262,149.1652373,0.003,0.02385873533785343,351,100,STABILIZE,False
2026-08-31 14:35:49,-35.363262,149.1652373,0.003,0.02377089485526085,351,100,STABILIZE,False
2026-08-31 14:35:49,-35.363262,149.1652373,0.003,0.02389872819185257,351,100,STABILIZE,False
2026-08-31 14:35:50,-35.363262,149.1652373,0.003,0.02374347485601902,351,100,STABILIZE,False
2026-08-31 14:35:50,-35.363262,149.1652373,0.003,0.023551590740680695,351,100,STABILIZE,False
2026-08-31 14:35:51,-35.363262,149.1652373,0.003,0.023831795901060104,351,100,STABILIZE,False
2026-08-31 14:35:51,-35.363262,149.1652373,0.003,0.023727010935544968,351,100,STABILIZE,False
2026-08-31 14:35:51,-35.363262,149.1652373,0.003,0.023700013756752014,351,100,STABILIZE,False
2026-08-31 14:35:52,-35.363262,149.1652373,0.003,0.023724226281046867,351,100,STABILIZE,False
2026-08-31 14:35:52,-35.363262,149.1652373,0.003,0.023732798174023628,351,100,STABILIZE,False
2026-08-31 14:35:53,-35.363262,149.1652373,0.003,0.023928916081786156,351,100,STABILIZE,False
2026-08-31 14:35:53,-35.363262,149.1652373,0.003,0.023826224729418755,351,100,STABILIZE,False
2026-08-31 14:35:53,-35.363262,149.1652373,0.003,0.024072468280792236,351,100,STABILIZE,False
2026-08-31 14:35:54,-35.363262,149.1652373,0.003,0.023954637348651886,351,100,STABILIZE,False
2026-08-31 14:35:54,-35.363262,149.1652373,0.003,0.024020908400416374,351,100,STABILIZE,False
2026-08-31 14:35:54,-35.363262,149.1652373,0.003,0.02422480657696724,351,100,STABILIZE,False
2026-08-31 14:35:55,-35.363262,149.1652373,0.003,0.02402428165078163,351,100,STABILIZE,False
2026-08-31 14:35:55,-35.363262,149.1652373,0.003,0.024046821519732475,351,100,STABILIZE,False
2026-08-31 14:35:56,-35.363262,149.1652373,0.003,0.02402558922767639,351,100,STABILIZE,False
2026-08-31 14:35:56,-35.363262,149.1652373,0.003,0.02380985952913761,351,100,STABILIZE,False
2026-08-31 14:35:56,-35.363262,149.1652373,0.003,0.023882566019892693,351,100,STABILIZE,False
2026-08-31 14:35:57,-35.363262,149.1652373,0.003,0.023839488625526428,351,100,STABILIZE,False
2026-08-31 14:35:57,-35.363262,149.1652373,0.003,0.02375541254878044,351,100,STABILIZE,False
2026-08-31 14:35:57,-35.363262,149.1652373,0.003,0.02373478189110756,351,100,STABILIZE,False
2026-08-31 14:35:58,-35.363262,149.1652373,0.003,0.023624831810593605,351,100,STABILIZE,False
2026-08-31 14:35:58,-35.363262,149.1652373,0.003,0.02370144985616207,351,100,STABILIZE,False
2026-08-31 14:35:59,-35.363262,149.1652373,0.003,0.023757271468639374,351,100,STABILIZE,False
2026-08-31 14:35:59,-35.363262,149.1652373,0.003,0.023357005789875984,351,100,STABILIZE,False
2026-08-31 14:35:59,-35.363262,149.1652373,0.003,0.023604093119502068,351,100,STABILIZE,False
2026-08-31 14:36:00,-35.363262,149.1652373,0.003,0.02351127192378044,351,100,STABILIZE,False
2026-08-31 14:36:00,-35.363262,149.1652373,0.003,0.023473946377635002,351,100,STABILIZE,False
2026-08-31 14:36:00,-35.363262,149.1652373,0.003,0.023577619343996048,351,100,STABILIZE,False
2026-08-31 14:36:01,-35.363262,149.1652373,0.003,0.023275284096598625,351,100,STABILIZE,False
2026-08-31 14:36:01,-35.363262,149.1652373,0.003,0.023519115522503853,351,100,STABILIZE,False
2026-08-31 14:36:02,-35.363262,149.1652373,0.003,0.02376631461083889,351,100,STABILIZE,False
2026-08-31 14:36:02,-35.363262,149.1652373,0.003,0.02363043837249279,351,100,STABILIZE,False
2026-08-31 14:36:02,-35.363262,149.1652373,0.003,0.023857170715928078,351,100,STABILIZE,False
2026-08-31 14:36:03,-35.363262,149.1652373,0.003,0.023904452100396156,351,100,STABILIZE,False
2026-08-31 14:36:03,-35.363262,149.1652373,0.003,0.023904452100396156,351,100,STABILIZE,False
2026-08-31 14:36:03,-35.363262,149.1652373,0.003,0.023747164756059647,351,100,STABILIZE,False
2026-08-31 14:36:04,-35.363262,149.1652373,0.003,0.023913027718663216,351,100,STABILIZE,False
2026-08-31 14:36:04,-35.363262,149.1652373,0.003,0.023973997682332993,351,100,STABILIZE,False
2026-08-31 14:36:04,-35.363262,149.1652373,0.003,0.024129901081323624,351,100,STABILIZE,False
2026-08-31 14:36:05,-35.363262,149.1652373,0.003,0.023662984371185303,351,100,STABILIZE,False
2026-08-31 14:36:05,-35.363262,149.1652373,0.003,0.02378120645880699,351,100,STABILIZE,False
2026-08-31 14:36:06,-35.363262,149.1652373,0.003,0.023926418274641037,351,100,STABILIZE,False
2026-08-31 14:36:06,-35.363262,149.1652373,0.003,0.024036830291152,351,100,STABILIZE,False
2026-08-31 14:36:06,-35.363262,149.1652373,0.003,0.024174528196454048,351,100,STABILIZE,False
2026-08-31 14:36:07,-35.363262,149.1652373,0.003,0.024185458198189735,351,100,STABILIZE,False
2026-08-31 14:36:07,-35.363262,149.1652373,0.003,0.02386919967830181,351,100,STABILIZE,False
2026-08-31 14:36:08,-35.363262,149.1652373,0.003,0.0240592323243618,351,100,STABILIZE,False
2026-08-31 14:36:08,-35.363262,149.1652373,0.003,0.023825816810131073,351,100,STABILIZE,False
2026-08-31 14:36:08,-35.363262,149.1652373,0.003,0.023796483874320984,351,100,STABILIZE,False
2026-08-31 14:36:09,-35.363262,149.1652373,0.003,0.02401266060769558,351,100,STABILIZE,False
2026-08-31 14:36:09,-35.363262,149.1652373,0.003,0.02392938919365406,351,100,STABILIZE,False
2026-08-31 14:36:10,-35.363262,149.1652373,0.003,0.02408156916499138,351,100,STABILIZE,False
2026-08-31 14:36:10,-35.363262,149.1652373,0.003,0.023899029940366745,351,100,STABILIZE,False
2026-08-31 14:36:10,-35.363262,149.1652373,0.003,0.02413070574402809,351,100,STABILIZE,False
2026-08-31 14:36:11,-35.363262,149.1652373,0.003,0.023927444592118263,351,100,STABILIZE,False
2026-08-31 14:36:11,-35.363262,149.1652373,0.003,0.023955252021551132,351,100,STABILIZE,False
2026-08-31 14:36:11,-35.363262,149.1652373,0.003,0.024112988263368607,351,100,STABILIZE,False
2026-08-31 14:36:12,-35.363262,149.1652373,0.003,0.023969056084752083,351,100,STABILIZE,False
2026-08-31 14:36:12,-35.363262,149.1652373,0.003,0.023964468389749527,351,100,STABILIZE,False
2026-08-31 14:36:13,-35.363262,149.1652373,0.003,0.024126973003149033,351,100,STABILIZE,False
2026-08-31 14:36:13,-35.363262,149.1652373,0.003,0.023995650932192802,351,100,STABILIZE,False
2026-08-31 14:36:13,-35.363262,149.1652373,0.003,0.024162163957953453,351,100,STABILIZE,False
2026-08-31 14:36:14,-35.363262,149.1652373,0.003,0.024169521406292915,351,100,STABILIZE,False
2026-08-31 14:36:14,-35.363262,149.1652373,0.003,0.023913705721497536,351,100,STABILIZE,False
2026-08-31 14:36:15,-35.363262,149.1652373,0.003,0.024170195683836937,351,100,STABILIZE,False
2026-08-31 14:36:15,-35.363262,149.1652373,0.003,0.02401706762611866,351,100,STABILIZE,False
2026-08-31 14:36:15,-35.363262,149.1652373,0.003,0.024114636704325676,351,100,STABILIZE,False
2026-08-31 14:36:16,-35.363262,149.1652373,0.003,0.024119218811392784,351,100,STABILIZE,False
2026-08-31 14:36:16,-35.363262,149.1652373,0.003,0.02411412075161934,351,100,STABILIZE,False
2026-08-31 14:36:17,-35.363262,149.1652373,0.003,0.024101385846734047,351,100,STABILIZE,False
2026-08-31 14:36:17,-35.363262,149.1652373,0.003,0.023987015709280968,351,100,STABILIZE,False
2026-08-31 14:36:18,-35.363262,149.1652373,0.003,0.02405121549963951,351,100,STABILIZE,False
2026-08-31 14:36:18,-35.363262,149.1652373,0.003,0.024138951674103737,351,100,STABILIZE,False
2026-08-31 14:36:18,-35.363262,149.1652373,0.003,0.0240270234644413,351,100,STABILIZE,False
2026-08-31 14:36:19,-35.363262,149.1652373,0.003,0.024185124784708023,351,100,STABILIZE,False
2026-08-31 14:36:19,-35.363262,149.1652373,0.003,0.023936763405799866,351,100,STABILIZE,False
2026-08-31 14:36:19,-35.363262,149.1652373,0.003,0.023849045857787132,351,100,STABILIZE,False
2026-08-31 14:36:20,-35.363262,149.1652373,0.003,0.023625396192073822,351,100,STABILIZE,False
2026-08-31 14:36:20,-35.363262,149.1652373,0.003,0.02363959327340126,351,100,STABILIZE,False
2026-08-31 14:36:21,-35.363262,149.1652373,0.003,0.023729266598820686,351,100,STABILIZE,False
2026-08-31 14:36:21,-35.363262,149.1652373,0.003,0.02364225871860981,351,100,STABILIZE,False
2026-08-31 14:36:21,-35.363262,149.1652373,0.003,0.023821616545319557,351,100,STABILIZE,False
2026-08-31 14:36:22,-35.363262,149.1652373,0.003,0.02365804836153984,351,100,STABILIZE,False
2026-08-31 14:36:22,-35.363262,149.1652373,0.003,0.02378452755510807,351,100,STABILIZE,False
2026-08-31 14:36:22,-35.363262,149.1652373,0.003,0.023908503353595734,351,100,STABILIZE,False
2026-08-31 14:36:23,-35.363262,149.1652373,0.003,0.023797741159796715,351,100,STABILIZE,False
2026-08-31 14:36:23,-35.363262,149.1652373,0.003,0.023922862485051155,351,100,STABILIZE,False
2026-08-31 14:36:24,-35.363262,149.1652373,0.003,0.02411740832030773,351,100,STABILIZE,False
2026-08-31 14:36:24,-35.363262,149.1652373,0.003,0.02400866150856018,351,100,STABILIZE,False
2026-08-31 14:36:24,-35.363262,149.1652373,0.003,0.024227332323789597,351,100,STABILIZE,False
2026-08-31 14:36:25,-35.363262,149.1652373,0.003,0.024247942492365837,351,100,STABILIZE,False
2026-08-31 14:36:25,-35.363262,149.1652373,0.003,0.023961849510669708,351,100,STABILIZE,False
2026-08-31 14:36:25,-35.363262,149.1652373,0.003,0.02406707964837551,351,100,STABILIZE,False
2026-08-31 14:36:55,-35.363262,149.1652373,0.003,0.02369704097509384,351,100,STABILIZE,False
2026-08-31 14:36:55,-35.363262,149.1652373,0.003,0.02380342409014702,351,100,STABILIZE,False
2026-08-31 14:36:56,-35.363262,149.1652373,0.003,0.023952854797244072,351,100,STABILIZE,False
2026-08-31 14:36:56,-35.363262,149.1652373,0.003,0.02381185255944729,351,100,STABILIZE,False
2026-08-31 14:36:56,-35.363262,149.1652373,0.003,0.023520702496170998,351,100,STABILIZE,False
2026-08-31 14:36:57,-35.363262,149.1652373,0.003,0.023662174120545387,351,100,STABILIZE,False
2026-08-31 14:36:57,-35.363262,149.1652373,0.003,0.02345447801053524,351,100,STABILIZE,False
2026-08-31 14:36:58,-35.363262,149.1652373,0.003,0.02333460934460163,351,100,STABILIZE,False
2026-08-31 14:36:58,-35.363262,149.1652373,0.003,0.023526348173618317,351,100,STABILIZE,False
2026-08-31 14:36:58,-35.363262,149.1652373,0.003,0.023341458290815353,351,100,STABILIZE,False
2026-08-31 14:36:59,-35.363262,149.1652373,0.003,0.023488620296120644,351,100,STABILIZE,False
2026-08-31 14:36:59,-35.363262,149.1652373,0.003,0.02365560457110405,351,100,STABILIZE,False
2026-08-31 14:37:00,-35.363262,149.1652373,0.003,0.023544108495116234,351,100,STABILIZE,False
2026-08-31 14:37:00,-35.363262,149.1652373,0.003,0.023938966915011406,351,100,STABILIZE,False
2026-08-31 14:37:00,-35.363262,149.1652373,0.003,0.023840658366680145,351,100,STABILIZE,False
2026-08-31 14:37:01,-35.363262,149.1652373,0.003,0.024022897705435753,351,100,STABILIZE,False
2026-08-31 14:37:01,-35.363262,149.1652373,0.003,0.024097604677081108,351,100,STABILIZE,False
2026-08-31 14:37:02,-35.363262,149.1652373,0.003,0.023902803659439087,351,100,STABILIZE,False
2026-08-31 14:37:02,-35.363262,149.1652373,0.003,0.02380993776023388,351,100,STABILIZE,False
2026-08-31 14:37:03,-35.363262,149.1652373,0.003,0.023688750341534615,351,100,STABILIZE,False
2026-08-31 14:37:03,-35.363262,149.1652373,0.003,0.023779122158885002,351,100,STABILIZE,False
2026-08-31 14:37:04,-35.363262,149.1652373,0.003,0.023806799203157425,351,100,STABILIZE,False
2026-08-31 14:37:04,-35.363262,149.1652373,0.003,0.023826614022254944,351,100,STABILIZE,False
2026-08-31 14:37:05,-35.363262,149.1652373,0.003,0.024179011583328247,351,100,STABILIZE,False
2026-08-31 14:37:05,-35.363262,149.1652373,0.003,0.023969221860170364,351,100,STABILIZE,False
2026-08-31 14:37:06,-35.363262,149.1652373,0.003,0.024139687418937683,351,100,STABILIZE,False
2026-08-31 14:37:06,-35.363262,149.1652373,0.003,0.023945221677422523,351,100,STABILIZE,False
2026-08-31 14:37:06,-35.363262,149.1652373,0.003,0.024105696007609367,351,100,STABILIZE,False
2026-08-31 14:37:07,-35.363262,149.1652373,0.003,0.024097591638565063,351,100,STABILIZE,False
2026-08-31 14:37:07,-35.363262,149.1652373,0.003,0.023981496691703796,351,100,STABILIZE,False
2026-08-31 14:37:08,-35.363262,149.1652373,0.003,0.024084467440843582,351,100,STABILIZE,False
2026-08-31 14:37:08,-35.363262,149.1652373,0.003,0.02392386458814144,351,100,STABILIZE,False
2026-08-31 14:37:08,-35.363262,149.1652373,0.003,0.023937013000249863,351,100,STABILIZE,False
2026-08-31 14:37:09,-35.363262,149.1652373,0.003,0.023794637992978096,351,100,STABILIZE,False
2026-08-31 14:37:09,-35.363262,149.1652373,0.003,0.02375178225338459,351,100,STABILIZE,False
2026-08-31 14:37:10,-35.363262,149.1652373,0.003,0.02373034507036209,351,100,STABILIZE,False
2026-08-31 14:37:10,-35.363262,149.1652373,0.003,0.023771394044160843,351,100,STABILIZE,False
2026-08-31 14:37:10,-35.363262,149.1652373,0.003,0.02393389120697975,351,100,STABILIZE,False
2026-08-31 14:37:11,-35.363262,149.1652373,0.003,0.023906216025352478,351,100,STABILIZE,False
2026-08-31 14:37:11,-35.363262,149.1652373,0.003,0.02375606819987297,351,100,STABILIZE,False
2026-08-31 14:37:11,-35.363262,149.1652373,0.003,0.0237174890935421,351,100,STABILIZE,False
2026-08-31 14:37:12,-35.363262,149.1652373,0.003,0.02377905882894993,351,100,STABILIZE,False
2026-08-31 14:37:12,-35.363262,149.1652373,0.003,0.02343873493373394,351,100,STABILIZE,False
2026-08-31 14:37:13,-35.363262,149.1652373,0.003,0.023540446534752846,351,100,STABILIZE,False
2026-08-31 14:37:13,-35.363262,149.1652373,0.003,0.02376554161310196,351,100,STABILIZE,False
2026-08-31 14:37:13,-35.363262,149.1652373,0.003,0.023494774475693703,351,100,STABILIZE,False
2026-08-31 14:37:14,-35.363262,149.1652373,0.003,0.023513521999120712,351,100,STABILIZE,False
2026-08-31 14:37:14,-35.363262,149.1652373,0.003,0.023609016090631485,351,100,STABILIZE,False
2026-08-31 14:37:15,-35.363262,149.1652373,0.003,0.02371997945010662,351,100,STABILIZE,False
2026-08-31 14:37:15,-35.363262,149.1652373,0.003,0.02390340529382229,351,100,STABILIZE,False
2026-08-31 14:37:15,-35.363262,149.1652373,0.003,0.023887865245342255,351,100,STABILIZE,False
2026-08-31 14:37:16,-35.363262,149.1652373,0.003,0.023770876228809357,351,100,STABILIZE,False
2026-08-31 14:37:17,-35.363262,149.1652373,0.003,0.0236301701515913,351,100,STABILIZE,False
2026-08-31 14:37:17,-35.363262,149.1652373,0.003,0.023648306727409363,351,100,STABILIZE,False
2026-08-31 14:37:17,-35.363262,149.1652373,0.003,0.023648306727409363,351,100,STABILIZE,False
2026-08-31 14:37:17,-35.363262,149.1652373,0.003,0.023547763004899025,351,100,STABILIZE,False
2026-08-31 14:37:18,-35.363262,149.1652373,0.003,0.023679792881011963,351,100,STABILIZE,False
2026-08-31 14:37:18,-35.363262,149.1652373,0.003,0.023758452385663986,351,100,STABILIZE,False
2026-08-31 14:37:19,-35.363262,149.1652373,0.003,0.023664524778723717,351,100,STABILIZE,False
2026-08-31 14:37:19,-35.363262,149.1652373,0.003,0.023954711854457855,351,100,STABILIZE,False
2026-08-31 14:37:19,-35.363262,149.1652373,0.003,0.023920463398098946,351,100,STABILIZE,False
2026-08-31 14:37:20,-35.363262,149.1652373,0.003,0.02381961978971958,351,100,STABILIZE,False
2026-08-31 14:37:20,-35.363262,149.1652373,0.003,0.02405034936964512,351,100,STABILIZE,False
2026-08-31 14:37:21,-35.363262,149.1652373,0.003,0.023953309282660484,351,100,STABILIZE,False
2026-08-31 14:37:21,-35.363262,149.1652373,0.003,0.02412615530192852,351,100,STABILIZE,False
2026-08-31 14:37:21,-35.363262,149.1652373,0.003,0.023973196744918823,351,100,STABILIZE,False
2026-08-31 14:37:22,-35.363262,149.1652373,0.003,0.024013865739107132,351,100,STABILIZE,False
2026-08-31 14:37:22,-35.363262,149.1652373,0.003,0.024172449484467506,351,100,STABILIZE,False
2026-08-31 14:37:23,-35.363262,149.1652373,0.003,0.024059051647782326,351,100,STABILIZE,False
2026-08-31 14:37:23,-35.363262,149.1652373,0.003,0.024014869704842567,351,100,STABILIZE,False
2026-08-31 14:37:23,-35.363262,149.1652373,0.003,0.023861685767769814,351,100,STABILIZE,False
2026-08-31 14:37:24,-35.363262,149.1652373,0.003,0.02376786805689335,351,100,STABILIZE,False
2026-08-31 14:37:24,-35.363262,149.1652373,0.003,0.023860402405261993,351,100,STABILIZE,False
2026-08-31 14:37:24,-35.363262,149.1652373,0.003,0.023624194785952568,351,100,STABILIZE,False
2026-08-31 14:37:25,-35.363262,149.1652373,0.003,0.02371032163500786,351,100,STABILIZE,False
2026-08-31 14:37:25,-35.363262,149.1652373,0.003,0.023874398320913315,351,100,STABILIZE,False
2026-08-31 14:37:26,-35.363262,149.1652373,0.003,0.023806385695934296,351,100,STABILIZE,False
2026-08-31 14:37:26,-35.363262,149.1652373,0.003,0.023968175053596497,351,100,STABILIZE,False
2026-08-31 14:37:27,-35.363262,149.1652373,0.003,0.0239594466984272,351,100,STABILIZE,False
2026-08-31 14:37:27,-35.363262,149.1652373,0.003,0.023780228570103645,351,100,STABILIZE,False
2026-08-31 14:37:27,-35.363262,149.1652373,0.003,0.02382669784128666,351,100,STABILIZE,False
2026-08-31 14:37:28,-35.363262,149.1652373,0.003,0.023826800286769867,351,100,STABILIZE,False
2026-08-31 14:37:29,-35.363262,149.1652373,0.003,0.023841748014092445,351,100,STABILIZE,False
2026-08-31 14:37:29,-35.363262,149.1652373,0.003,0.024112490937113762,351,100,STABILIZE,False
2026-08-31 14:37:33,-35.363262,149.1652373,0.003,0.02398976869881153,351,100,STABILIZE,False
2026-08-31 14:37:34,-35.363262,149.1652373,0.003,0.023960348218679428,351,100,STABILIZE,False
2026-08-31 14:37:34,-35.363262,149.1652373,0.003,0.023857364431023598,351,100,STABILIZE,False
2026-08-31 14:37:34,-35.363262,149.1652373,0.003,0.024230903014540672,351,100,STABILIZE,False
2026-08-31 14:37:34,-35.363262,149.1652373,0.003,0.024197159335017204,351,100,STABILIZE,False
2026-08-31 14:37:35,-35.363262,149.1652373,0.003,0.024039147421717644,351,100,STABILIZE,False
2026-08-31 14:37:35,-35.363262,149.1652373,0.003,0.02396540157496929,351,100,STABILIZE,False
2026-08-31 14:37:36,-35.363262,149.1652373,0.003,0.02380646951496601,351,100,STABILIZE,False
2026-08-31 14:37:36,-35.363262,149.1652373,0.003,0.023624612018465996,351,100,STABILIZE,False
2026-08-31 14:37:37,-35.363262,149.1652373,0.003,0.02341746725142002,351,100,STABILIZE,False
2026-08-31 14:37:38,-35.363262,149.1652373,0.003,0.02347889356315136,351,100,STABILIZE,False
2026-08-31 14:37:38,-35.363262,149.1652373,0.003,0.023648930713534355,351,100,STABILIZE,False
2026-08-31 14:37:39,-35.363262,149.1652373,0.003,0.02358420193195343,351,100,STABILIZE,False
2026-08-31 14:37:39,-35.363262,149.1652373,0.003,0.023882044479250908,351,100,STABILIZE,False
2026-08-31 14:37:39,-35.363262,149.1652373,0.003,0.023818397894501686,351,100,STABILIZE,False
2026-08-31 14:37:40,-35.363262,149.1652373,0.003,0.024071084335446358,351,100,STABILIZE,False
2026-08-31 14:37:40,-35.363262,149.1652373,0.003,0.023988965898752213,351,100,STABILIZE,False
2026-08-31 14:37:41,-35.363262,149.1652373,0.003,0.023976730182766914,351,100,STABILIZE,False
2026-08-31 14:37:41,-35.363262,149.1652373,0.003,0.02375863306224346,351,100,STABILIZE,False
2026-08-31 14:37:41,-35.363262,149.1652373,0.003,0.023986995220184326,351,100,STABILIZE,False
2026-08-31 14:37:42,-35.363262,149.1652373,0.003,0.023973386734724045,351,100,STABILIZE,False
2026-08-31 14:37:42,-35.363262,149.1652373,0.003,0.023851696401834488,351,100,STABILIZE,False
2026-08-31 14:37:42,-35.363262,149.1652373,0.003,0.02385541796684265,351,100,STABILIZE,False
2026-08-31 14:37:43,-35.363262,149.1652373,0.003,0.02380908466875553,351,100,STABILIZE,False
2026-08-31 14:37:43,-35.363262,149.1652373,0.004,0.023771509528160095,351,100,STABILIZE,False
2026-08-31 14:37:44,-35.363262,149.1652373,0.004,0.02390245534479618,351,100,STABILIZE,False
2026-08-31 14:37:44,-35.363262,149.1652373,0.004,0.023773865774273872,351,100,STABILIZE,False
2026-08-31 14:37:45,-35.363262,149.1652373,0.004,0.02377793937921524,351,100,STABILIZE,False
2026-08-31 14:37:47,-35.363262,149.1652373,0.004,0.02390998601913452,351,100,STABILIZE,False
2026-08-31 14:37:47,-35.363262,149.1652373,0.004,0.02386397123336792,351,100,STABILIZE,False
2026-08-31 14:37:47,-35.363262,149.1652373,0.004,0.02386542409658432,351,100,STABILIZE,False
2026-08-31 14:37:48,-35.363262,149.1652373,0.004,0.023939190432429314,351,100,STABILIZE,False
2026-08-31 14:37:48,-35.363262,149.1652373,0.004,0.023814257234334946,351,100,STABILIZE,False
2026-08-31 14:37:49,-35.363262,149.1652373,0.004,0.02404574491083622,351,100,STABILIZE,False
2026-08-31 14:37:49,-35.363262,149.1652373,0.004,0.023720338940620422,351,100,STABILIZE,False
2026-08-31 14:37:50,-35.363262,149.1652373,0.004,0.02375204488635063,351,100,STABILIZE,False
2026-08-31 14:37:50,-35.363262,149.1652373,0.003,0.023722348734736443,351,100,STABILIZE,False
2026-08-31 14:37:50,-35.363262,149.1652373,0.003,0.02372819185256958,351,100,STABILIZE,False
2026-08-31 14:37:51,-35.363262,149.1652373,0.003,0.02380628138780594,351,100,STABILIZE,False
2026-08-31 14:37:51,-35.363262,149.1652373,0.003,0.023880891501903534,351,100,STABILIZE,False
2026-08-31 14:37:51,-35.363262,149.1652373,0.003,0.02372547797858715,351,100,STABILIZE,False
2026-08-31 14:37:52,-35.363262,149.1652373,0.003,0.023802228271961212,351,100,STABILIZE,False
2026-08-31 14:37:52,-35.363262,149.1652373,0.003,0.02369275689125061,351,100,STABILIZE,False
2026-08-31 14:37:53,-35.363262,149.1652373,0.003,0.023316895589232445,351,100,STABILIZE,False
2026-08-31 14:37:53,-35.363262,149.1652373,0.003,0.023591889068484306,351,100,STABILIZE,False
2026-08-31 14:37:53,-35.363262,149.1652373,0.003,0.02350197732448578,351,100,STABILIZE,False
2026-08-31 14:37:54,-35.363262,149.1652373,0.003,0.023545343428850174,351,100,STABILIZE,False
2026-08-31 14:37:54,-35.363262,149.1652373,0.003,0.023778872564435005,351,100,STABILIZE,False
2026-08-31 14:37:55,-35.363262,149.1652373,0.003,0.02368878573179245,351,100,STABILIZE,False
2026-08-31 14:37:55,-35.363262,149.1652373,0.003,0.023810500279068947,351,100,STABILIZE,False
2026-08-31 14:37:55,-35.363262,149.1652373,0.003,0.023710686713457108,351,100,STABILIZE,False
2026-08-31 14:37:56,-35.363262,149.1652373,0.003,0.023818103596568108,351,100,STABILIZE,False
2026-08-31 14:37:56,-35.363262,149.1652373,0.003,0.024002166464924812,351,100,STABILIZE,False
2026-08-31 14:37:56,-35.363262,149.1652373,0.003,0.02391853742301464,351,100,STABILIZE,False
2026-08-31 14:37:57,-35.363262,149.1652373,0.003,0.023921484127640724,351,100,STABILIZE,False
2026-08-31 14:37:57,-35.363262,149.1652373,0.003,0.02403523400425911,351,100,STABILIZE,False
2026-08-31 14:37:58,-35.363262,149.1652373,0.003,0.023851759731769562,351,100,STABILIZE,False
2026-08-31 14:37:58,-35.363262,149.1652373,0.003,0.023901695385575294,351,100,STABILIZE,False
2026-08-31 14:37:58,-35.363262,149.1652373,0.003,0.02376878820359707,351,100,STABILIZE,False
2026-08-31 14:37:59,-35.363262,149.1652373,0.003,0.023355118930339813,351,100,STABILIZE,False
2026-08-31 14:37:59,-35.363262,149.1652373,0.003,0.023328257724642754,351,100,STABILIZE,False
2026-08-31 14:37:59,-35.363262,149.1652373,0.003,0.022694287821650505,351,100,STABILIZE,False
2026-08-31 14:38:00,-35.363262,149.1652373,0.003,0.021929919719696045,351,100,STABILIZE,False
2026-08-31 14:38:01,-35.363262,149.1652373,0.003,0.021424483507871628,352,100,STABILIZE,False
2026-08-31 14:38:01,-35.363262,149.1652373,0.003,0.021424483507871628,352,100,STABILIZE,False
2026-08-31 14:38:01,-35.363262,149.1652373,0.003,0.020789414644241333,352,100,STABILIZE,False
2026-08-31 14:38:01,-35.363262,149.1652373,0.003,0.020373141393065453,352,100,STABILIZE,False
2026-08-31 14:38:02,-35.363262,149.1652373,0.003,0.019288234412670135,352,100,STABILIZE,False
2026-08-31 14:38:06,-35.363262,149.1652373,0.003,0.018829362466931343,352,100,STABILIZE,False
2026-08-31 14:38:11,-35.363262,149.1652373,0.003,0.016955578699707985,352,100,STABILIZE,False
2026-08-31 14:38:16,-35.363262,149.1652373,0.003,0.016520032659173012,352,100,STABILIZE,False
2026-08-31 14:38:22,-35.363262,149.1652373,0.003,0.015161297284066677,352,100,STABILIZE,False
2026-08-31 14:38:22,-35.363262,149.1652373,0.003,0.014504119753837585,352,100,STABILIZE,False
2026-08-31 14:38:23,-35.363262,149.1652373,0.003,0.013491018675267696,352,100,STABILIZE,False
2026-08-31 14:38:23,-35.363262,149.1652373,0.003,0.012763570994138718,352,100,STABILIZE,False
2026-08-31 14:38:24,-35.363262,149.1652373,0.003,0.01115416269749403,352,100,STABILIZE,False
2026-08-31 14:38:24,-35.363262,149.1652373,0.003,0.010483218356966972,352,100,STABILIZE,False
2026-08-31 14:38:24,-35.363262,149.1652373,0.003,0.00791042298078537,352,100,STABILIZE,False
2026-08-31 14:38:25,-35.363262,149.1652373,0.003,0.005909634754061699,352,100,STABILIZE,False
2026-08-31 14:38:25,-35.363262,149.1652373,0.003,0.0053877863101661205,352,100,STABILIZE,False
2026-08-31 14:38:25,-35.363262,149.1652373,0.003,0.004882265347987413,352,100,STABILIZE,False
2026-08-31 14:38:26,-35.363262,149.1652373,0.003,0.0002619432925712317,352,100,STABILIZE,False
2026-08-31 14:38:26,-35.363262,149.1652373,0.003,0.0006517846486531198,352,100,STABILIZE,False
2026-08-31 14:38:26,-35.363262,149.1652373,0.003,0.0014075804501771927,352,100,STABILIZE,False
2026-08-31 14:38:27,-35.3632621,149.1652374,0.003,0.0017040640814229846,352,100,STABILIZE,False
2026-08-31 14:38:27,-35.3632621,149.1652374,0.003,0.0028752826619893312,352,100,STABILIZE,False
2026-08-31 14:38:28,-35.3632621,149.1652374,0.003,0.0032386425882577896,352,100,STABILIZE,False
2026-08-31 14:38:28,-35.3632621,149.1652374,0.003,0.003857316682115197,352,100,STABILIZE,False
2026-08-31 14:38:28,-35.3632621,149.1652374,0.003,0.004250278230756521,352,100,STABILIZE,False
2026-08-31 14:38:29,-35.3632621,149.1652374,0.003,0.004571425262838602,352,100,STABILIZE,False
2026-08-31 14:38:29,-35.3632621,149.1652374,0.003,0.004900926258414984,352,100,STABILIZE,False
2026-08-31 14:38:30,-35.3632621,149.1652374,0.003,0.005420433357357979,352,100,STABILIZE,False
2026-08-31 14:38:30,-35.3632621,149.1652374,0.003,0.0057868617586791515,352,100,STABILIZE,False
2026-08-31 14:38:31,-35.3632621,149.1652374,0.003,0.006570933386683464,352,100,STABILIZE,False
2026-08-31 14:38:31,-35.3632621,149.1652374,0.003,0.006570933386683464,352,100,STABILIZE,False
2026-08-31 14:38:31,-35.3632621,149.1652374,0.003,0.007363160140812397,352,100,STABILIZE,False
2026-08-31 14:38:32,-35.3632621,149.1652374,0.003,0.007761927787214518,352,100,STABILIZE,False
2026-08-31 14:38:32,-35.3632621,149.1652374,0.003,0.008117292076349258,352,100,STABILIZE,False
2026-08-31 14:38:32,-35.3632621,149.1652374,0.003,0.00837684329599142,352,100,STABILIZE,False
2026-08-31 14:38:33,-35.3632621,149.1652374,0.003,0.00901030097156763,352,100,STABILIZE,False
2026-08-31 14:38:33,-35.3632621,149.1652374,0.003,0.009286103770136833,352,100,STABILIZE,False
2026-08-31 14:38:34,-35.3632621,149.1652374,0.003,0.009779827669262886,352,100,STABILIZE,False
2026-08-31 14:38:49,-35.3632621,149.1652374,0.003,0.01010071486234665,352,100,STABILIZE,False
2026-08-31 14:38:59,-35.3632621,149.1652374,0.003,0.010520171374082565,352,100,STABILIZE,False
2026-08-31 14:38:59,-35.3632621,149.1652374,0.003,0.010680461302399635,352,100,STABILIZE,False
2026-08-31 14:38:59,-35.3632621,149.1652374,0.003,0.011149914935231209,352,100,STABILIZE,False
2026-08-31 14:39:00,-35.3632621,149.1652374,0.003,0.011257834732532501,352,100,STABILIZE,False
2026-08-31 14:39:00,-35.3632621,149.1652374,0.003,0.011736943386495113,352,100,STABILIZE,False
2026-08-31 14:39:01,-35.3632621,149.1652374,0.003,0.011839269660413265,352,100,STABILIZE,False
2026-08-31 14:39:01,-35.3632621,149.1652374,0.003,0.014391864649951458,352,100,STABILIZE,False
2026-08-31 14:39:01,-35.3632621,149.1652374,0.003,0.014632434584200382,352,100,STABILIZE,False
2026-08-31 14:39:02,-35.3632621,149.1652374,0.003,0.015142298303544521,352,100,STABILIZE,False
2026-08-31 14:39:02,-35.3632621,149.1652375,0.003,0.01517668180167675,352,100,STABILIZE,False
2026-08-31 14:39:02,-35.3632621,149.1652375,0.003,0.016226759180426598,352,100,STABILIZE,False
2026-08-31 14:39:03,-35.3632621,149.1652375,0.003,0.016267916187644005,352,100,STABILIZE,False
2026-08-31 14:39:03,-35.3632621,149.1652375,0.003,0.016542721539735794,352,100,STABILIZE,False
2026-08-31 14:39:04,-35.3632621,149.1652375,0.003,0.01695535145699978,352,100,STABILIZE,False
2026-08-31 14:39:04,-35.3632621,149.1652375,0.003,0.01699354685842991,352,100,STABILIZE,False
2026-08-31 14:39:04,-35.3632621,149.1652375,0.003,0.01709657348692417,352,100,STABILIZE,False
2026-08-31 14:39:05,-35.3632621,149.1652375,0.003,0.017396889626979828,352,100,STABILIZE,False
2026-08-31 14:39:05,-35.3632621,149.1652375,0.003,0.017292357981204987,352,100,STABILIZE,False
2026-08-31 14:39:06,-35.3632621,149.1652375,0.003,0.0176546648144722,352,100,STABILIZE,False
2026-08-31 14:39:06,-35.3632621,149.1652375,0.003,0.01757589727640152,352,100,STABILIZE,False
2026-08-31 14:39:06,-35.3632621,149.1652375,0.003,0.017645588144659996,352,100,STABILIZE,False
2026-08-31 14:39:07,-35.3632621,149.1652375,0.003,0.01794392429292202,352,100,STABILIZE,False
2026-08-31 14:39:07,-35.3632621,149.1652375,0.003,0.01797768473625183,352,100,STABILIZE,False
2026-08-31 14:39:08,-35.3632621,149.1652375,0.003,0.01813662238419056,352,100,STABILIZE,False
2026-08-31 14:39:08,-35.3632621,149.1652375,0.003,0.01826435513794422,352,100,STABILIZE,False
2026-08-31 14:39:08,-35.3632621,149.1652375,0.003,0.018371688202023506,352,100,STABILIZE,False
2026-08-31 14:39:09,-35.3632621,149.1652375,0.003,0.018757306039333344,352,100,STABILIZE,False
2026-08-31 14:39:09,-35.3632621,149.1652375,0.003,0.018773015588521957,352,100,STABILIZE,False
2026-08-31 14:39:09,-35.3632621,149.1652375,0.003,0.018857568502426147,352,100,STABILIZE,False
2026-08-31 14:39:10,-35.3632621,149.1652375,0.003,0.01903850957751274,352,100,STABILIZE,False
2026-08-31 14:39:10,-35.3632621,149.1652375,0.003,0.019065208733081818,352,100,STABILIZE,False
2026-08-31 14:39:11,-35.3632621,149.1652375,0.003,0.019135672599077225,352,100,STABILIZE,False
2026-08-31 14:39:11,-35.3632621,149.1652375,0.003,0.0193539559841156,352,100,STABILIZE,False
2026-08-31 14:39:11,-35.3632621,149.1652375,0.003,0.019330520182847977,352,100,STABILIZE,False
2026-08-31 14:39:12,-35.3632621,149.1652375,0.003,0.019351361319422722,352,100,STABILIZE,False
2026-08-31 14:39:12,-35.3632621,149.1652375,0.003,0.019285328686237335,352,100,STABILIZE,False
2026-08-31 14:39:12,-35.3632621,149.1652375,0.003,0.019712230190634727,352,100,STABILIZE,False
2026-08-31 14:39:13,-35.3632621,149.1652375,0.003,0.019879302009940147,352,100,STABILIZE,False
2026-08-31 14:39:13,-35.3632621,149.1652375,0.003,0.019999681040644646,352,100,STABILIZE,False
2026-08-31 14:39:14,-35.3632621,149.1652375,0.003,0.020226815715432167,352,100,STABILIZE,False
2026-08-31 14:39:14,-35.3632621,149.1652375,0.003,0.020030563697218895,352,100,STABILIZE,False
2026-08-31 14:39:14,-35.3632621,149.1652375,0.003,0.020253390073776245,352,100,STABILIZE,False
2026-08-31 14:39:15,-35.3632621,149.1652375,0.003,0.020519841462373734,352,100,STABILIZE,False
2026-08-31 14:39:15,-35.3632621,149.1652375,0.003,0.020416002720594406,352,100,STABILIZE,False
2026-08-31 14:39:16,-35.3632621,149.1652375,0.003,0.020667048171162605,352,100,STABILIZE,False
2026-08-31 14:39:16,-35.3632621,149.1652375,0.003,0.02067905105650425,352,100,STABILIZE,False
2026-08-31 14:39:16,-35.3632621,149.1652375,0.003,0.020675722509622574,352,100,STABILIZE,False
2026-08-31 14:39:17,-35.3632621,149.1652375,0.003,0.020955270156264305,352,100,STABILIZE,False
2026-08-31 14:39:17,-35.3632621,149.1652375,0.003,0.02071617916226387,352,100,STABILIZE,False
2026-08-31 14:39:18,-35.3632621,149.1652375,0.003,0.020802989602088928,352,100,STABILIZE,False
2026-08-31 14:39:18,-35.3632621,149.1652375,0.003,0.020815534517169,352,100,STABILIZE,False
2026-08-31 14:39:19,-35.3632621,149.1652375,0.003,0.02121777832508087,352,100,STABILIZE,False
2026-08-31 14:39:19,-35.3632621,149.1652375,0.003,0.02122577093541622,352,100,STABILIZE,False
2026-08-31 14:39:19,-35.3632621,149.1652375,0.003,0.021134648472070694,352,100,STABILIZE,False
2026-08-31 14:39:20,-35.3632621,149.1652375,0.003,0.021343853324651718,352,100,STABILIZE,False
2026-08-31 14:39:20,-35.3632621,149.1652375,0.003,0.021265288814902306,352,100,STABILIZE,False
2026-08-31 14:39:20,-35.3632621,149.1652375,0.003,0.02124934270977974,352,100,STABILIZE,False
2026-08-31 14:39:21,-35.3632621,149.1652375,0.003,0.021462781354784966,352,100,STABILIZE,False
2026-08-31 14:39:21,-35.3632621,149.1652375,0.003,0.021230608224868774,352,100,STABILIZE,False
2026-08-31 14:39:22,-35.3632621,149.1652375,0.003,0.02135835401713848,352,100,STABILIZE,False
2026-08-31 14:39:22,-35.3632621,149.1652375,0.003,0.021433446556329727,352,100,STABILIZE,False
2026-08-31 14:39:22,-35.3632621,149.1652375,0.003,0.02147829532623291,352,100,STABILIZE,False
2026-08-31 14:39:23,-35.3632621,149.1652375,0.003,0.021721815690398216,352,100,STABILIZE,False
2026-08-31 14:39:23,-35.3632621,149.1652375,0.003,0.021616438403725624,352,100,STABILIZE,False
2026-08-31 14:39:23,-35.3632621,149.1652375,0.003,0.021650727838277817,352,100,STABILIZE,False
2026-08-31 14:39:24,-35.3632621,149.1652375,0.003,0.021887214854359627,352,100,STABILIZE,False
2026-08-31 14:39:24,-35.3632621,149.1652375,0.003,0.021887214854359627,352,100,STABILIZE,False
2026-08-31 14:39:24,-35.3632621,149.1652375,0.003,0.021869629621505737,352,100,STABILIZE,False
2026-08-31 14:39:25,-35.3632621,149.1652375,0.003,0.02220512367784977,352,100,STABILIZE,False
2026-08-31 14:39:25,-35.3632621,149.1652375,0.003,0.022112397477030754,352,100,STABILIZE,False
2026-08-31 14:39:26,-35.3632621,149.1652375,0.003,0.022166557610034943,352,100,STABILIZE,False
2026-08-31 14:39:26,-35.3632621,149.1652375,0.003,0.022331859916448593,352,100,STABILIZE,False
2026-08-31 14:39:26,-35.3632621,149.1652375,0.003,0.022178715094923973,352,100,STABILIZE,False
2026-08-31 14:39:27,-35.3632621,149.1652375,0.003,0.02216908149421215,352,100,STABILIZE,False
2026-08-31 14:39:27,-35.3632621,149.1652375,0.003,0.022143252193927765,352,100,STABILIZE,False
2026-08-31 14:39:27,-35.3632621,149.1652375,0.003,0.0220437403768301,352,100,STABILIZE,False
2026-08-31 14:39:28,-35.3632621,149.1652375,0.003,0.022218802943825722,352,100,STABILIZE,False
2026-08-31 14:39:28,-35.3632621,149.1652375,0.003,0.022065164521336555,352,100,STABILIZE,False
2026-08-31 14:39:29,-35.3632621,149.1652375,0.003,0.022204577922821045,352,100,STABILIZE,False
2026-08-31 14:39:29,-35.3632621,149.1652375,0.003,0.02243044786155224,352,100,STABILIZE,False
2026-08-31 14:39:30,-35.3632621,149.1652375,0.003,0.022446757182478905,352,100,STABILIZE,False
2026-08-31 14:39:30,-35.3632621,149.1652375,0.003,0.02259807474911213,352,100,STABILIZE,False
2026-08-31 14:39:30,-35.3632621,149.1652375,0.003,0.02250855602324009,352,100,STABILIZE,False
2026-08-31 14:39:31,-35.3632621,149.1652375,0.003,0.022690603509545326,352,100,STABILIZE,False
2026-08-31 14:39:31,-35.3632621,149.1652375,0.003,0.022766027599573135,352,100,STABILIZE,False
2026-08-31 14:39:31,-35.3632621,149.1652375,0.003,0.02271069772541523,352,100,STABILIZE,False
2026-08-31 14:39:32,-35.3632621,149.1652375,0.003,0.02285934053361416,352,100,STABILIZE,False
2026-08-31 14:39:32,-35.3632621,149.1652375,0.003,0.022564496845006943,352,100,STABILIZE,False
2026-08-31 14:39:33,-35.3632621,149.1652375,0.003,0.022553948685526848,352,100,STABILIZE,False
2026-08-31 14:39:33,-35.3632621,149.1652375,0.003,0.022564519196748734,352,100,STABILIZE,False
2026-08-31 14:39:34,-35.3632621,149.1652375,0.003,0.022426363080739975,352,100,STABILIZE,False
2026-08-31 14:39:35,-35.3632621,149.1652375,0.003,0.022946923971176147,353,100,STABILIZE,False
2026-08-31 14:39:35,-35.3632621,149.1652375,0.003,0.02287275902926922,353,100,STABILIZE,False
2026-08-31 14:39:35,-35.3632621,149.1652375,0.003,0.022946836426854134,353,100,STABILIZE,False
2026-08-31 14:39:36,-35.3632621,149.1652375,0.003,0.022980770096182823,353,100,STABILIZE,False
2026-08-31 14:39:36,-35.3632622,149.1652375,0.003,0.022962480783462524,353,100,STABILIZE,False
2026-08-31 14:39:36,-35.3632621,149.1652375,0.003,0.023076878860592842,353,100,STABILIZE,False
2026-08-31 14:39:37,-35.3632621,149.1652375,0.003,0.022861091420054436,353,100,STABILIZE,False
2026-08-31 14:39:37,-35.3632621,149.1652375,0.003,0.02286648005247116,353,100,STABILIZE,False
2026-08-31 14:39:38,-35.3632621,149.1652375,0.003,0.02271323651075363,353,100,STABILIZE,False
2026-08-31 14:39:38,-35.3632621,149.1652375,0.003,0.02281966246664524,353,100,STABILIZE,False
2026-08-31 14:39:38,-35.3632621,149.1652375,0.003,0.022906403988599777,353,100,STABILIZE,False
2026-08-31 14:39:39,-35.3632622,149.1652375,0.003,0.022886503487825394,353,100,STABILIZE,False
2026-08-31 14:39:39,-35.3632621,149.1652375,0.003,0.023147782310843468,353,100,STABILIZE,False
2026-08-31 14:39:39,-35.3632622,149.1652375,0.003,0.022968947887420654,353,100,STABILIZE,False
2026-08-31 14:39:40,-35.3632622,149.1652375,0.003,0.023386897519230843,353,100,STABILIZE,False
2026-08-31 14:39:40,-35.3632622,149.1652375,0.003,0.023375194519758224,353,100,STABILIZE,False
2026-08-31 14:39:41,-35.3632622,149.1652375,0.003,0.023287253454327583,353,100,STABILIZE,False
2026-08-31 14:39:41,-35.3632622,149.1652375,0.003,0.023486239835619926,353,100,STABILIZE,False
2026-08-31 14:39:42,-35.3632622,149.1652375,0.003,0.023408913984894753,353,100,STABILIZE,False
2026-08-31 14:39:42,-35.3632622,149.1652375,0.003,0.023398051038384438,353,100,STABILIZE,False
2026-08-31 14:39:42,-35.3632622,149.1652375,0.003,0.02328754961490631,353,100,STABILIZE,False
2026-08-31 14:39:43,-35.3632622,149.1652375,0.003,0.023188289254903793,353,100,STABILIZE,False
2026-08-31 14:39:43,-35.3632622,149.1652375,0.003,0.023467712104320526,353,100,STABILIZE,False
2026-08-31 14:39:44,-35.3632622,149.1652375,0.003,0.023355592042207718,353,100,STABILIZE,False
2026-08-31 14:39:44,-35.3632622,149.1652375,0.003,0.023305952548980713,353,100,STABILIZE,False
2026-08-31 14:39:45,-35.3632622,149.1652375,0.003,0.023594964295625687,353,100,STABILIZE,False
2026-08-31 14:39:45,-35.3632622,149.1652375,0.003,0.023378044366836548,353,100,STABILIZE,False
2026-08-31 14:39:45,-35.3632622,149.1652375,0.003,0.023606441915035248,353,100,STABILIZE,False
2026-08-31 14:39:46,-35.3632622,149.1652375,0.003,0.02342296577990055,353,100,STABILIZE,False
2026-08-31 14:39:46,-35.3632622,149.1652375,0.003,0.023651814088225365,353,100,STABILIZE,False
2026-08-31 14:39:46,-35.3632622,149.1652375,0.003,0.02375875599682331,353,100,STABILIZE,False
2026-08-31 14:39:47,-35.3632622,149.1652375,0.003,0.02360341139137745,353,100,STABILIZE,False
2026-08-31 14:39:47,-35.3632622,149.1652375,0.003,0.02367253042757511,353,100,STABILIZE,False
2026-08-31 14:39:47,-35.3632622,149.1652375,0.003,0.023647688329219818,353,100,STABILIZE,False
2026-08-31 14:39:48,-35.3632622,149.1652375,0.003,0.02336534857749939,353,100,STABILIZE,False
2026-08-31 14:39:48,-35.3632622,149.1652375,0.003,0.023669900372624397,353,100,STABILIZE,False
2026-08-31 14:39:49,-35.3632622,149.1652375,0.003,0.023590587079524994,353,100,STABILIZE,False
2026-08-31 14:39:49,-35.3632622,149.1652375,0.003,0.023794637992978096,353,100,STABILIZE,False
2026-08-31 14:39:50,-35.3632622,149.1652375,0.003,0.02348090521991253,353,100,STABILIZE,False
2026-08-31 14:39:50,-35.3632622,149.1652375,0.003,0.023557201027870178,353,100,STABILIZE,False
2026-08-31 14:39:51,-35.3632622,149.1652375,0.003,0.023930637165904045,353,100,STABILIZE,False
2026-08-31 14:39:51,-35.3632622,149.1652375,0.003,0.023772824555635452,353,100,STABILIZE,False
2026-08-31 14:39:52,-35.3632622,149.1652375,0.003,0.023886142298579216,353,100,STABILIZE,False
2026-08-31 14:39:52,-35.3632622,149.1652375,0.003,0.02386653423309326,353,100,STABILIZE,False
2026-08-31 14:39:53,-35.3632622,149.1652375,0.003,0.023682348430156708,353,100,STABILIZE,False
2026-08-31 14:39:53,-35.3632622,149.1652375,0.003,0.023826569318771362,353,100,STABILIZE,False
2026-08-31 14:39:54,-35.3632622,149.1652375,0.003,0.02377050556242466,353,100,STABILIZE,False
2026-08-31 14:39:55,-35.3632622,149.1652375,0.003,0.023913947865366936,353,100,STABILIZE,False
2026-08-31 14:39:55,-35.3632622,149.1652375,0.003,0.023745201528072357,353,100,STABILIZE,False
2026-08-31 14:39:55,-35.3632622,149.1652375,0.003,0.02383391372859478,353,100,STABILIZE,False
2026-08-31 14:39:55,-35.3632622,149.1652375,0.003,0.023771513253450394,353,100,STABILIZE,False
2026-08-31 14:39:56,-35.3632622,149.1652375,0.003,0.024011895060539246,353,100,STABILIZE,False
2026-08-31 14:39:56,-35.3632622,149.1652375,0.003,0.023635100573301315,353,100,STABILIZE,False
2026-08-31 14:39:57,-35.3632622,149.1652375,0.003,0.02377082221210003,353,100,STABILIZE,False
2026-08-31 14:39:57,-35.3632622,149.1652375,0.003,0.023330949246883392,353,100,STABILIZE,False
2026-08-31 14:39:57,-35.3632622,149.1652375,0.003,0.02352793887257576,353,100,STABILIZE,False
2026-08-31 14:39:58,-35.3632622,149.1652375,0.003,0.023196086287498474,353,100,STABILIZE,False
2026-08-31 14:39:58,-35.3632622,149.1652375,0.003,0.023399677127599716,353,100,STABILIZE,False
2026-08-31 14:39:59,-35.3632622,149.1652375,0.003,0.023092472925782204,353,100,STABILIZE,False
2026-08-31 14:39:59,-35.3632622,149.1652375,0.003,0.02318406291306019,353,100,STABILIZE,False
2026-08-31 14:39:59,-35.3632622,149.1652375,0.003,0.023285385221242905,353,100,STABILIZE,False
2026-08-31 14:40:00,-35.3632622,149.1652375,0.003,0.023114658892154694,353,100,STABILIZE,False
2026-08-31 14:40:00,-35.3632622,149.1652375,0.003,0.023335648700594902,353,100,STABILIZE,False
2026-08-31 14:40:00,-35.3632622,149.1652375,0.003,0.023410847410559654,353,100,STABILIZE,False
2026-08-31 14:40:01,-35.3632622,149.1652375,0.003,0.02341027930378914,353,100,STABILIZE,False
2026-08-31 14:40:01,-35.3632622,149.1652375,0.003,0.023711713030934334,353,100,STABILIZE,False
2026-08-31 14:40:02,-35.3632622,149.1652375,0.003,0.023589881137013435,353,100,STABILIZE,False
2026-08-31 14:40:02,-35.3632622,149.1652375,0.003,0.023690927773714066,353,100,STABILIZE,False
2026-08-31 14:40:03,-35.3632622,149.1652375,0.003,0.02366248518228531,353,100,STABILIZE,False
2026-08-31 14:40:03,-35.3632622,149.1652375,0.003,0.023742355406284332,353,100,STABILIZE,False
2026-08-31 14:40:03,-35.3632622,149.1652375,0.003,0.02372131496667862,353,100,STABILIZE,False
2026-08-31 14:40:04,-35.3632622,149.1652375,0.003,0.023635607212781906,353,100,STABILIZE,False
2026-08-31 14:40:04,-35.3632622,149.1652375,0.003,0.023723209276795387,353,100,STABILIZE,False
2026-08-31 14:40:04,-35.3632622,149.1652375,0.003,0.023503493517637253,353,100,STABILIZE,False
2026-08-31 14:40:05,-35.3632622,149.1652375,0.003,0.023552218452095985,353,100,STABILIZE,False
2026-08-31 14:40:05,-35.3632622,149.1652375,0.003,0.023825474083423615,353,100,STABILIZE,False
2026-08-31 14:40:06,-35.3632622,149.1652375,0.003,0.02360452525317669,353,100,STABILIZE,False
2026-08-31 14:40:06,-35.3632622,149.1652375,0.003,0.023692872375249863,353,100,STABILIZE,False
2026-08-31 14:40:06,-35.3632622,149.1652375,0.003,0.023671336472034454,353,100,STABILIZE,False
2026-08-31 14:40:07,-35.3632622,149.1652375,0.003,0.02375446818768978,353,100,STABILIZE,False
2026-08-31 14:40:07,-35.3632622,149.1652375,0.003,0.02386675402522087,353,100,STABILIZE,False
2026-08-31 14:40:07,-35.3632622,149.1652375,0.003,0.023731393739581108,353,100,STABILIZE,False
2026-08-31 14:40:08,-35.3632622,149.1652375,0.003,0.0237440038472414,353,100,STABILIZE,False
2026-08-31 14:40:08,-35.3632622,149.1652375,0.003,0.023899614810943604,353,100,STABILIZE,False
2026-08-31 14:40:09,-35.3632622,149.1652375,0.003,0.02367708459496498,353,100,STABILIZE,False
2026-08-31 14:40:09,-35.3632622,149.1652375,0.003,0.02351120114326477,353,100,STABILIZE,False
2026-08-31 14:40:10,-35.3632622,149.1652375,0.003,0.0235179103910923,353,100,STABILIZE,False
2026-08-31 14:40:10,-35.3632622,149.1652375,0.003,0.023595688864588737,353,100,STABILIZE,False
2026-08-31 14:40:10,-35.3632622,149.1652375,0.003,0.023712173104286194,353,100,STABILIZE,False
2026-08-31 14:40:11,-35.3632622,149.1652375,0.003,0.023639341816306114,353,100,STABILIZE,False
2026-08-31 14:40:12,-35.3632622,149.1652375,0.003,0.024005481973290443,353,100,STABILIZE,False
2026-08-31 14:40:13,-35.3632622,149.1652375,0.003,0.023941893130540848,353,100,STABILIZE,False
2026-08-31 14:40:14,-35.3632622,149.1652375,0.003,0.02368047647178173,353,100,STABILIZE,False
2026-08-31 14:40:14,-35.3632622,149.1652375,0.003,0.023816818371415138,353,100,STABILIZE,False
2026-08-31 14:40:15,-35.3632622,149.1652375,0.003,0.02364376187324524,353,100,STABILIZE,False
2026-08-31 14:40:15,-35.3632622,149.1652375,0.003,0.023715592920780182,353,100,STABILIZE,False
2026-08-31 14:40:15,-35.3632622,149.1652375,0.003,0.023806026205420494,353,100,STABILIZE,False
2026-08-31 14:40:16,-35.3632622,149.1652375,0.003,0.02360188029706478,353,100,STABILIZE,False
2026-08-31 14:40:16,-35.3632622,149.1652375,0.003,0.02392716333270073,353,100,STABILIZE,False
2026-08-31 14:40:16,-35.3632622,149.1652375,0.003,0.023951053619384766,353,100,STABILIZE,False
2026-08-31 14:40:17,-35.3632622,149.1652375,0.003,0.02421775460243225,353,100,STABILIZE,False
2026-08-31 14:40:17,-35.3632622,149.1652375,0.003,0.02413131110370159,353,100,STABILIZE,False
2026-08-31 14:40:18,-35.3632622,149.1652375,0.003,0.02392919734120369,353,100,STABILIZE,False
2026-08-31 14:40:18,-35.3632622,149.1652375,0.003,0.024128470569849014,353,100,STABILIZE,False
2026-08-31 14:40:18,-35.3632622,149.1652375,0.003,0.02394033782184124,353,100,STABILIZE,False
2026-08-31 14:40:19,-35.3632622,149.1652375,0.003,0.023926960304379463,353,100,STABILIZE,False
2026-08-31 14:40:19,-35.3632622,149.1652375,0.003,0.024047458544373512,353,100,STABILIZE,False
2026-08-31 14:40:20,-35.3632622,149.1652375,0.003,0.023961912840604782,353,100,STABILIZE,False
2026-08-31 14:40:20,-35.3632622,149.1652375,0.003,0.02394731342792511,353,100,STABILIZE,False
2026-08-31 14:40:20,-35.3632622,149.1652375,0.003,0.023771941661834717,353,100,STABILIZE,False
2026-08-31 14:40:21,-35.3632622,149.1652375,0.003,0.023706724867224693,353,100,STABILIZE,False
2026-08-31 14:40:21,-35.3632622,149.1652375,0.003,0.023867281153798103,353,100,STABILIZE,False
2026-08-31 14:40:21,-35.3632622,149.1652375,0.003,0.023505799472332,353,100,STABILIZE,False
2026-08-31 14:40:22,-35.3632622,149.1652375,0.003,0.023430386558175087,353,100,STABILIZE,False
2026-08-31 14:40:22,-35.3632622,149.1652375,0.003,0.023576026782393456,353,100,STABILIZE,False
2026-08-31 14:40:23,-35.3632622,149.1652375,0.003,0.02353363297879696,353,100,STABILIZE,False
2026-08-31 14:40:23,-35.3632622,149.1652375,0.003,0.023823151364922523,353,100,STABILIZE,False
2026-08-31 14:40:23,-35.3632622,149.1652375,0.003,0.023801397532224655,353,100,STABILIZE,False
2026-08-31 14:40:24,-35.3632622,149.1652375,0.003,0.023658260703086853,353,100,STABILIZE,False
2026-08-31 14:40:24,-35.3632622,149.1652375,0.003,0.023684971034526825,353,100,STABILIZE,False
2026-08-31 14:40:25,-35.3632622,149.1652375,0.003,0.023793481290340424,353,100,STABILIZE,False
2026-08-31 14:40:25,-35.3632622,149.1652375,0.003,0.023793481290340424,353,100,STABILIZE,False
2026-08-31 14:40:25,-35.3632622,149.1652375,0.003,0.023768868297338486,353,100,STABILIZE,False
2026-08-31 14:40:26,-35.3632622,149.1652375,0.003,0.023815970867872238,353,100,STABILIZE,False
2026-08-31 14:40:26,-35.3632622,149.1652375,0.003,0.023810625076293945,353,100,STABILIZE,False
2026-08-31 14:40:26,-35.3632622,149.1652375,0.003,0.02385161817073822,353,100,STABILIZE,False
2026-08-31 14:40:27,-35.3632622,149.1652375,0.003,0.024172397330403328,353,100,STABILIZE,False
2026-08-31 14:40:27,-35.3632622,149.1652375,0.003,0.02401849813759327,353,100,STABILIZE,False
2026-08-31 14:40:28,-35.3632622,149.1652375,0.003,0.023991329595446587,353,100,STABILIZE,False
2026-08-31 14:40:28,-35.3632622,149.1652375,0.003,0.024200716987252235,353,100,STABILIZE,False
2026-08-31 14:40:28,-35.3632622,149.1652375,0.003,0.024096375331282616,353,100,STABILIZE,False
2026-08-31 14:40:29,-35.3632622,149.1652375,0.003,0.024061555042862892,353,100,STABILIZE,False
2026-08-31 14:40:29,-35.3632622,149.1652375,0.003,0.024141965433955193,353,100,STABILIZE,False
2026-08-31 14:40:29,-35.3632622,149.1652375,0.003,0.024063562974333763,353,100,STABILIZE,False
2026-08-31 14:40:30,-35.3632622,149.1652375,0.003,0.02413690648972988,353,100,STABILIZE,False
2026-08-31 14:40:30,-35.3632622,149.1652375,0.003,0.0241226926445961,353,100,STABILIZE,False
2026-08-31 14:40:31,-35.3632622,149.1652375,0.003,0.02390263043344021,353,100,STABILIZE,False
2026-08-31 14:40:31,-35.3632622,149.1652375,0.003,0.02418501488864422,353,100,STABILIZE,False
2026-08-31 14:40:31,-35.3632622,149.1652375,0.003,0.023884601891040802,353,100,STABILIZE,False
2026-08-31 14:40:32,-35.3632622,149.1652375,0.003,0.023849327117204666,353,100,STABILIZE,False
2026-08-31 14:40:32,-35.3632622,149.1652375,0.003,0.023810185492038727,353,100,STABILIZE,False
2026-08-31 14:40:33,-35.3632622,149.1652375,0.003,0.023631900548934937,353,100,STABILIZE,False
2026-08-31 14:40:33,-35.3632622,149.1652375,0.003,0.024000301957130432,353,100,STABILIZE,False
2026-08-31 14:40:33,-35.3632622,149.1652375,0.003,0.023985842242836952,353,100,STABILIZE,False
2026-08-31 14:40:34,-35.3632622,149.1652375,0.003,0.023790834471583366,353,100,STABILIZE,False
2026-08-31 14:40:34,-35.3632622,149.1652375,0.003,0.02406238205730915,353,100,STABILIZE,False
2026-08-31 14:40:35,-35.3632622,149.1652375,0.003,0.023885801434516907,353,100,STABILIZE,False
2026-08-31 14:40:35,-35.3632622,149.1652375,0.003,0.02395130693912506,353,100,STABILIZE,False
2026-08-31 14:40:35,-35.3632622,149.1652375,0.003,0.02420922927558422,353,100,STABILIZE,False
2026-08-31 14:40:36,-35.3632622,149.1652375,0.003,0.024003775790333748,353,100,STABILIZE,False
2026-08-31 14:40:36,-35.3632622,149.1652375,0.003,0.024173304438591003,353,100,STABILIZE,False
2026-08-31 14:40:37,-35.3632622,149.1652375,0.003,0.0240949634462595,353,100,STABILIZE,False
2026-08-31 14:40:37,-35.3632622,149.1652375,0.003,0.024106815457344055,353,100,STABILIZE,False
2026-08-31 14:40:37,-35.3632622,149.1652375,0.003,0.024006089195609093,353,100,STABILIZE,False
2026-08-31 14:40:38,-35.3632622,149.1652375,0.003,0.024062639102339745,353,100,STABILIZE,False
2026-08-31 14:40:38,-35.3632622,149.1652375,0.003,0.024237649515271187,353,100,STABILIZE,False
2026-08-31 14:40:38,-35.3632622,149.1652375,0.003,0.023975694552063942,353,100,STABILIZE,False
2026-08-31 14:40:39,-35.3632622,149.1652375,0.003,0.02386733517050743,353,100,STABILIZE,False
2026-08-31 14:40:39,-35.3632622,149.1652375,0.003,0.023964645341038704,353,100,STABILIZE,False
2026-08-31 14:40:40,-35.3632622,149.1652375,0.003,0.023826679214835167,353,100,STABILIZE,False
2026-08-31 14:40:40,-35.3632622,149.1652375,0.003,0.02406519465148449,353,100,STABILIZE,False
2026-08-31 14:40:40,-35.3632622,149.1652375,0.003,0.024148767814040184,353,100,STABILIZE,False
2026-08-31 14:40:41,-35.3632622,149.1652375,0.003,0.024037595838308334,353,100,STABILIZE,False
2026-08-31 14:40:41,-35.3632622,149.1652375,0.003,0.024058295413851738,353,100,STABILIZE,False
2026-08-31 14:40:41,-35.3632622,149.1652375,0.003,0.02392514981329441,353,100,STABILIZE,False
2026-08-31 14:40:42,-35.3632622,149.1652375,0.003,0.023979460820555687,353,100,STABILIZE,False
2026-08-31 14:40:42,-35.3632622,149.1652375,0.003,0.023992054164409637,353,100,STABILIZE,False
2026-08-31 14:40:43,-35.3632622,149.1652375,0.003,0.024019815027713776,353,100,STABILIZE,False
2026-08-31 14:40:43,-35.3632622,149.1652375,0.003,0.024348463863134384,353,100,STABILIZE,False
2026-08-31 14:40:43,-35.3632622,149.1652375,0.003,0.024378415197134018,353,100,STABILIZE,False
2026-08-31 14:40:44,-35.3632622,149.1652375,0.003,0.024133680388331413,353,100,STABILIZE,False
2026-08-31 14:40:44,-35.3632622,149.1652375,0.003,0.024242253974080086,353,100,STABILIZE,False
2026-08-31 14:40:44,-35.3632622,149.1652375,0.003,0.023997541517019272,353,100,STABILIZE,False
2026-08-31 14:40:45,-35.3632622,149.1652375,0.003,0.024154186248779297,353,100,STABILIZE,False
2026-08-31 14:40:45,-35.3632622,149.1652375,0.003,0.023959234356880188,353,100,STABILIZE,False
2026-08-31 14:40:46,-35.3632622,149.1652375,0.003,0.02394961565732956,353,100,STABILIZE,False
2026-08-31 14:40:46,-35.3632622,149.1652375,0.003,0.02372046373784542,353,100,STABILIZE,False
2026-08-31 14:40:47,-35.3632622,149.1652375,0.003,0.023685406893491745,353,100,STABILIZE,False
2026-08-31 14:40:47,-35.3632622,149.1652375,0.003,0.023873815312981606,353,100,STABILIZE,False
2026-08-31 14:40:47,-35.3632622,149.1652375,0.003,0.023705916479229927,353,100,STABILIZE,False
2026-08-31 14:40:48,-35.3632622,149.1652375,0.003,0.023596342653036118,353,100,STABILIZE,False
2026-08-31 14:40:48,-35.3632622,149.1652375,0.003,0.023735404014587402,353,100,STABILIZE,False
2026-08-31 14:40:48,-35.3632622,149.1652375,0.003,0.023564888164401054,353,100,STABILIZE,False
2026-08-31 14:40:49,-35.3632622,149.1652375,0.003,0.02366485446691513,353,100,STABILIZE,False
2026-08-31 14:40:49,-35.3632622,149.1652375,0.003,0.023992711678147316,353,100,STABILIZE,False
2026-08-31 14:40:50,-35.3632622,149.1652375,0.003,0.02388593927025795,353,100,STABILIZE,False
2026-08-31 14:40:50,-35.3632622,149.1652375,0.003,0.024039296433329582,353,100,STABILIZE,False
2026-08-31 14:40:50,-35.3632622,149.1652375,0.003,0.02399277128279209,353,100,STABILIZE,False
2026-08-31 14:40:51,-35.3632622,149.1652375,0.003,0.023957081139087677,353,100,STABILIZE,False
2026-08-31 14:40:51,-35.3632622,149.1652375,0.003,0.023981375619769096,353,100,STABILIZE,False
2026-08-31 14:40:51,-35.3632622,149.1652375,0.003,0.023493841290473938,353,100,STABILIZE,False
2026-08-31 14:40:52,-35.3632622,149.1652375,0.003,0.02368486486375332,353,100,STABILIZE,False
2026-08-31 14:40:52,-35.3632622,149.1652375,0.003,0.023792995139956474,353,100,STABILIZE,False
2026-08-31 14:40:53,-35.3632622,149.1652375,0.003,0.023775266483426094,353,100,STABILIZE,False
2026-08-31 14:40:53,-35.3632622,149.1652375,0.003,0.023946048691868782,353,100,STABILIZE,False
2026-08-31 14:40:53,-35.3632622,149.1652375,0.003,0.023850813508033752,353,100,STABILIZE,False
2026-08-31 14:40:53,-35.3632622,149.1652375,0.003,0.023850813508033752,353,100,STABILIZE,False
2026-08-31 14:40:54,-35.3632622,149.1652375,0.003,0.02387377619743347,353,100,STABILIZE,False
2026-08-31 14:40:54,-35.3632622,149.1652375,0.003,0.024043003097176552,353,100,STABILIZE,False
2026-08-31 14:40:55,-35.3632622,149.1652375,0.003,0.023716002702713013,353,100,STABILIZE,False
2026-08-31 14:40:55,-35.3632622,149.1652375,0.003,0.023855341598391533,353,100,STABILIZE,False
2026-08-31 14:40:55,-35.3632622,149.1652375,0.003,0.023589638993144035,353,100,STABILIZE,False
2026-08-31 14:40:56,-35.3632622,149.1652375,0.003,0.023790031671524048,353,100,STABILIZE,False
2026-08-31 14:40:56,-35.3632622,149.1652375,0.003,0.024182138964533806,353,100,STABILIZE,False
2026-08-31 14:40:57,-35.3632622,149.1652375,0.003,0.024096906185150146,353,100,STABILIZE,False
2026-08-31 14:40:57,-35.3632622,149.1652375,0.003,0.02410275861620903,353,100,STABILIZE,False
2026-08-31 14:40:57,-35.3632622,149.1652375,0.003,0.024091210216283798,353,100,STABILIZE,False
2026-08-31 14:40:58,-35.3632622,149.1652375,0.003,0.02394697442650795,353,100,STABILIZE,False
2026-08-31 14:40:58,-35.3632622,149.1652375,0.003,0.024222150444984436,353,100,STABILIZE,False
2026-08-31 14:40:58,-35.3632622,149.1652375,0.003,0.024100517854094505,353,100,STABILIZE,False
2026-08-31 14:40:59,-35.3632622,149.1652375,0.003,0.02409786731004715,353,100,STABILIZE,False
2026-08-31 14:40:59,-35.3632622,149.1652375,0.003,0.024186186492443085,354,100,STABILIZE,False
2026-08-31 14:41:00,-35.3632622,149.1652375,0.003,0.023995546624064445,354,100,STABILIZE,False
2026-08-31 14:41:00,-35.3632622,149.1652375,0.003,0.02407696098089218,354,100,STABILIZE,False
2026-08-31 14:41:00,-35.3632622,149.1652375,0.003,0.02399318479001522,354,100,STABILIZE,False
2026-08-31 14:41:01,-35.3632622,149.1652375,0.003,0.02380395494401455,354,100,STABILIZE,False
2026-08-31 14:41:01,-35.3632622,149.1652375,0.003,0.02394675277173519,354,100,STABILIZE,False
2026-08-31 14:41:02,-35.3632622,149.1652375,0.003,0.02357490547001362,354,100,STABILIZE,False
2026-08-31 14:41:02,-35.3632622,149.1652375,0.003,0.02383357286453247,354,100,STABILIZE,False
2026-08-31 14:41:02,-35.3632622,149.1652375,0.003,0.02356272004544735,354,100,STABILIZE,False
2026-08-31 14:41:03,-35.3632622,149.1652375,0.003,0.02364765852689743,354,100,STABILIZE,False
2026-08-31 14:41:03,-35.3632622,149.1652375,0.003,0.023555302992463112,354,100,STABILIZE,False
2026-08-31 14:41:04,-35.3632622,149.1652375,0.003,0.023450220003724098,354,100,STABILIZE,False
2026-08-31 14:41:04,-35.3632622,149.1652375,0.003,0.023680152371525764,354,100,STABILIZE,False
2026-08-31 14:41:04,-35.3632622,149.1652375,0.003,0.023721080273389816,354,100,STABILIZE,False
2026-08-31 14:41:05,-35.3632622,149.1652375,0.003,0.023477930575609207,354,100,STABILIZE,False
2026-08-31 14:41:05,-35.3632622,149.1652375,0.003,0.02361242100596428,354,100,STABILIZE,False
2026-08-31 14:41:05,-35.3632622,149.1652375,0.003,0.02337327040731907,354,100,STABILIZE,False
2026-08-31 14:41:06,-35.3632622,149.1652375,0.003,0.023407328873872757,354,100,STABILIZE,False
2026-08-31 14:41:06,-35.3632622,149.1652375,0.003,0.023595573380589485,354,100,STABILIZE,False
2026-08-31 14:41:07,-35.3632622,149.1652375,0.003,0.023325370624661446,354,100,STABILIZE,False
2026-08-31 14:41:07,-35.3632622,149.1652375,0.003,0.023445498198270798,354,100,STABILIZE,False
2026-08-31 14:41:07,-35.3632622,149.1652375,0.003,0.02361295185983181,354,100,STABILIZE,False
2026-08-31 14:41:08,-35.3632622,149.1652375,0.003,0.02334444969892502,354,100,STABILIZE,False
2026-08-31 14:41:08,-35.3632622,149.1652375,0.003,0.023322828114032745,354,100,STABILIZE,False
2026-08-31 14:41:08,-35.3632622,149.1652375,0.003,0.023546891286969185,354,100,STABILIZE,False
2026-08-31 14:41:09,-35.3632622,149.1652375,0.003,0.023448985069990158,354,100,STABILIZE,False
2026-08-31 14:41:09,-35.3632622,149.1652375,0.003,0.023694703355431557,354,100,STABILIZE,False
2026-08-31 14:41:10,-35.3632622,149.1652375,0.003,0.023555465042591095,354,100,STABILIZE,False
2026-08-31 14:41:10,-35.3632622,149.1652375,0.003,0.023498615249991417,354,100,STABILIZE,False
2026-08-31 14:41:10,-35.3632622,149.1652375,0.003,0.02385537512600422,354,100,STABILIZE,False
2026-08-31 14:41:11,-35.3632622,149.1652375,0.003,0.023826491087675095,354,100,STABILIZE,False
2026-08-31 14:41:11,-35.3632622,149.1652375,0.003,0.023875834420323372,354,100,STABILIZE,False
2026-08-31 14:41:12,-35.3632622,149.1652375,0.003,0.024012908339500427,354,100,STABILIZE,False
2026-08-31 14:41:12,-35.3632622,149.1652375,0.003,0.023852400481700897,354,100,STABILIZE,False
2026-08-31 14:41:12,-35.3632622,149.1652375,0.003,0.024201272055506706,354,100,STABILIZE,False
2026-08-31 14:41:13,-35.3632622,149.1652375,0.003,0.023929476737976074,354,100,STABILIZE,False
2026-08-31 14:41:13,-35.3632622,149.1652375,0.003,0.02384096011519432,354,100,STABILIZE,False
2026-08-31 14:41:14,-35.3632622,149.1652375,0.003,0.023926645517349243,354,100,STABILIZE,False
2026-08-31 14:41:14,-35.3632622,149.1652375,0.003,0.023854410275816917,354,100,STABILIZE,False
2026-08-31 14:41:14,-35.3632622,149.1652375,0.003,0.024097908288240433,354,100,STABILIZE,False
2026-08-31 14:41:15,-35.3632622,149.1652375,0.003,0.023934680968523026,354,100,STABILIZE,False
2026-08-31 14:41:15,-35.3632622,149.1652375,0.003,0.023925311863422394,354,100,STABILIZE,False
2026-08-31 14:41:16,-35.3632622,149.1652375,0.003,0.024020781740546227,354,100,STABILIZE,False
2026-08-31 14:41:16,-35.3632622,149.1652375,0.003,0.02376995049417019,354,100,STABILIZE,False
2026-08-31 14:41:16,-35.3632622,149.1652375,0.003,0.023765001446008682,354,100,STABILIZE,False
2026-08-31 14:41:17,-35.3632622,149.1652375,0.003,0.0235374104231596,354,100,STABILIZE,False
2026-08-31 14:41:17,-35.3632622,149.1652375,0.003,0.02354775182902813,354,100,STABILIZE,False
2026-08-31 14:41:17,-35.3632622,149.1652375,0.003,0.02368107996881008,354,100,STABILIZE,False
2026-08-31 14:41:18,-35.3632622,149.1652375,0.003,0.02360517717897892,354,100,STABILIZE,False
2026-08-31 14:41:18,-35.3632622,149.1652375,0.003,0.02360912784934044,354,100,STABILIZE,False
2026-08-31 14:41:18,-35.3632622,149.1652375,0.003,0.023707037791609764,354,100,STABILIZE,False
2026-08-31 14:41:19,-35.3632622,149.1652375,0.003,0.02367125265300274,354,100,STABILIZE,False
2026-08-31 14:41:19,-35.3632622,149.1652375,0.003,0.02384246326982975,354,100,STABILIZE,False
2026-08-31 14:41:20,-35.3632622,149.1652375,0.003,0.024011271074414253,354,100,STABILIZE,False
2026-08-31 14:41:20,-35.3632622,149.1652375,0.003,0.02389656752347946,354,100,STABILIZE,False
2026-08-31 14:41:20,-35.3632622,149.1652375,0.003,0.02404199168086052,354,100,STABILIZE,False
2026-08-31 14:41:21,-35.3632622,149.1652375,0.003,0.023988237604498863,354,100,STABILIZE,False
2026-08-31 14:41:21,-35.3632622,149.1652375,0.003,0.024020105600357056,354,100,STABILIZE,False
2026-08-31 14:41:22,-35.3632622,149.1652375,0.003,0.02440151572227478,354,100,STABILIZE,False
2026-08-31 14:41:22,-35.3632622,149.1652375,0.003,0.02431342750787735,354,100,STABILIZE,False
2026-08-31 14:41:22,-35.3632622,149.1652375,0.003,0.02447114884853363,354,100,STABILIZE,False
2026-08-31 14:41:23,-35.3632622,149.1652375,0.003,0.024479392915964127,354,100,STABILIZE,False
2026-08-31 14:41:23,-35.3632622,149.1652375,0.003,0.024253351613879204,354,100,STABILIZE,False
2026-08-31 14:41:23,-35.3632622,149.1652375,0.003,0.024347305297851562,354,100,STABILIZE,False
2026-08-31 14:41:24,-35.3632622,149.1652375,0.003,0.024141589179635048,354,100,STABILIZE,False
2026-08-31 14:41:24,-35.3632622,149.1652375,0.003,0.024237489327788353,354,100,STABILIZE,False
2026-08-31 14:41:25,-35.3632622,149.1652375,0.003,0.024228209629654884,354,100,STABILIZE,False
2026-08-31 14:41:25,-35.3632622,149.1652375,0.003,0.02402539551258087,354,100,STABILIZE,False
2026-08-31 14:41:25,-35.3632622,149.1652375,0.003,0.02426336705684662,354,100,STABILIZE,False
2026-08-31 14:41:26,-35.3632622,149.1652375,0.003,0.024251664057374,354,100,STABILIZE,False
2026-08-31 14:41:26,-35.3632622,149.1652375,0.003,0.024060236290097237,354,100,STABILIZE,False
2026-08-31 14:41:26,-35.3632622,149.1652375,0.003,0.024159546941518784,354,100,STABILIZE,False
2026-08-31 14:41:27,-35.3632622,149.1652375,0.003,0.023985804989933968,354,100,STABILIZE,False
2026-08-31 14:41:27,-35.3632622,149.1652375,0.003,0.023918768391013145,354,100,STABILIZE,False
2026-08-31 14:41:28,-35.3632622,149.1652375,0.003,0.02427290380001068,354,100,STABILIZE,False
2026-08-31 14:41:28,-35.3632622,149.1652375,0.003,0.02393132634460926,354,100,STABILIZE,False
2026-08-31 14:41:28,-35.3632622,149.1652375,0.003,0.024053113535046577,354,100,STABILIZE,False
2026-08-31 14:41:29,-35.3632622,149.1652375,0.003,0.02387322671711445,354,100,STABILIZE,False
2026-08-31 14:41:29,-35.3632622,149.1652375,0.003,0.023857446387410164,354,100,STABILIZE,False
2026-08-31 14:41:30,-35.3632622,149.1652375,0.003,0.024038180708885193,354,100,STABILIZE,False
2026-08-31 14:41:30,-35.3632622,149.1652375,0.003,0.023568710312247276,354,100,STABILIZE,False
2026-08-31 14:41:30,-35.3632622,149.1652375,0.003,0.023731160908937454,354,100,STABILIZE,False
2026-08-31 14:41:31,-35.3632622,149.1652375,0.003,0.023476222530007362,354,100,STABILIZE,False
2026-08-31 14:41:31,-35.3632622,149.1652375,0.003,0.023520691320300102,354,100,STABILIZE,False
2026-08-31 14:41:32,-35.3632622,149.1652375,0.003,0.023796871304512024,354,100,STABILIZE,False
2026-08-31 14:41:32,-35.3632622,149.1652375,0.003,0.023715201765298843,354,100,STABILIZE,False
2026-08-31 14:41:32,-35.3632622,149.1652375,0.003,0.023953041061758995,354,100,STABILIZE,False
2026-08-31 14:41:33,-35.3632622,149.1652375,0.003,0.02394343726336956,354,100,STABILIZE,False
2026-08-31 14:41:33,-35.3632622,149.1652375,0.003,0.023753978312015533,354,100,STABILIZE,False
2026-08-31 14:41:33,-35.3632622,149.1652375,0.003,0.023851577192544937,354,100,STABILIZE,False
2026-08-31 14:41:34,-35.3632622,149.1652375,0.003,0.023723818361759186,354,100,STABILIZE,False
2026-08-31 14:41:34,-35.3632622,149.1652375,0.003,0.02375904656946659,354,100,STABILIZE,False
2026-08-31 14:41:35,-35.3632622,149.1652375,0.003,0.023752057924866676,354,100,STABILIZE,False
2026-08-31 14:41:35,-35.3632622,149.1652375,0.003,0.023641685023903847,354,100,STABILIZE,False
2026-08-31 14:41:35,-35.3632622,149.1652375,0.003,0.023867394775152206,354,100,STABILIZE,False
2026-08-31 14:41:36,-35.3632622,149.1652375,0.003,0.023936918005347252,354,100,STABILIZE,False
2026-08-31 14:41:36,-35.3632622,149.1652375,0.003,0.02382921427488327,354,100,STABILIZE,False
2026-08-31 14:41:36,-35.3632622,149.1652375,0.003,0.0239816065877676,354,100,STABILIZE,False
2026-08-31 14:41:37,-35.3632622,149.1652375,0.003,0.023663990199565887,354,100,STABILIZE,False
2026-08-31 14:41:37,-35.3632622,149.1652375,0.003,0.023638706654310226,354,100,STABILIZE,False
2026-08-31 14:41:38,-35.3632622,149.1652375,0.003,0.02387148141860962,354,100,STABILIZE,False
2026-08-31 14:41:38,-35.3632622,149.1652375,0.003,0.02374514378607273,354,100,STABILIZE,False
2026-08-31 14:41:38,-35.3632622,149.1652375,0.003,0.024063454940915108,354,100,STABILIZE,False
2026-08-31 14:41:39,-35.3632622,149.1652375,0.003,0.024092987179756165,354,100,STABILIZE,False
2026-08-31 14:41:39,-35.3632622,149.1652375,0.003,0.024036958813667297,354,100,STABILIZE,False
2026-08-31 14:41:39,-35.3632622,149.1652375,0.003,0.02422397956252098,354,100,STABILIZE,False
2026-08-31 14:41:40,-35.3632622,149.1652375,0.003,0.02397030033171177,354,100,STABILIZE,False
2026-08-31 14:41:40,-35.3632622,149.1652375,0.003,0.024036526679992676,354,100,STABILIZE,False
2026-08-31 14:41:41,-35.3632622,149.1652375,0.003,0.024157298728823662,354,100,STABILIZE,False
2026-08-31 14:41:41,-35.3632622,149.1652375,0.003,0.023969626054167747,354,100,STABILIZE,False
2026-08-31 14:41:41,-35.3632622,149.1652375,0.003,0.024022702127695084,354,100,STABILIZE,False
2026-08-31 14:41:42,-35.3632622,149.1652375,0.003,0.023782826960086823,354,100,STABILIZE,False
2026-08-31 14:41:42,-35.3632622,149.1652375,0.003,0.023864304646849632,354,100,STABILIZE,False
2026-08-31 14:41:43,-35.3632622,149.1652375,0.003,0.02407793514430523,354,100,STABILIZE,False
2026-08-31 14:41:43,-35.3632622,149.1652375,0.003,0.023914070799946785,354,100,STABILIZE,False
2026-08-31 14:41:43,-35.3632622,149.1652375,0.003,0.024064654484391212,354,100,STABILIZE,False
2026-08-31 14:41:44,-35.3632622,149.1652375,0.003,0.023883748799562454,354,100,STABILIZE,False
2026-08-31 14:41:44,-35.3632622,149.1652375,0.003,0.02390427701175213,354,100,STABILIZE,False
2026-08-31 14:41:44,-35.3632622,149.1652375,0.003,0.0239085853099823,354,100,STABILIZE,False
2026-08-31 14:41:45,-35.3632622,149.1652375,0.003,0.02386827953159809,354,100,STABILIZE,False
2026-08-31 14:41:45,-35.3632622,149.1652375,0.003,0.024020550772547722,354,100,STABILIZE,False
2026-08-31 14:41:46,-35.3632622,149.1652375,0.003,0.02388136461377144,354,100,STABILIZE,False
2026-08-31 14:41:46,-35.3632622,149.1652375,0.003,0.02376585826277733,354,100,STABILIZE,False
2026-08-31 14:41:46,-35.3632622,149.1652375,0.003,0.023931579664349556,354,100,STABILIZE,False
2026-08-31 14:41:47,-35.3632622,149.1652375,0.003,0.02361741103231907,354,100,STABILIZE,False
2026-08-31 14:41:47,-35.3632622,149.1652375,0.003,0.023609774187207222,354,100,STABILIZE,False
2026-08-31 14:41:48,-35.3632622,149.1652375,0.003,0.023701364174485207,354,100,STABILIZE,False
2026-08-31 14:41:48,-35.3632622,149.1652375,0.003,0.02355610579252243,354,100,STABILIZE,False
2026-08-31 14:41:48,-35.3632622,149.1652375,0.003,0.023705899715423584,354,100,STABILIZE,False
2026-08-31 14:41:49,-35.3632622,149.1652375,0.003,0.02352251298725605,354,100,STABILIZE,False
2026-08-31 14:41:49,-35.3632622,149.1652375,0.003,0.023374740034341812,354,100,STABILIZE,False
2026-08-31 14:41:49,-35.3632622,149.1652375,0.003,0.0235462449491024,354,100,STABILIZE,False
2026-08-31 14:41:50,-35.3632622,149.1652375,0.003,0.023310163989663124,354,100,STABILIZE,False
2026-08-31 14:41:50,-35.3632622,149.1652375,0.003,0.02343331277370453,354,100,STABILIZE,False
2026-08-31 14:41:51,-35.3632622,149.1652375,0.003,0.023563573136925697,354,100,STABILIZE,False
2026-08-31 14:41:51,-35.3632622,149.1652375,0.003,0.02357136271893978,354,100,STABILIZE,False
2026-08-31 14:41:51,-35.3632622,149.1652375,0.003,0.024135401472449303,354,100,STABILIZE,False
2026-08-31 14:41:52,-35.3632622,149.1652375,0.003,0.02401815541088581,354,100,STABILIZE,False
2026-08-31 14:41:52,-35.3632622,149.1652375,0.003,0.024057256057858467,354,100,STABILIZE,False
2026-08-31 14:41:52,-35.3632622,149.1652375,0.003,0.024364927783608437,354,100,STABILIZE,False
2026-08-31 14:41:53,-35.3632622,149.1652375,0.003,0.02412622980773449,354,100,STABILIZE,False
2026-08-31 14:41:53,-35.3632622,149.1652375,0.003,0.02410787343978882,354,100,STABILIZE,False
2026-08-31 14:41:54,-35.3632622,149.1652375,0.003,0.024120140820741653,354,100,STABILIZE,False
2026-08-31 14:41:54,-35.3632622,149.1652375,0.003,0.023904811590909958,354,100,STABILIZE,False
2026-08-31 14:41:54,-35.3632622,149.1652375,0.003,0.02385672554373741,354,100,STABILIZE,False
2026-08-31 14:41:55,-35.3632622,149.1652375,0.003,0.023662781342864037,354,100,STABILIZE,False
2026-08-31 14:41:55,-35.3632622,149.1652375,0.003,0.02368449978530407,354,100,STABILIZE,False
2026-08-31 14:41:56,-35.3632622,149.1652375,0.003,0.0238418560475111,354,100,STABILIZE,False
2026-08-31 14:41:56,-35.3632622,149.1652375,0.003,0.02361905202269554,354,100,STABILIZE,False
2026-08-31 14:41:56,-35.3632622,149.1652375,0.003,0.02381225861608982,354,100,STABILIZE,False
2026-08-31 14:41:57,-35.3632622,149.1652375,0.003,0.02389596588909626,354,100,STABILIZE,False
2026-08-31 14:41:57,-35.3632622,149.1652375,0.003,0.023809492588043213,354,100,STABILIZE,False
2026-08-31 14:41:58,-35.3632622,149.1652375,0.003,0.023954041302204132,354,100,STABILIZE,False
2026-08-31 14:41:58,-35.3632622,149.1652375,0.003,0.023761514574289322,354,100,STABILIZE,False
2026-08-31 14:41:58,-35.3632622,149.1652375,0.003,0.023951096460223198,354,100,STABILIZE,False
2026-08-31 14:41:59,-35.3632622,149.1652375,0.003,0.023968836292624474,354,100,STABILIZE,False
2026-08-31 14:41:59,-35.3632622,149.1652375,0.003,0.02372623234987259,354,100,STABILIZE,False
2026-08-31 14:41:59,-35.3632622,149.1652375,0.003,0.023920617997646332,354,100,STABILIZE,False
2026-08-31 14:42:00,-35.3632622,149.1652375,0.003,0.023767903447151184,354,100,STABILIZE,False
2026-08-31 14:42:00,-35.3632622,149.1652375,0.003,0.023788101971149445,354,100,STABILIZE,False
2026-08-31 14:42:01,-35.3632622,149.1652375,0.003,0.023801617324352264,354,100,STABILIZE,False
2026-08-31 14:42:01,-35.3632622,149.1652375,0.003,0.023750949651002884,354,100,STABILIZE,False
2026-08-31 14:42:01,-35.3632622,149.1652375,0.003,0.02416917495429516,354,100,STABILIZE,False
2026-08-31 14:42:02,-35.3632622,149.1652375,0.003,0.024084949865937233,354,100,STABILIZE,False
2026-08-31 14:42:02,-35.3632622,149.1652375,0.003,0.023893412202596664,354,100,STABILIZE,False
2026-08-31 14:42:03,-35.3632622,149.1652375,0.003,0.024042678996920586,354,100,STABILIZE,False
2026-08-31 14:42:03,-35.3632622,149.1652375,0.003,0.02397170662879944,354,100,STABILIZE,False
2026-08-31 14:42:03,-35.3632622,149.1652375,0.003,0.02417098730802536,354,100,STABILIZE,False
2026-08-31 14:42:04,-35.3632622,149.1652375,0.003,0.02397194318473339,354,100,STABILIZE,False
2026-08-31 14:42:04,-35.3632622,149.1652375,0.003,0.024057410657405853,354,100,STABILIZE,False
2026-08-31 14:42:05,-35.3632622,149.1652375,0.003,0.024041416123509407,354,100,STABILIZE,False
2026-08-31 14:42:05,-35.3632622,149.1652375,0.003,0.023930151015520096,354,100,STABILIZE,False
2026-08-31 14:42:05,-35.3632622,149.1652375,0.003,0.024237534031271935,354,100,STABILIZE,False
2026-08-31 14:42:06,-35.3632622,149.1652375,0.003,0.024099186062812805,354,100,STABILIZE,False
2026-08-31 14:42:06,-35.3632622,149.1652375,0.003,0.024036111310124397,354,100,STABILIZE,False
2026-08-31 14:42:06,-35.3632622,149.1652375,0.003,0.02421172708272934,354,100,STABILIZE,False
2026-08-31 14:42:07,-35.3632622,149.1652375,0.003,0.02409476786851883,354,100,STABILIZE,False
2026-08-31 14:42:07,-35.3632622,149.1652375,0.003,0.024183807894587517,354,100,STABILIZE,False
2026-08-31 14:42:08,-35.3632622,149.1652375,0.003,0.02423691749572754,354,100,STABILIZE,False
2026-08-31 14:42:08,-35.3632622,149.1652375,0.003,0.024083904922008514,354,100,STABILIZE,False
2026-08-31 14:42:08,-35.3632622,149.1652375,0.003,0.024194184690713882,354,100,STABILIZE,False
2026-08-31 14:42:09,-35.3632622,149.1652375,0.003,0.024018660187721252,354,100,STABILIZE,False
2026-08-31 14:42:09,-35.3632622,149.1652375,0.003,0.023918896913528442,354,100,STABILIZE,False
2026-08-31 14:42:09,-35.3632622,149.1652375,0.003,0.023894185200333595,354,100,STABILIZE,False
2026-08-31 14:42:10,-35.3632622,149.1652375,0.003,0.023569736629724503,354,100,STABILIZE,False
2026-08-31 14:42:10,-35.3632622,149.1652375,0.003,0.02360677160322666,354,100,STABILIZE,False
2026-08-31 14:42:11,-35.3632622,149.1652375,0.003,0.023741217330098152,354,100,STABILIZE,False
2026-08-31 14:42:11,-35.3632622,149.1652375,0.003,0.02376808412373066,354,100,STABILIZE,False
2026-08-31 14:42:11,-35.3632622,149.1652375,0.003,0.024142784997820854,354,100,STABILIZE,False
2026-08-31 14:42:12,-35.3632622,149.1652375,0.003,0.024041641503572464,354,100,STABILIZE,False
2026-08-31 14:42:12,-35.3632622,149.1652375,0.003,0.024083945900201797,354,100,STABILIZE,False
2026-08-31 14:42:12,-35.3632622,149.1652375,0.003,0.02426459640264511,354,100,STABILIZE,False
2026-08-31 14:42:13,-35.3632622,149.1652375,0.003,0.024219809100031853,354,100,STABILIZE,False
2026-08-31 14:42:13,-35.3632622,149.1652375,0.003,0.024285729974508286,354,100,STABILIZE,False
2026-08-31 14:42:14,-35.3632622,149.1652375,0.003,0.024340268224477768,354,100,STABILIZE,False
2026-08-31 14:42:14,-35.3632622,149.1652375,0.003,0.02419651858508587,354,100,STABILIZE,False
2026-08-31 14:42:14,-35.3632622,149.1652375,0.003,0.024263601750135422,354,100,STABILIZE,False
2026-08-31 14:42:15,-35.3632622,149.1652375,0.003,0.024131515994668007,354,100,STABILIZE,False
2026-08-31 14:42:15,-35.3632622,149.1652375,0.003,0.02379162423312664,354,100,STABILIZE,False
2026-08-31 14:42:15,-35.3632622,149.1652375,0.003,0.02396964654326439,354,100,STABILIZE,False
2026-08-31 14:42:16,-35.3632622,149.1652375,0.003,0.02372513711452484,354,100,STABILIZE,False
2026-08-31 14:42:16,-35.3632622,149.1652375,0.003,0.023695645853877068,354,100,STABILIZE,False
2026-08-31 14:42:17,-35.3632622,149.1652375,0.003,0.023475823923945427,354,100,STABILIZE,False
2026-08-31 14:42:17,-35.3632622,149.1652375,0.003,0.023578329011797905,354,100,STABILIZE,False
2026-08-31 14:42:18,-35.3632622,149.1652375,0.003,0.023955684155225754,354,100,STABILIZE,False
2026-08-31 14:42:18,-35.3632622,149.1652375,0.003,0.02381974644958973,354,100,STABILIZE,False
2026-08-31 14:42:18,-35.3632622,149.1652375,0.003,0.02382001094520092,354,100,STABILIZE,False
2026-08-31 14:42:19,-35.3632622,149.1652375,0.003,0.02367222309112549,354,100,STABILIZE,False
2026-08-31 14:42:19,-35.3632622,149.1652375,0.003,0.023527078330516815,354,100,STABILIZE,False
2026-08-31 14:42:19,-35.3632622,149.1652375,0.003,0.023727817460894585,354,100,STABILIZE,False
2026-08-31 14:42:20,-35.3632622,149.1652375,0.003,0.023495908826589584,354,100,STABILIZE,False
2026-08-31 14:42:20,-35.3632622,149.1652375,0.003,0.02353135496377945,354,100,STABILIZE,False
2026-08-31 14:42:21,-35.3632622,149.1652375,0.003,0.023681845515966415,354,100,STABILIZE,False
2026-08-31 14:42:21,-35.3632622,149.1652375,0.003,0.02351374737918377,354,100,STABILIZE,False
2026-08-31 14:42:21,-35.3632622,149.1652375,0.003,0.02362535148859024,354,100,STABILIZE,False
2026-08-31 14:42:22,-35.3632622,149.1652375,0.003,0.023513689637184143,354,100,STABILIZE,False
2026-08-31 14:42:22,-35.3632622,149.1652375,0.003,0.02366609312593937,354,100,STABILIZE,False
2026-08-31 14:42:23,-35.3632622,149.1652375,0.003,0.023815995082259178,354,100,STABILIZE,False
2026-08-31 14:42:23,-35.3632622,149.1652375,0.003,0.023704769089818,354,100,STABILIZE,False
2026-08-31 14:42:23,-35.3632622,149.1652375,0.003,0.023719390854239464,354,100,STABILIZE,False
2026-08-31 14:42:24,-35.3632622,149.1652375,0.003,0.023584673181176186,354,100,STABILIZE,False
2026-08-31 14:42:24,-35.3632622,149.1652375,0.003,0.0235169418156147,354,100,STABILIZE,False
2026-08-31 14:42:25,-35.3632622,149.1652375,0.003,0.023616474121809006,354,100,STABILIZE,False
2026-08-31 14:42:25,-35.3632622,149.1652375,0.003,0.02343413420021534,354,100,STABILIZE,False
2026-08-31 14:42:25,-35.3632622,149.1652375,0.003,0.023514926433563232,354,100,STABILIZE,False
2026-08-31 14:42:26,-35.3632622,149.1652375,0.003,0.023605408146977425,354,100,STABILIZE,False
2026-08-31 14:42:26,-35.3632622,149.1652375,0.003,0.023306604474782944,354,100,STABILIZE,False
2026-08-31 14:42:26,-35.3632622,149.1652375,0.003,0.02350323088467121,354,100,STABILIZE,False
2026-08-31 14:42:27,-35.3632622,149.1652375,0.003,0.02322966232895851,354,100,STABILIZE,False
2026-08-31 14:42:27,-35.3632622,149.1652375,0.003,0.02333107590675354,354,100,STABILIZE,False
2026-08-31 14:42:28,-35.3632622,149.1652375,0.003,0.023553967475891113,354,100,STABILIZE,False
2026-08-31 14:42:28,-35.3632622,149.1652375,0.003,0.023500271141529083,354,100,STABILIZE,False
2026-08-31 14:42:28,-35.3632622,149.1652375,0.003,0.023736217990517616,354,100,STABILIZE,False
2026-08-31 14:42:29,-35.3632622,149.1652375,0.003,0.023690083995461464,354,100,STABILIZE,False
2026-08-31 14:42:29,-35.3632622,149.1652375,0.003,0.023596491664648056,354,100,STABILIZE,False
2026-08-31 14:42:30,-35.3632622,149.1652375,0.003,0.023855993524193764,354,100,STABILIZE,False
2026-08-31 14:42:30,-35.3632622,149.1652375,0.003,0.0237131267786026,354,100,STABILIZE,False
2026-08-31 14:42:30,-35.3632622,149.1652375,0.003,0.023747609928250313,354,100,STABILIZE,False
2026-08-31 14:42:31,-35.3632622,149.1652375,0.003,0.023533567786216736,354,100,STABILIZE,False
2026-08-31 14:42:31,-35.3632622,149.1652375,0.003,0.023640360683202744,354,100,STABILIZE,False
2026-08-31 14:42:31,-35.3632622,149.1652375,0.003,0.02379918284714222,354,100,STABILIZE,False
2026-08-31 14:42:32,-35.3632622,149.1652375,0.003,0.02364727109670639,354,100,STABILIZE,False
2026-08-31 14:42:32,-35.3632622,149.1652375,0.003,0.024095753207802773,354,100,STABILIZE,False
2026-08-31 14:42:33,-35.3632622,149.1652375,0.003,0.023912107571959496,354,100,STABILIZE,False
2026-08-31 14:42:33,-35.3632622,149.1652375,0.003,0.023972082883119583,354,100,STABILIZE,False
2026-08-31 14:42:33,-35.3632622,149.1652375,0.003,0.024202486500144005,354,100,STABILIZE,False
2026-08-31 14:42:34,-35.3632622,149.1652375,0.003,0.024197280406951904,354,100,STABILIZE,False
2026-08-31 14:42:34,-35.3632622,149.1652375,0.003,0.024218754842877388,354,100,STABILIZE,False
2026-08-31 14:42:35,-35.3632622,149.1652375,0.003,0.02411407046020031,354,100,STABILIZE,False
2026-08-31 14:42:35,-35.3632622,149.1652375,0.003,0.02387670986354351,354,100,STABILIZE,False
2026-08-31 14:42:35,-35.3632622,149.1652375,0.003,0.023810068145394325,354,100,STABILIZE,False
2026-08-31 14:42:36,-35.3632622,149.1652375,0.003,0.02367653325200081,354,100,STABILIZE,False
2026-08-31 14:42:36,-35.3632622,149.1652375,0.003,0.02350107952952385,354,100,STABILIZE,False
2026-08-31 14:42:36,-35.3632622,149.1652375,0.003,0.023740816861391068,354,100,STABILIZE,False
2026-08-31 14:42:37,-35.3632622,149.1652375,0.003,0.02352229319512844,354,100,STABILIZE,False
2026-08-31 14:42:37,-35.3632622,149.1652375,0.003,0.023511895909905434,354,100,STABILIZE,False
2026-08-31 14:42:38,-35.3632622,149.1652375,0.003,0.023641437292099,354,100,STABILIZE,False
2026-08-31 14:42:38,-35.3632622,149.1652375,0.003,0.023494737222790718,354,100,STABILIZE,False
2026-08-31 14:42:38,-35.3632622,149.1652375,0.003,0.02390209399163723,354,100,STABILIZE,False
2026-08-31 14:42:39,-35.3632622,149.1652375,0.003,0.023894639685750008,354,100,STABILIZE,False
2026-08-31 14:42:39,-35.3632622,149.1652375,0.003,0.02372289076447487,354,100,STABILIZE,False
2026-08-31 14:42:40,-35.3632622,149.1652375,0.003,0.023937642574310303,354,100,STABILIZE,False
2026-08-31 14:42:40,-35.3632622,149.1652375,0.003,0.023783475160598755,354,100,STABILIZE,False
2026-08-31 14:42:40,-35.3632622,149.1652375,0.003,0.023883763700723648,354,100,STABILIZE,False
2026-08-31 14:42:41,-35.3632622,149.1652375,0.003,0.023937692865729332,354,100,STABILIZE,False
2026-08-31 14:42:41,-35.3632622,149.1652375,0.003,0.023829899728298187,354,100,STABILIZE,False
2026-08-31 14:42:41,-35.3632622,149.1652375,0.003,0.024026960134506226,354,100,STABILIZE,False
2026-08-31 14:42:42,-35.3632622,149.1652375,0.003,0.02397671528160572,354,100,STABILIZE,False
2026-08-31 14:42:42,-35.3632622,149.1652375,0.003,0.023734696209430695,354,100,STABILIZE,False
2026-08-31 14:42:43,-35.3632622,149.1652375,0.003,0.023979414254426956,354,100,STABILIZE,False
2026-08-31 14:42:43,-35.3632622,149.1652375,0.003,0.023894211277365685,354,100,STABILIZE,False
2026-08-31 14:42:43,-35.3632622,149.1652375,0.003,0.023966696113348007,354,100,STABILIZE,False
2026-08-31 14:42:44,-35.3632622,149.1652375,0.003,0.023775670677423477,354,100,STABILIZE,False
2026-08-31 14:42:44,-35.3632622,149.1652375,0.003,0.023731006309390068,354,100,STABILIZE,False
2026-08-31 14:42:44,-35.3632622,149.1652375,0.003,0.02376183308660984,354,100,STABILIZE,False
2026-08-31 14:42:45,-35.3632622,149.1652375,0.003,0.02361309342086315,354,100,STABILIZE,False
2026-08-31 14:42:45,-35.3632622,149.1652375,0.003,0.02387077361345291,354,100,STABILIZE,False
2026-08-31 14:42:46,-35.3632622,149.1652375,0.003,0.02392664924263954,354,100,STABILIZE,False
2026-08-31 14:42:46,-35.3632622,149.1652375,0.003,0.023661192506551743,354,100,STABILIZE,False
2026-08-31 14:42:46,-35.3632622,149.1652375,0.003,0.02390271984040737,354,100,STABILIZE,False
2026-08-31 14:42:47,-35.3632622,149.1652375,0.003,0.02377643808722496,354,100,STABILIZE,False
2026-08-31 14:42:47,-35.3632622,149.1652375,0.003,0.023871872574090958,354,100,STABILIZE,False
2026-08-31 14:42:48,-35.3632622,149.1652375,0.003,0.023781729862093925,354,100,STABILIZE,False
2026-08-31 14:42:48,-35.3632622,149.1652375,0.003,0.023682938888669014,354,100,STABILIZE,False
2026-08-31 14:42:48,-35.3632622,149.1652375,0.003,0.023947859182953835,354,100,STABILIZE,False
2026-08-31 14:42:49,-35.3632622,149.1652375,0.003,0.023906853049993515,354,100,STABILIZE,False
2026-08-31 14:42:49,-35.3632622,149.1652375,0.003,0.02380676195025444,354,100,STABILIZE,False
2026-08-31 14:42:49,-35.3632622,149.1652375,0.003,0.023959362879395485,354,100,STABILIZE,False
2026-08-31 14:42:50,-35.3632622,149.1652375,0.003,0.023885848000645638,354,100,STABILIZE,False
2026-08-31 14:42:50,-35.3632622,149.1652375,0.003,0.02391887456178665,354,100,STABILIZE,False
2026-08-31 14:42:51,-35.3632622,149.1652375,0.003,0.024112356826663017,354,100,STABILIZE,False
2026-08-31 14:42:51,-35.3632622,149.1652375,0.003,0.023905074223876,354,100,STABILIZE,False
2026-08-31 14:42:51,-35.3632622,149.1652375,0.003,0.02390448749065399,354,100,STABILIZE,False
2026-08-31 14:42:52,-35.3632622,149.1652375,0.003,0.02379283681511879,354,100,STABILIZE,False
2026-08-31 14:42:52,-35.3632622,149.1652375,0.003,0.023709524422883987,354,100,STABILIZE,False
2026-08-31 14:42:53,-35.3632622,149.1652375,0.003,0.023941516876220703,354,100,STABILIZE,False
2026-08-31 14:42:53,-35.3632622,149.1652375,0.003,0.023850589990615845,354,100,STABILIZE,False
2026-08-31 14:42:53,-35.3632622,149.1652375,0.003,0.024058667942881584,354,100,STABILIZE,False
2026-08-31 14:42:54,-35.3632622,149.1652375,0.003,0.02380893938243389,354,100,STABILIZE,False
2026-08-31 14:42:54,-35.3632622,149.1652375,0.003,0.02384946495294571,354,100,STABILIZE,False
2026-08-31 14:42:54,-35.3632622,149.1652375,0.003,0.024197576567530632,354,100,STABILIZE,False
2026-08-31 14:42:55,-35.3632622,149.1652375,0.003,0.02403891272842884,354,100,STABILIZE,False
2026-08-31 14:42:55,-35.3632622,149.1652375,0.003,0.02412753365933895,354,100,STABILIZE,False
2026-08-31 14:42:56,-35.3632622,149.1652375,0.003,0.0240798220038414,354,100,STABILIZE,False
2026-08-31 14:42:56,-35.3632622,149.1652375,0.003,0.023835066705942154,354,100,STABILIZE,False
2026-08-31 14:42:56,-35.3632622,149.1652375,0.003,0.02395854890346527,354,100,STABILIZE,False
2026-08-31 14:42:57,-35.3632622,149.1652375,0.003,0.02367306500673294,354,100,STABILIZE,False
2026-08-31 14:42:57,-35.3632622,149.1652375,0.003,0.02365577220916748,354,100,STABILIZE,False
2026-08-31 14:42:58,-35.3632622,149.1652375,0.003,0.023706089705228806,354,100,STABILIZE,False
2026-08-31 14:42:58,-35.3632622,149.1652375,0.003,0.023647362366318703,354,100,STABILIZE,False
2026-08-31 14:42:58,-35.3632622,149.1652375,0.003,0.02391855977475643,354,100,STABILIZE,False
2026-08-31 14:42:59,-35.3632622,149.1652375,0.003,0.023984532803297043,354,100,STABILIZE,False
2026-08-31 14:42:59,-35.3632622,149.1652375,0.003,0.02374124340713024,354,100,STABILIZE,False
2026-08-31 14:43:00,-35.3632622,149.1652375,0.003,0.02395292930305004,354,100,STABILIZE,False
2026-08-31 14:43:00,-35.3632622,149.1652375,0.003,0.02380327321588993,354,100,STABILIZE,False
2026-08-31 14:43:00,-35.3632622,149.1652375,0.003,0.023745624348521233,354,100,STABILIZE,False
2026-08-31 14:43:01,-35.3632622,149.1652375,0.003,0.023743923753499985,354,100,STABILIZE,False
2026-08-31 14:43:01,-35.3632622,149.1652375,0.003,0.023608652874827385,354,100,STABILIZE,False
2026-08-31 14:43:01,-35.3632622,149.1652375,0.003,0.023803260177373886,354,100,STABILIZE,False
2026-08-31 14:43:02,-35.3632622,149.1652375,0.003,0.02377588488161564,354,100,STABILIZE,False
2026-08-31 14:43:02,-35.3632622,149.1652375,0.003,0.023912463337183,354,100,STABILIZE,False
2026-08-31 14:43:03,-35.3632622,149.1652375,0.003,0.0239573884755373,354,100,STABILIZE,False
2026-08-31 14:43:03,-35.3632622,149.1652375,0.003,0.023623019456863403,354,100,STABILIZE,False
2026-08-31 14:43:03,-35.3632622,149.1652375,0.003,0.023813994601368904,354,100,STABILIZE,False
2026-08-31 14:43:04,-35.3632622,149.1652375,0.003,0.023706160485744476,354,100,STABILIZE,False
2026-08-31 14:43:04,-35.3632622,149.1652375,0.003,0.02374923788011074,354,100,STABILIZE,False
2026-08-31 14:43:05,-35.3632622,149.1652375,0.003,0.023776760324835777,354,100,STABILIZE,False
2026-08-31 14:43:05,-35.3632622,149.1652375,0.003,0.023625342175364494,354,100,STABILIZE,False
2026-08-31 14:43:05,-35.3632622,149.1652375,0.003,0.023889657109975815,354,100,STABILIZE,False
2026-08-31 14:43:06,-35.3632622,149.1652375,0.003,0.023913396522402763,354,100,STABILIZE,False
2026-08-31 14:43:06,-35.3632622,149.1652375,0.003,0.023763982579112053,354,100,STABILIZE,False
2026-08-31 14:43:06,-35.3632622,149.1652375,0.003,0.02388537861406803,354,100,STABILIZE,False
2026-08-31 14:43:07,-35.3632622,149.1652375,0.003,0.02372797206044197,354,100,STABILIZE,False
2026-08-31 14:43:07,-35.3632622,149.1652375,0.003,0.023585235700011253,354,100,STABILIZE,False
2026-08-31 14:43:08,-35.3632622,149.1652375,0.003,0.023830784484744072,354,100,STABILIZE,False
2026-08-31 14:43:08,-35.3632622,149.1652375,0.003,0.023733679205179214,354,100,STABILIZE,False
2026-08-31 14:43:09,-35.3632622,149.1652375,0.003,0.02397092804312706,354,100,STABILIZE,False
2026-08-31 14:43:09,-35.3632622,149.1652375,0.003,0.023807423189282417,354,100,STABILIZE,False
2026-08-31 14:43:09,-35.3632622,149.1652375,0.003,0.023875020444393158,354,100,STABILIZE,False
2026-08-31 14:43:10,-35.3632622,149.1652375,0.003,0.02410653792321682,354,100,STABILIZE,False
2026-08-31 14:43:10,-35.3632622,149.1652375,0.003,0.023899681866168976,354,100,STABILIZE,False
2026-08-31 14:43:10,-35.3632622,149.1652375,0.003,0.02389676310122013,354,100,STABILIZE,False
2026-08-31 14:43:11,-35.3632622,149.1652375,0.003,0.02390434965491295,354,100,STABILIZE,False
2026-08-31 14:43:11,-35.3632622,149.1652375,0.003,0.024062687531113625,354,100,STABILIZE,False
2026-08-31 14:43:12,-35.3632622,149.1652375,0.003,0.024179106578230858,354,100,STABILIZE,False
2026-08-31 14:43:12,-35.3632622,149.1652375,0.003,0.023825161159038544,354,100,STABILIZE,False
2026-08-31 14:43:13,-35.3632622,149.1652375,0.003,0.024016590788960457,354,100,STABILIZE,False
2026-08-31 14:43:13,-35.3632622,149.1652375,0.003,0.023867037147283554,354,100,STABILIZE,False
2026-08-31 14:43:13,-35.3632622,149.1652375,0.003,0.023882970213890076,354,100,STABILIZE,False
2026-08-31 14:43:14,-35.3632622,149.1652375,0.003,0.024003397673368454,354,100,STABILIZE,False
2026-08-31 14:43:14,-35.3632622,149.1652375,0.003,0.02377895824611187,354,100,STABILIZE,False
2026-08-31 14:43:14,-35.3632622,149.1652375,0.003,0.02397538721561432,354,100,STABILIZE,False
2026-08-31 14:43:15,-35.3632622,149.1652375,0.003,0.02375127002596855,354,100,STABILIZE,False
2026-08-31 14:43:15,-35.3632622,149.1652375,0.003,0.02383430115878582,354,100,STABILIZE,False
2026-08-31 14:43:16,-35.3632622,149.1652375,0.003,0.024164637550711632,354,100,STABILIZE,False
2026-08-31 14:43:16,-35.3632622,149.1652375,0.003,0.024044232442975044,354,100,STABILIZE,False
2026-08-31 14:43:16,-35.3632622,149.1652375,0.003,0.024143652990460396,354,100,STABILIZE,False
2026-08-31 14:43:17,-35.3632622,149.1652375,0.003,0.024091040715575218,354,100,STABILIZE,False
2026-08-31 14:43:17,-35.3632622,149.1652375,0.003,0.023817377164959908,354,100,STABILIZE,False
2026-08-31 14:43:18,-35.3632622,149.1652375,0.003,0.023800360038876534,354,100,STABILIZE,False
2026-08-31 14:43:18,-35.3632622,149.1652375,0.003,0.02350364625453949,354,100,STABILIZE,False
2026-08-31 14:43:18,-35.3632622,149.1652375,0.003,0.023555025458335876,354,100,STABILIZE,False
2026-08-31 14:43:19,-35.3632622,149.1652375,0.003,0.023502063006162643,354,100,STABILIZE,False
2026-08-31 14:43:19,-35.3632622,149.1652375,0.003,0.023450002074241638,354,100,STABILIZE,False
2026-08-31 14:43:19,-35.3632622,149.1652375,0.003,0.02382616139948368,354,100,STABILIZE,False
2026-08-31 14:43:20,-35.3632622,149.1652375,0.003,0.02386527694761753,354,100,STABILIZE,False
2026-08-31 14:43:20,-35.3632622,149.1652375,0.003,0.02378602884709835,354,100,STABILIZE,False
2026-08-31 14:43:21,-35.3632622,149.1652375,0.003,0.023962533101439476,354,100,STABILIZE,False
2026-08-31 14:43:21,-35.3632622,149.1652375,0.003,0.02384994924068451,354,100,STABILIZE,False
2026-08-31 14:43:21,-35.3632622,149.1652375,0.003,0.023878667503595352,354,100,STABILIZE,False
2026-08-31 14:43:22,-35.3632622,149.1652375,0.003,0.023905297741293907,354,100,STABILIZE,False
2026-08-31 14:43:22,-35.3632622,149.1652375,0.003,0.023884057998657227,354,100,STABILIZE,False
2026-08-31 14:43:23,-35.3632622,149.1652375,0.003,0.02404887229204178,354,100,STABILIZE,False
2026-08-31 14:43:23,-35.3632622,149.1652375,0.003,0.023969704285264015,354,100,STABILIZE,False
2026-08-31 14:43:23,-35.3632622,149.1652375,0.003,0.024146873503923416,354,100,STABILIZE,False
2026-08-31 14:43:24,-35.3632622,149.1652375,0.003,0.0239357128739357,354,100,STABILIZE,False
2026-08-31 14:43:24,-35.3632622,149.1652375,0.003,0.023862656205892563,354,100,STABILIZE,False
2026-08-31 14:43:24,-35.3632622,149.1652375,0.004,0.024123478680849075,354,100,STABILIZE,False
2026-08-31 14:43:25,-35.3632622,149.1652375,0.004,0.024007746949791908,354,100,STABILIZE,False
2026-08-31 14:43:25,-35.3632622,149.1652375,0.004,0.02391710691154003,354,100,STABILIZE,False
2026-08-31 14:43:26,-35.3632622,149.1652375,0.003,0.023894399404525757,354,100,STABILIZE,False
2026-08-31 14:43:26,-35.3632622,149.1652375,0.003,0.02383504994213581,354,100,STABILIZE,False
2026-08-31 14:43:26,-35.3632622,149.1652375,0.003,0.023886797949671745,354,100,STABILIZE,False
2026-08-31 14:43:27,-35.3632622,149.1652375,0.003,0.023829977959394455,354,100,STABILIZE,False
2026-08-31 14:43:27,-35.3632622,149.1652375,0.003,0.023715021088719368,354,100,STABILIZE,False
2026-08-31 14:43:27,-35.3632622,149.1652375,0.003,0.023893192410469055,354,100,STABILIZE,False
2026-08-31 14:43:28,-35.3632622,149.1652375,0.003,0.023496588692069054,354,100,STABILIZE,False
2026-08-31 14:43:28,-35.3632622,149.1652375,0.003,0.023549925535917282,354,100,STABILIZE,False
2026-08-31 14:43:29,-35.3632622,149.1652375,0.003,0.023679431527853012,354,100,STABILIZE,False
2026-08-31 14:43:29,-35.3632622,149.1652375,0.003,0.023577651008963585,354,100,STABILIZE,False
2026-08-31 14:43:29,-35.3632622,149.1652375,0.003,0.023838575929403305,354,100,STABILIZE,False
2026-08-31 14:43:30,-35.3632622,149.1652375,0.003,0.023613035678863525,354,100,STABILIZE,False
2026-08-31 14:43:30,-35.3632622,149.1652375,0.003,0.02363481931388378,354,100,STABILIZE,False
2026-08-31 14:43:31,-35.3632622,149.1652375,0.003,0.02374240569770336,354,100,STABILIZE,False
2026-08-31 14:43:31,-35.3632622,149.1652375,0.003,0.023523546755313873,354,100,STABILIZE,False
2026-08-31 14:43:31,-35.3632622,149.1652375,0.003,0.023515205830335617,354,100,STABILIZE,False
2026-08-31 14:43:32,-35.3632622,149.1652375,0.003,0.023525714874267578,354,100,STABILIZE,False
2026-08-31 14:43:32,-35.3632622,149.1652375,0.003,0.02357528544962406,354,100,STABILIZE,False
2026-08-31 14:43:33,-35.3632622,149.1652375,0.003,0.023730428889393806,354,100,STABILIZE,False
2026-08-31 14:43:33,-35.3632622,149.1652375,0.003,0.02346034161746502,354,100,STABILIZE,False
2026-08-31 14:43:33,-35.3632622,149.1652375,0.003,0.023638587445020676,354,100,STABILIZE,False
2026-08-31 14:43:34,-35.3632622,149.1652375,0.003,0.02344834990799427,354,100,STABILIZE,False
2026-08-31 14:43:34,-35.3632622,149.1652375,0.003,0.02351701445877552,354,100,STABILIZE,False
2026-08-31 14:43:34,-35.3632622,149.1652375,0.003,0.023722458630800247,354,100,STABILIZE,False
2026-08-31 14:43:35,-35.3632622,149.1652375,0.003,0.02346736006438732,354,100,STABILIZE,False
2026-08-31 14:43:35,-35.3632622,149.1652375,0.003,0.023516139015555382,354,100,STABILIZE,False
2026-08-31 14:43:36,-35.3632622,149.1652375,0.003,0.023449094966053963,354,100,STABILIZE,False
2026-08-31 14:43:36,-35.3632622,149.1652375,0.003,0.023305824026465416,354,100,STABILIZE,False
2026-08-31 14:43:36,-35.3632622,149.1652375,0.003,0.023412901908159256,353,100,STABILIZE,False
2026-08-31 14:43:37,-35.3632622,149.1652375,0.003,0.02323533222079277,353,100,STABILIZE,False
2026-08-31 14:43:37,-35.3632622,149.1652375,0.003,0.022623535245656967,353,100,STABILIZE,False
2026-08-31 14:43:38,-35.3632622,149.1652375,0.003,0.022309178486466408,353,100,STABILIZE,False
2026-08-31 14:43:38,-35.3632622,149.1652375,0.003,0.021383795887231827,353,100,STABILIZE,False
2026-08-31 14:43:39,-35.3632622,149.1652375,0.003,0.020967891439795494,353,100,STABILIZE,False
2026-08-31 14:43:39,-35.3632622,149.1652375,0.003,0.019443465396761894,353,100,STABILIZE,False
2026-08-31 14:43:39,-35.3632622,149.1652375,0.003,0.018993712961673737,353,100,STABILIZE,False
2026-08-31 14:43:40,-35.3632622,149.1652375,0.003,0.01797364465892315,353,100,STABILIZE,False
2026-08-31 14:43:40,-35.3632622,149.1652375,0.003,0.017375295981764793,353,100,STABILIZE,False
2026-08-31 14:43:40,-35.3632622,149.1652375,0.003,0.01687081903219223,353,100,STABILIZE,False
2026-08-31 14:43:41,-35.3632622,149.1652375,0.003,0.016444511711597443,353,100,STABILIZE,False
2026-08-31 14:43:41,-35.3632622,149.1652375,0.003,0.014644257724285126,353,100,STABILIZE,False
2026-08-31 14:43:41,-35.3632622,149.1652375,0.003,0.014099335297942162,353,100,STABILIZE,False
2026-08-31 14:43:42,-35.3632622,149.1652375,0.003,0.012804980389773846,353,100,STABILIZE,False
2026-08-31 14:43:42,-35.3632622,149.1652375,0.003,0.012293584644794464,353,100,STABILIZE,False
2026-08-31 14:43:43,-35.3632622,149.1652375,0.003,0.011178083717823029,353,100,STABILIZE,False
2026-08-31 14:43:43,-35.3632622,149.1652375,0.003,0.010586108081042767,353,100,STABILIZE,False
2026-08-31 14:43:43,-35.3632622,149.1652375,0.003,0.009504005312919617,353,100,STABILIZE,False
2026-08-31 14:43:44,-35.3632622,149.1652375,0.003,0.009041034616529942,353,100,STABILIZE,False
2026-08-31 14:43:44,-35.3632622,149.1652375,0.003,0.008014875464141369,353,100,STABILIZE,False
2026-08-31 14:43:45,-35.3632622,149.1652375,0.003,0.007386918179690838,353,100,STABILIZE,False
2026-08-31 14:43:45,-35.3632622,149.1652375,0.003,0.006266099866479635,353,100,STABILIZE,False
2026-08-31 14:43:45,-35.3632622,149.1652375,0.003,0.0058882348239421844,353,100,STABILIZE,False
2026-08-31 14:43:46,-35.3632622,149.1652375,0.003,0.004757501184940338,353,100,STABILIZE,False
2026-08-31 14:43:46,-35.3632622,149.1652375,0.003,0.0042307693511247635,353,100,STABILIZE,False
2026-08-31 14:43:46,-35.3632622,149.1652375,0.003,0.003326445585116744,353,100,STABILIZE,False
2026-08-31 14:43:47,-35.3632622,149.1652375,0.003,0.002844939474016428,353,100,STABILIZE,False
2026-08-31 14:43:47,-35.3632622,149.1652375,0.003,0.0020073994528502226,353,100,STABILIZE,False
2026-08-31 14:43:48,-35.3632622,149.1652375,0.003,0.0016233335481956601,353,100,STABILIZE,False
2026-08-31 14:43:48,-35.3632622,149.1652375,0.003,0.000851428892929107,353,100,STABILIZE,False
2026-08-31 14:43:48,-35.3632622,149.1652375,0.003,0.0005437628133222461,353,100,STABILIZE,False
2026-08-31 14:43:49,-35.3632622,149.1652375,0.003,0.0006685988628305495,353,100,STABILIZE,False
2026-08-31 14:43:49,-35.3632622,149.1652375,0.003,0.0010101415682584047,353,100,STABILIZE,False
2026-08-31 14:43:49,-35.3632622,149.1652375,0.003,0.0015194719890132546,353,100,STABILIZE,False
2026-08-31 14:43:50,-35.3632621,149.1652374,0.003,0.0019751638174057007,353,100,STABILIZE,False
2026-08-31 14:43:50,-35.3632621,149.1652374,0.003,0.002738444833084941,353,100,STABILIZE,False
2026-08-31 14:43:51,-35.3632621,149.1652374,0.003,0.0030640587210655212,353,100,STABILIZE,False
2026-08-31 14:43:51,-35.3632621,149.1652374,0.003,0.003969697281718254,353,100,STABILIZE,False
2026-08-31 14:43:51,-35.3632621,149.1652374,0.004,0.004421366844326258,353,100,STABILIZE,False
2026-08-31 14:43:52,-35.3632621,149.1652374,0.004,0.0051341066136956215,353,100,STABILIZE,False
2026-08-31 14:43:52,-35.3632621,149.1652374,0.004,0.00549112306907773,353,100,STABILIZE,False
2026-08-31 14:43:53,-35.3632621,149.1652374,0.004,0.00602022185921669,353,100,STABILIZE,False
2026-08-31 14:43:53,-35.3632621,149.1652374,0.004,0.006162484176456928,353,100,STABILIZE,False
2026-08-31 14:43:54,-35.3632621,149.1652374,0.003,0.006987390108406544,353,100,STABILIZE,False
2026-08-31 14:43:54,-35.3632621,149.1652374,0.003,0.007347456645220518,353,100,STABILIZE,False
2026-08-31 14:43:54,-35.3632621,149.1652374,0.003,0.007926558144390583,353,100,STABILIZE,False
2026-08-31 14:43:55,-35.3632621,149.1652374,0.003,0.008257769979536533,353,100,STABILIZE,False
2026-08-31 14:43:55,-35.3632621,149.1652374,0.003,0.008781656622886658,353,100,STABILIZE,False
2026-08-31 14:43:55,-35.3632621,149.1652374,0.003,0.0091351717710495,353,100,STABILIZE,False
2026-08-31 14:43:56,-35.3632621,149.1652374,0.003,0.009588491171598434,353,100,STABILIZE,False
2026-08-31 14:43:56,-35.3632621,149.1652374,0.003,0.009739957749843597,353,100,STABILIZE,False
2026-08-31 14:43:56,-35.3632621,149.1652374,0.003,0.010252855718135834,353,100,STABILIZE,False
2026-08-31 14:43:57,-35.3632621,149.1652374,0.003,0.01044047623872757,353,100,STABILIZE,False
2026-08-31 14:43:57,-35.3632621,149.1652374,0.003,0.010927699506282806,353,100,STABILIZE,False
2026-08-31 14:43:58,-35.3632621,149.1652374,0.003,0.011307218112051487,353,100,STABILIZE,False
2026-08-31 14:43:58,-35.3632621,149.1652374,0.003,0.011687172576785088,353,100,STABILIZE,False
2026-08-31 14:43:58,-35.3632621,149.1652374,0.003,0.011961876414716244,353,100,STABILIZE,False
2026-08-31 14:43:59,-35.3632621,149.1652374,0.003,0.012474213726818562,353,100,STABILIZE,False
2026-08-31 14:43:59,-35.3632621,149.1652374,0.003,0.012598376721143723,353,100,STABILIZE,False
2026-08-31 14:44:00,-35.3632621,149.1652374,0.003,0.012920665554702282,353,100,STABILIZE,False
2026-08-31 14:44:00,-35.3632621,149.1652374,0.003,0.013164158910512924,353,100,STABILIZE,False
2026-08-31 14:44:00,-35.3632621,149.1652374,0.003,0.013752361759543419,353,100,STABILIZE,False
2026-08-31 14:44:01,-35.3632621,149.1652374,0.003,0.013954993337392807,353,100,STABILIZE,False
2026-08-31 14:44:01,-35.3632621,149.1652374,0.003,0.014301185496151447,353,100,STABILIZE,False
2026-08-31 14:44:01,-35.3632621,149.1652374,0.003,0.014619861729443073,353,100,STABILIZE,False
2026-08-31 14:44:02,-35.3632621,149.1652374,0.003,0.014863737858831882,353,100,STABILIZE,False
2026-08-31 14:44:02,-35.3632621,149.1652374,0.003,0.015113051049411297,353,100,STABILIZE,False
2026-08-31 14:44:03,-35.3632621,149.1652374,0.003,0.015440782532095909,353,100,STABILIZE,False
2026-08-31 14:44:03,-35.3632621,149.1652373,0.003,0.015507145784795284,353,100,STABILIZE,False
2026-08-31 14:44:03,-35.3632621,149.1652373,0.003,0.015978729352355003,353,100,STABILIZE,False
2026-08-31 14:44:04,-35.3632621,149.1652373,0.003,0.016184238716959953,353,100,STABILIZE,False
2026-08-31 14:44:04,-35.3632621,149.1652373,0.003,0.016360042616724968,353,100,STABILIZE,False
2026-08-31 14:44:05,-35.3632621,149.1652373,0.003,0.016507990658283234,353,100,STABILIZE,False
2026-08-31 14:44:05,-35.3632621,149.1652373,0.003,0.016373762860894203,353,100,STABILIZE,False
2026-08-31 14:44:05,-35.3632621,149.1652373,0.003,0.016360286623239517,353,100,STABILIZE,False
2026-08-31 14:44:06,-35.3632621,149.1652373,0.003,0.016574721783399582,353,100,STABILIZE,False
2026-08-31 14:44:06,-35.3632621,149.1652373,0.003,0.016590770334005356,353,100,STABILIZE,False
2026-08-31 14:44:06,-35.3632621,149.1652373,0.003,0.01687372848391533,353,100,STABILIZE,False
2026-08-31 14:44:07,-35.3632621,149.1652373,0.003,0.016916049644351006,353,100,STABILIZE,False
2026-08-31 14:44:07,-35.3632621,149.1652373,0.003,0.016908111050724983,353,100,STABILIZE,False
2026-08-31 14:44:08,-35.3632621,149.1652373,0.003,0.01718164049088955,353,100,STABILIZE,False
2026-08-31 14:44:08,-35.3632621,149.1652373,0.003,0.017303738743066788,353,100,STABILIZE,False
2026-08-31 14:44:09,-35.3632621,149.1652373,0.003,0.01751421019434929,353,100,STABILIZE,False
2026-08-31 14:44:09,-35.3632621,149.1652373,0.003,0.017479361966252327,353,100,STABILIZE,False
2026-08-31 14:44:09,-35.3632621,149.1652373,0.003,0.017479361966252327,353,100,STABILIZE,False
2026-08-31 14:44:09,-35.3632621,149.1652373,0.003,0.017817139625549316,353,100,STABILIZE,False
2026-08-31 14:44:10,-35.3632621,149.1652373,0.003,0.0178174190223217,353,100,STABILIZE,False
2026-08-31 14:44:10,-35.3632621,149.1652373,0.003,0.018026459962129593,353,100,STABILIZE,False
2026-08-31 14:44:11,-35.3632621,149.1652373,0.003,0.018260320648550987,353,100,STABILIZE,False
2026-08-31 14:44:11,-35.3632621,149.1652373,0.003,0.01833246275782585,353,100,STABILIZE,False
2026-08-31 14:44:11,-35.3632621,149.1652373,0.003,0.01856519840657711,353,100,STABILIZE,False
2026-08-31 14:44:12,-35.3632621,149.1652373,0.003,0.018727894872426987,353,100,STABILIZE,False
2026-08-31 14:44:12,-35.3632621,149.1652373,0.003,0.018812434747815132,353,100,STABILIZE,False
2026-08-31 14:44:13,-35.3632621,149.1652373,0.003,0.019069824367761612,353,100,STABILIZE,False
2026-08-31 14:44:13,-35.3632621,149.1652373,0.003,0.01917281560599804,353,100,STABILIZE,False
2026-08-31 14:44:13,-35.3632621,149.1652373,0.003,0.019370604306459427,353,100,STABILIZE,False
2026-08-31 14:44:14,-35.3632621,149.1652373,0.003,0.01932721771299839,353,100,STABILIZE,False
2026-08-31 14:44:14,-35.3632621,149.1652373,0.003,0.01960166171193123,353,100,STABILIZE,False
2026-08-31 14:44:15,-35.3632621,149.1652373,0.003,0.019709352403879166,353,100,STABILIZE,False
2026-08-31 14:44:15,-35.3632621,149.1652373,0.003,0.01972106844186783,353,100,STABILIZE,False
2026-08-31 14:44:15,-35.3632621,149.1652373,0.003,0.019923150539398193,353,100,STABILIZE,False
2026-08-31 14:44:16,-35.3632621,149.1652373,0.003,0.02010701224207878,353,100,STABILIZE,False
2026-08-31 14:44:16,-35.3632621,149.1652373,0.003,0.020210040733218193,353,100,STABILIZE,False
2026-08-31 14:44:17,-35.3632621,149.1652373,0.003,0.020612193271517754,353,100,STABILIZE,False
2026-08-31 14:44:17,-35.3632621,149.1652373,0.003,0.02050965093076229,353,100,STABILIZE,False
2026-08-31 14:44:17,-35.3632621,149.1652373,0.003,0.02063627541065216,353,100,STABILIZE,False
2026-08-31 14:44:18,-35.3632621,149.1652373,0.003,0.02060289867222309,353,100,STABILIZE,False
2026-08-31 14:44:18,-35.3632621,149.1652373,0.003,0.020802177488803864,353,100,STABILIZE,False
2026-08-31 14:44:19,-35.3632621,149.1652373,0.003,0.020968018099665642,353,100,STABILIZE,False
2026-08-31 14:44:19,-35.3632621,149.1652373,0.003,0.020938096567988396,353,100,STABILIZE,False
2026-08-31 14:44:19,-35.3632621,149.1652373,0.003,0.020919080823659897,353,100,STABILIZE,False
2026-08-31 14:44:20,-35.3632621,149.1652373,0.003,0.02109779231250286,353,100,STABILIZE,False
2026-08-31 14:44:20,-35.3632621,149.1652373,0.003,0.02086123637855053,353,100,STABILIZE,False
2026-08-31 14:44:20,-35.3632621,149.1652373,0.003,0.021195678040385246,353,100,STABILIZE,False
2026-08-31 14:44:21,-35.3632621,149.1652373,0.003,0.021123070269823074,353,100,STABILIZE,False
2026-08-31 14:44:21,-35.3632621,149.1652373,0.003,0.021110551431775093,353,100,STABILIZE,False
2026-08-31 14:44:22,-35.3632621,149.1652373,0.003,0.02128632739186287,353,100,STABILIZE,False
2026-08-31 14:44:22,-35.3632621,149.1652373,0.003,0.021533604711294174,353,100,STABILIZE,False
2026-08-31 14:44:23,-35.3632621,149.1652373,0.003,0.021741898730397224,353,100,STABILIZE,False
2026-08-31 14:44:23,-35.3632621,149.1652373,0.003,0.021683624014258385,353,100,STABILIZE,False
2026-08-31 14:44:23,-35.3632621,149.1652373,0.003,0.021717749536037445,353,100,STABILIZE,False
2026-08-31 14:44:24,-35.3632621,149.1652373,0.003,0.021896174177527428,353,100,STABILIZE,False
2026-08-31 14:44:24,-35.3632621,149.1652373,0.003,0.021859431639313698,353,100,STABILIZE,False
2026-08-31 14:44:24,-35.3632621,149.1652373,0.003,0.022146819159388542,353,100,STABILIZE,False
2026-08-31 14:44:25,-35.3632621,149.1652373,0.003,0.022222599014639854,353,100,STABILIZE,False
2026-08-31 14:44:25,-35.3632621,149.1652373,0.003,0.022202948108315468,353,100,STABILIZE,False
2026-08-31 14:44:25,-35.3632621,149.1652373,0.003,0.022466760128736496,353,100,STABILIZE,False
2026-08-31 14:44:26,-35.3632621,149.1652373,0.003,0.022196471691131592,353,100,STABILIZE,False
2026-08-31 14:44:26,-35.3632621,149.1652373,0.003,0.022072093561291695,353,100,STABILIZE,False
2026-08-31 14:44:27,-35.3632621,149.1652373,0.003,0.022156761959195137,353,100,STABILIZE,False
2026-08-31 14:44:27,-35.3632621,149.1652373,0.003,0.02212209440767765,353,100,STABILIZE,False
2026-08-31 14:44:27,-35.3632621,149.1652373,0.003,0.022409167140722275,353,100,STABILIZE,False
2026-08-31 14:44:28,-35.3632621,149.1652373,0.003,0.022407645359635353,353,100,STABILIZE,False
2026-08-31 14:44:28,-35.3632621,149.1652373,0.003,0.02235686033964157,353,100,STABILIZE,False
2026-08-31 14:44:29,-35.3632621,149.1652373,0.003,0.02240345999598503,353,100,STABILIZE,False
2026-08-31 14:44:29,-35.3632621,149.1652373,0.003,0.02233743667602539,353,100,STABILIZE,False
2026-08-31 14:44:29,-35.3632621,149.1652373,0.004,0.02241729386150837,353,100,STABILIZE,False
2026-08-31 14:44:30,-35.3632621,149.1652373,0.004,0.022521551698446274,353,100,STABILIZE,False
2026-08-31 14:44:30,-35.3632621,149.1652373,0.004,0.02237655036151409,353,100,STABILIZE,False
2026-08-31 14:44:31,-35.3632621,149.1652373,0.004,0.022572346031665802,353,100,STABILIZE,False
2026-08-31 14:44:31,-35.3632621,149.1652373,0.004,0.02254442125558853,353,100,STABILIZE,False
2026-08-31 14:44:31,-35.3632621,149.1652373,0.004,0.022635698318481445,353,100,STABILIZE,False
2026-08-31 14:44:32,-35.3632621,149.1652373,0.004,0.022792303934693336,353,100,STABILIZE,False
2026-08-31 14:44:32,-35.3632621,149.1652373,0.004,0.0225666631013155,353,100,STABILIZE,False
2026-08-31 14:44:32,-35.3632621,149.1652373,0.004,0.022814150899648666,353,100,STABILIZE,False
2026-08-31 14:44:33,-35.3632621,149.1652373,0.004,0.022786211222410202,353,100,STABILIZE,False
2026-08-31 14:44:33,-35.3632621,149.1652373,0.004,0.02290077693760395,353,100,STABILIZE,False
2026-08-31 14:44:34,-35.3632621,149.1652373,0.004,0.02284294180572033,353,100,STABILIZE,False
2026-08-31 14:44:34,-35.3632621,149.1652373,0.004,0.0226852148771286,353,100,STABILIZE,False
2026-08-31 14:44:34,-35.3632621,149.1652373,0.004,0.02285483479499817,353,100,STABILIZE,False
2026-08-31 14:44:35,-35.3632621,149.1652373,0.003,0.022948026657104492,353,100,STABILIZE,False
2026-08-31 14:44:35,-35.3632621,149.1652373,0.003,0.02259819023311138,352,100,STABILIZE,False
2026-08-31 14:44:35,-35.3632621,149.1652373,0.003,0.022818591445684433,352,100,STABILIZE,False
2026-08-31 14:44:36,-35.3632621,149.1652373,0.003,0.022751038894057274,352,100,STABILIZE,False
2026-08-31 14:44:36,-35.3632621,149.1652373,0.003,0.022762484848499298,352,100,STABILIZE,False
2026-08-31 14:44:37,-35.3632621,149.1652373,0.003,0.022911312058568,352,100,STABILIZE,False
2026-08-31 14:44:37,-35.3632621,149.1652373,0.003,0.02283525839447975,352,100,STABILIZE,False
2026-08-31 14:44:37,-35.3632621,149.1652373,0.003,0.023090677335858345,352,100,STABILIZE,False
2026-08-31 14:44:38,-35.3632621,149.1652373,0.003,0.023040631785988808,352,100,STABILIZE,False
2026-08-31 14:44:38,-35.363262,149.1652373,0.003,0.02305551990866661,352,100,STABILIZE,False
2026-08-31 14:44:39,-35.3632621,149.1652373,0.003,0.02324557490646839,352,100,STABILIZE,False
2026-08-31 14:44:39,-35.363262,149.1652373,0.003,0.023101022467017174,352,100,STABILIZE,False
2026-08-31 14:44:39,-35.363262,149.1652373,0.003,0.023154526948928833,352,100,STABILIZE,False
2026-08-31 14:44:40,-35.3632621,149.1652373,0.003,0.023210354149341583,352,100,STABILIZE,False
2026-08-31 14:44:40,-35.363262,149.1652373,0.003,0.023010168224573135,352,100,STABILIZE,False
2026-08-31 14:44:40,-35.363262,149.1652373,0.003,0.023225417360663414,352,100,STABILIZE,False
2026-08-31 14:44:41,-35.3632621,149.1652373,0.003,0.023230567574501038,352,100,STABILIZE,False
2026-08-31 14:44:41,-35.3632621,149.1652373,0.003,0.022980868816375732,352,100,STABILIZE,False
2026-08-31 14:44:42,-35.3632621,149.1652373,0.003,0.023114269599318504,352,100,STABILIZE,False
2026-08-31 14:44:42,-35.363262,149.1652373,0.003,0.02312023937702179,352,100,STABILIZE,False
2026-08-31 14:44:43,-35.3632621,149.1652373,0.003,0.023279931396245956,352,100,STABILIZE,False
2026-08-31 14:44:43,-35.363262,149.1652373,0.003,0.023180438205599785,352,100,STABILIZE,False
2026-08-31 14:44:43,-35.363262,149.1652373,0.003,0.02351168915629387,352,100,STABILIZE,False
2026-08-31 14:44:44,-35.363262,149.1652373,0.003,0.02366931177675724,352,100,STABILIZE,False
2026-08-31 14:44:44,-35.363262,149.1652373,0.003,0.023523319512605667,352,100,STABILIZE,False
2026-08-31 14:44:44,-35.363262,149.1652373,0.003,0.023649711161851883,352,100,STABILIZE,False
2026-08-31 14:44:45,-35.363262,149.1652373,0.003,0.023690709844231606,352,100,STABILIZE,False
2026-08-31 14:44:45,-35.363262,149.1652373,0.003,0.0236368291079998,352,100,STABILIZE,False
2026-08-31 14:44:46,-35.363262,149.1652373,0.003,0.023719167336821556,352,100,STABILIZE,False
2026-08-31 14:44:46,-35.363262,149.1652373,0.003,0.02350764162838459,352,100,STABILIZE,False
2026-08-31 14:44:47,-35.363262,149.1652373,0.003,0.023599784821271896,352,100,STABILIZE,False
2026-08-31 14:44:47,-35.3632621,149.1652373,0.003,0.02375817485153675,352,100,STABILIZE,False
2026-08-31 14:44:47,-35.363262,149.1652373,0.003,0.023462193086743355,352,100,STABILIZE,False
2026-08-31 14:44:48,-35.363262,149.1652373,0.003,0.02364642731845379,352,100,STABILIZE,False
2026-08-31 14:44:48,-35.363262,149.1652373,0.003,0.023658042773604393,352,100,STABILIZE,False
2026-08-31 14:44:49,-35.363262,149.1652373,0.003,0.023994294926524162,352,100,STABILIZE,False
2026-08-31 14:44:49,-35.3632621,149.1652373,0.003,0.023907281458377838,352,100,STABILIZE,False
2026-08-31 14:44:49,-35.363262,149.1652373,0.003,0.023671869188547134,352,100,STABILIZE,False
2026-08-31 14:44:50,-35.363262,149.1652373,0.003,0.023931706324219704,352,100,STABILIZE,False
2026-08-31 14:44:50,-35.363262,149.1652373,0.003,0.023765316233038902,352,100,STABILIZE,False
2026-08-31 14:44:51,-35.363262,149.1652373,0.003,0.023658830672502518,352,100,STABILIZE,False
2026-08-31 14:44:51,-35.363262,149.1652373,0.003,0.02357572130858898,352,100,STABILIZE,False
2026-08-31 14:44:51,-35.363262,149.1652373,0.003,0.023274827748537064,352,100,STABILIZE,False
2026-08-31 14:44:52,-35.3632621,149.1652373,0.003,0.022988883778452873,352,100,STABILIZE,False
2026-08-31 14:44:52,-35.363262,149.1652373,0.003,0.022821879014372826,352,100,STABILIZE,False
2026-08-31 14:44:53,-35.3632621,149.1652373,0.003,0.02312670834362507,352,100,STABILIZE,False
2026-08-31 14:44:53,-35.363262,149.1652373,0.003,0.02298622392117977,352,100,STABILIZE,False
2026-08-31 14:44:53,-35.363262,149.1652373,0.003,0.023122310638427734,352,100,STABILIZE,False
2026-08-31 14:44:54,-35.363262,149.1652373,0.003,0.023241309449076653,352,100,STABILIZE,False
2026-08-31 14:44:54,-35.363262,149.1652373,0.003,0.023275546729564667,352,100,STABILIZE,False
2026-08-31 14:44:55,-35.3632621,149.1652373,0.003,0.02344389632344246,352,100,STABILIZE,False
2026-08-31 14:44:55,-35.3632621,149.1652373,0.003,0.023202382028102875,352,100,STABILIZE,False
2026-08-31 14:44:55,-35.363262,149.1652373,0.003,0.02329828217625618,352,100,STABILIZE,False
2026-08-31 14:44:56,-35.3632621,149.1652373,0.003,0.023355502635240555,352,100,STABILIZE,False
2026-08-31 14:44:56,-35.363262,149.1652373,0.003,0.023240072652697563,352,100,STABILIZE,False
2026-08-31 14:44:57,-35.3632621,149.1652373,0.003,0.023310963064432144,352,100,STABILIZE,False
2026-08-31 14:44:57,-35.3632621,149.1652373,0.003,0.023206161335110664,352,100,STABILIZE,False
2026-08-31 14:44:57,-35.363262,149.1652373,0.003,0.023197179660201073,352,100,STABILIZE,False
2026-08-31 14:44:58,-35.3632621,149.1652373,0.003,0.023430557921528816,352,100,STABILIZE,False
2026-08-31 14:44:58,-35.363262,149.1652373,0.003,0.02326110005378723,352,100,STABILIZE,False
2026-08-31 14:44:59,-35.363262,149.1652373,0.003,0.023365706205368042,352,100,STABILIZE,False
2026-08-31 14:44:59,-35.363262,149.1652373,0.003,0.02326118014752865,352,100,STABILIZE,False
2026-08-31 14:44:59,-35.363262,149.1652373,0.003,0.023287333548069,352,100,STABILIZE,False
2026-08-31 14:45:00,-35.363262,149.1652373,0.003,0.02366945892572403,352,100,STABILIZE,False
2026-08-31 14:45:00,-35.363262,149.1652373,0.003,0.023649053648114204,352,100,STABILIZE,False
2026-08-31 14:45:00,-35.363262,149.1652373,0.003,0.02387956716120243,352,100,STABILIZE,False
2026-08-31 14:45:01,-35.363262,149.1652373,0.003,0.023867839947342873,352,100,STABILIZE,False
2026-08-31 14:45:01,-35.363262,149.1652373,0.003,0.023838721215724945,352,100,STABILIZE,False
2026-08-31 14:45:02,-35.363262,149.1652373,0.003,0.024050530046224594,352,100,STABILIZE,False
2026-08-31 14:45:02,-35.363262,149.1652373,0.003,0.023705247789621353,352,100,STABILIZE,False
2026-08-31 14:45:02,-35.363262,149.1652373,0.003,0.0237705297768116,352,100,STABILIZE,False
2026-08-31 14:45:03,-35.363262,149.1652373,0.003,0.02381645329296589,352,100,STABILIZE,False
2026-08-31 14:45:03,-35.363262,149.1652373,0.003,0.02361159771680832,352,100,STABILIZE,False
2026-08-31 14:45:04,-35.363262,149.1652373,0.003,0.023810017853975296,352,100,STABILIZE,False
2026-08-31 14:45:04,-35.363262,149.1652373,0.003,0.023687396198511124,352,100,STABILIZE,False
2026-08-31 14:45:04,-35.363262,149.1652373,0.003,0.023853572085499763,352,100,STABILIZE,False
2026-08-31 14:45:05,-35.363262,149.1652373,0.003,0.02395479939877987,352,100,STABILIZE,False
2026-08-31 14:45:05,-35.363262,149.1652373,0.003,0.02379198558628559,352,100,STABILIZE,False
2026-08-31 14:45:06,-35.363262,149.1652373,0.003,0.023807600140571594,352,100,STABILIZE,False
2026-08-31 14:45:06,-35.363262,149.1652373,0.003,0.023732002824544907,352,100,STABILIZE,False
2026-08-31 14:45:07,-35.363262,149.1652373,0.003,0.023716462776064873,352,100,STABILIZE,False
2026-08-31 14:45:07,-35.363262,149.1652373,0.003,0.023851826786994934,352,100,STABILIZE,False
2026-08-31 14:45:07,-35.363262,149.1652373,0.003,0.023673953488469124,352,100,STABILIZE,False
2026-08-31 14:45:08,-35.363262,149.1652373,0.003,0.02365081012248993,352,100,STABILIZE,False
2026-08-31 14:45:08,-35.363262,149.1652373,0.003,0.02333487756550312,352,100,STABILIZE,False
2026-08-31 14:45:08,-35.363262,149.1652373,0.003,0.023544050753116608,352,100,STABILIZE,False
2026-08-31 14:45:09,-35.363262,149.1652373,0.003,0.023852206766605377,352,100,STABILIZE,False
2026-08-31 14:45:09,-35.363262,149.1652373,0.003,0.023894431069493294,352,100,STABILIZE,False
2026-08-31 14:45:10,-35.363262,149.1652373,0.003,0.023894431069493294,352,100,STABILIZE,False
2026-08-31 14:45:10,-35.363262,149.1652373,0.003,0.023930003866553307,352,100,STABILIZE,False
2026-08-31 14:45:11,-35.363262,149.1652373,0.003,0.023775095120072365,352,100,STABILIZE,False
2026-08-31 14:45:11,-35.363262,149.1652373,0.003,0.023848356679081917,352,100,STABILIZE,False
2026-08-31 14:45:11,-35.363262,149.1652373,0.003,0.02378321997821331,352,100,STABILIZE,False
2026-08-31 14:45:12,-35.363262,149.1652373,0.003,0.023770416155457497,352,100,STABILIZE,False
2026-08-31 14:45:12,-35.363262,149.1652373,0.003,0.023725014179944992,352,100,STABILIZE,False
2026-08-31 14:45:12,-35.363262,149.1652373,0.003,0.023500891402363777,352,100,STABILIZE,False
2026-08-31 14:45:13,-35.363262,149.1652373,0.003,0.023750267922878265,352,100,STABILIZE,False
2026-08-31 14:45:13,-35.363262,149.1652373,0.003,0.023798661306500435,352,100,STABILIZE,False
2026-08-31 14:45:14,-35.363262,149.1652373,0.003,0.023932743817567825,352,100,STABILIZE,False
2026-08-31 14:45:14,-35.363262,149.1652373,0.003,0.02377200871706009,352,100,STABILIZE,False
2026-08-31 14:45:14,-35.363262,149.1652373,0.003,0.023795772343873978,352,100,STABILIZE,False
2026-08-31 14:45:15,-35.363262,149.1652373,0.003,0.02418510802090168,352,100,STABILIZE,False
2026-08-31 14:45:15,-35.363262,149.1652373,0.003,0.024058258160948753,352,100,STABILIZE,False
2026-08-31 14:45:16,-35.363262,149.1652373,0.003,0.024254750460386276,352,100,STABILIZE,False
2026-08-31 14:45:16,-35.363262,149.1652373,0.003,0.024230577051639557,352,100,STABILIZE,False
2026-08-31 14:45:16,-35.363262,149.1652373,0.003,0.023986034095287323,352,100,STABILIZE,False
2026-08-31 14:45:17,-35.363262,149.1652373,0.003,0.0240794625133276,352,100,STABILIZE,False
2026-08-31 14:45:17,-35.363262,149.1652373,0.003,0.02369454689323902,352,100,STABILIZE,False
2026-08-31 14:45:18,-35.363262,149.1652373,0.003,0.023731574416160583,352,100,STABILIZE,False
2026-08-31 14:45:18,-35.363262,149.1652373,0.003,0.023621419444680214,352,100,STABILIZE,False
2026-08-31 14:45:18,-35.363262,149.1652373,0.003,0.023736869916319847,352,100,STABILIZE,False
2026-08-31 14:45:19,-35.363262,149.1652373,0.003,0.023835815489292145,352,100,STABILIZE,False
2026-08-31 14:45:19,-35.363262,149.1652373,0.003,0.02371728979051113,352,100,STABILIZE,False
2026-08-31 14:45:20,-35.363262,149.1652373,0.003,0.023838678374886513,352,100,STABILIZE,False
2026-08-31 14:45:20,-35.363262,149.1652373,0.003,0.023677509278059006,352,100,STABILIZE,False
2026-08-31 14:45:20,-35.363262,149.1652373,0.003,0.02350061945617199,352,100,STABILIZE,False
2026-08-31 14:45:21,-35.363262,149.1652373,0.003,0.023772455751895905,352,100,STABILIZE,False
2026-08-31 14:45:21,-35.363262,149.1652373,0.003,0.02355743572115898,352,100,STABILIZE,False
2026-08-31 14:45:22,-35.363262,149.1652373,0.003,0.023545918986201286,352,100,STABILIZE,False
2026-08-31 14:45:22,-35.363262,149.1652373,0.003,0.02395135909318924,352,100,STABILIZE,False
2026-08-31 14:45:22,-35.363262,149.1652373,0.003,0.023803891614079475,352,100,STABILIZE,False
2026-08-31 14:45:23,-35.363262,149.1652373,0.003,0.023757928982377052,352,100,STABILIZE,False
2026-08-31 14:45:23,-35.363262,149.1652373,0.003,0.0234573595225811,352,100,STABILIZE,False
2026-08-31 14:45:24,-35.363262,149.1652373,0.003,0.023489434272050858,352,100,STABILIZE,False
2026-08-31 14:45:24,-35.363262,149.1652373,0.003,0.02335670404136181,352,100,STABILIZE,False
2026-08-31 14:45:24,-35.363262,149.1652373,0.003,0.023456908762454987,352,100,STABILIZE,False
2026-08-31 14:45:25,-35.363262,149.1652373,0.003,0.023684605956077576,352,100,STABILIZE,False
2026-08-31 14:45:25,-35.363262,149.1652373,0.003,0.02357828989624977,352,100,STABILIZE,False
2026-08-31 14:45:25,-35.363262,149.1652373,0.003,0.023627599701285362,352,100,STABILIZE,False
2026-08-31 14:45:26,-35.363262,149.1652373,0.003,0.023794205859303474,352,100,STABILIZE,False
2026-08-31 14:45:26,-35.363262,149.1652373,0.003,0.02370569109916687,352,100,STABILIZE,False
2026-08-31 14:45:27,-35.363262,149.1652373,0.003,0.02393823117017746,352,100,STABILIZE,False
2026-08-31 14:45:27,-35.363262,149.1652373,0.003,0.023970823734998703,352,100,STABILIZE,False
2026-08-31 14:45:27,-35.363262,149.1652373,0.003,0.02397935651242733,352,100,STABILIZE,False
2026-08-31 14:45:28,-35.363262,149.1652373,0.003,0.024189118295907974,352,100,STABILIZE,False
2026-08-31 14:45:28,-35.363262,149.1652373,0.003,0.02406514249742031,352,100,STABILIZE,False
2026-08-31 14:45:29,-35.363262,149.1652373,0.003,0.024139830842614174,352,100,STABILIZE,False
2026-08-31 14:45:29,-35.363262,149.1652373,0.003,0.02393992803990841,352,100,STABILIZE,False
2026-08-31 14:45:30,-35.363262,149.1652373,0.003,0.024310490116477013,352,100,STABILIZE,False
2026-08-31 14:45:30,-35.363262,149.1652373,0.003,0.024396277964115143,352,100,STABILIZE,False
2026-08-31 14:45:30,-35.363262,149.1652373,0.003,0.02425117790699005,352,100,STABILIZE,False
2026-08-31 14:45:30,-35.363262,149.1652373,0.003,0.024255532771348953,352,100,STABILIZE,False
2026-08-31 14:45:31,-35.363262,149.1652373,0.003,0.02444900944828987,352,100,STABILIZE,False
2026-08-31 14:45:31,-35.363262,149.1652373,0.003,0.02417508140206337,352,100,STABILIZE,False
2026-08-31 14:45:32,-35.363262,149.1652373,0.003,0.024288319051265717,352,100,STABILIZE,False
2026-08-31 14:45:32,-35.363262,149.1652373,0.003,0.02400997281074524,352,100,STABILIZE,False
2026-08-31 14:45:32,-35.363262,149.1652373,0.003,0.023983372375369072,352,100,STABILIZE,False
2026-08-31 14:45:33,-35.363262,149.1652373,0.003,0.024211876094341278,352,100,STABILIZE,False
2026-08-31 14:45:33,-35.363262,149.1652373,0.003,0.023882366716861725,352,100,STABILIZE,False
2026-08-31 14:45:34,-35.363262,149.1652373,0.003,0.024142226204276085,352,100,STABILIZE,False
2026-08-31 14:45:34,-35.363262,149.1652373,0.003,0.024045538157224655,352,100,STABILIZE,False
2026-08-31 14:45:34,-35.363262,149.1652373,0.003,0.023894336074590683,352,100,STABILIZE,False
2026-08-31 14:45:35,-35.363262,149.1652373,0.003,0.024096978828310966,352,100,STABILIZE,False
2026-08-31 14:45:35,-35.363262,149.1652373,0.003,0.023867309093475342,352,100,STABILIZE,False
2026-08-31 14:45:35,-35.363262,149.1652373,0.003,0.02396438457071781,352,100,STABILIZE,False
2026-08-31 14:45:36,-35.363262,149.1652373,0.003,0.023924794048070908,352,100,STABILIZE,False
2026-08-31 14:45:36,-35.363262,149.1652373,0.003,0.023691022768616676,352,100,STABILIZE,False
2026-08-31 14:45:37,-35.363262,149.1652373,0.003,0.023920072242617607,352,100,STABILIZE,False
2026-08-31 14:45:37,-35.363262,149.1652373,0.003,0.023813029751181602,352,100,STABILIZE,False
2026-08-31 14:45:37,-35.363262,149.1652373,0.003,0.02370702289044857,352,100,STABILIZE,False
2026-08-31 14:45:38,-35.363262,149.1652373,0.003,0.023951759561896324,352,100,STABILIZE,False
2026-08-31 14:45:38,-35.363262,149.1652373,0.003,0.02368631213903427,352,100,STABILIZE,False
2026-08-31 14:45:39,-35.363262,149.1652373,0.003,0.023804817348718643,352,100,STABILIZE,False
2026-08-31 14:45:39,-35.363262,149.1652373,0.003,0.023627037182450294,352,100,STABILIZE,False
2026-08-31 14:45:39,-35.363262,149.1652373,0.003,0.023622440174221992,352,100,STABILIZE,False
2026-08-31 14:45:40,-35.363262,149.1652373,0.003,0.02383176051080227,352,100,STABILIZE,False
2026-08-31 14:45:40,-35.363262,149.1652373,0.003,0.023707671090960503,352,100,STABILIZE,False
2026-08-31 14:45:41,-35.363262,149.1652373,0.003,0.02398628555238247,352,100,STABILIZE,False
2026-08-31 14:45:41,-35.363262,149.1652373,0.003,0.023849425837397575,352,100,STABILIZE,False
2026-08-31 14:45:41,-35.363262,149.1652373,0.003,0.02376563847064972,352,100,STABILIZE,False
2026-08-31 14:45:42,-35.363262,149.1652373,0.003,0.02396789751946926,352,100,STABILIZE,False
2026-08-31 14:45:42,-35.363262,149.1652373,0.003,0.023719310760498047,352,100,STABILIZE,False
2026-08-31 14:45:42,-35.363262,149.1652373,0.003,0.023774825036525726,352,100,STABILIZE,False
2026-08-31 14:45:43,-35.363262,149.1652373,0.003,0.023899056017398834,352,100,STABILIZE,False
2026-08-31 14:45:43,-35.363262,149.1652373,0.003,0.023754026740789413,352,100,STABILIZE,False
2026-08-31 14:45:44,-35.363262,149.1652373,0.003,0.023748192936182022,352,100,STABILIZE,False
2026-08-31 14:45:44,-35.363262,149.1652373,0.003,0.02361459657549858,352,100,STABILIZE,False
2026-08-31 14:45:44,-35.363262,149.1652373,0.003,0.023626206442713737,352,100,STABILIZE,False
2026-08-31 14:45:45,-35.363262,149.1652373,0.003,0.023848503828048706,352,100,STABILIZE,False
2026-08-31 14:45:45,-35.363262,149.1652373,0.004,0.023484304547309875,352,100,STABILIZE,False
2026-08-31 14:45:46,-35.363262,149.1652373,0.004,0.023518037050962448,352,100,STABILIZE,False
2026-08-31 14:45:46,-35.363262,149.1652373,0.004,0.023892026394605637,352,100,STABILIZE,False
2026-08-31 14:45:46,-35.363262,149.1652373,0.004,0.023862900212407112,352,100,STABILIZE,False
2026-08-31 14:45:47,-35.363262,149.1652373,0.004,0.02402236871421337,352,100,STABILIZE,False
2026-08-31 14:45:47,-35.363262,149.1652373,0.003,0.023835984990000725,352,100,STABILIZE,False
2026-08-31 14:45:48,-35.363262,149.1652373,0.003,0.024001210927963257,352,100,STABILIZE,False
2026-08-31 14:45:48,-35.363262,149.1652373,0.003,0.0239527840167284,352,100,STABILIZE,False
2026-08-31 14:45:48,-35.363262,149.1652373,0.003,0.023906465619802475,352,100,STABILIZE,False
2026-08-31 14:45:49,-35.363262,149.1652373,0.003,0.024099769070744514,352,100,STABILIZE,False
2026-08-31 14:45:49,-35.363262,149.1652373,0.003,0.02392837032675743,352,100,STABILIZE,False
2026-08-31 14:45:49,-35.363262,149.1652373,0.003,0.023911720141768456,352,100,STABILIZE,False
2026-08-31 14:45:50,-35.363262,149.1652373,0.003,0.023627888411283493,352,100,STABILIZE,False
2026-08-31 14:45:50,-35.363262,149.1652373,0.003,0.023593120276927948,352,100,STABILIZE,False
2026-08-31 14:45:51,-35.363262,149.1652373,0.003,0.02392648160457611,352,100,STABILIZE,False
2026-08-31 14:45:51,-35.363262,149.1652373,0.003,0.02387019619345665,352,100,STABILIZE,False
2026-08-31 14:45:51,-35.363262,149.1652373,0.003,0.02361924573779106,352,100,STABILIZE,False
2026-08-31 14:45:52,-35.363262,149.1652373,0.003,0.02371588535606861,352,100,STABILIZE,False
2026-08-31 14:45:52,-35.363262,149.1652373,0.003,0.02357681281864643,352,100,STABILIZE,False
2026-08-31 14:45:52,-35.363262,149.1652373,0.003,0.02366926334798336,352,100,STABILIZE,False
2026-08-31 14:45:53,-35.363262,149.1652373,0.003,0.023818815127015114,352,100,STABILIZE,False
2026-08-31 14:45:53,-35.363262,149.1652373,0.003,0.023653622716665268,352,100,STABILIZE,False
2026-08-31 14:45:54,-35.363262,149.1652373,0.003,0.023770565167069435,352,100,STABILIZE,False
2026-08-31 14:45:54,-35.363262,149.1652373,0.003,0.02348148822784424,352,100,STABILIZE,False
2026-08-31 14:45:54,-35.363262,149.1652373,0.003,0.023661263287067413,352,100,STABILIZE,False
2026-08-31 14:45:55,-35.363262,149.1652373,0.003,0.02384229749441147,352,100,STABILIZE,False
2026-08-31 14:45:55,-35.363262,149.1652373,0.003,0.02388267032802105,352,100,STABILIZE,False
2026-08-31 14:45:56,-35.363262,149.1652373,0.003,0.024166535586118698,352,100,STABILIZE,False
2026-08-31 14:45:56,-35.363262,149.1652373,0.003,0.024121534079313278,351,100,STABILIZE,False
2026-08-31 14:45:56,-35.363262,149.1652373,0.003,0.024080147966742516,351,100,STABILIZE,False
2026-08-31 14:45:57,-35.363262,149.1652373,0.003,0.024182358756661415,351,100,STABILIZE,False
2026-08-31 14:45:57,-35.363262,149.1652373,0.003,0.023962192237377167,351,100,STABILIZE,False
2026-08-31 14:45:57,-35.363262,149.1652373,0.003,0.024096831679344177,351,100,STABILIZE,False
2026-08-31 14:45:58,-35.363262,149.1652373,0.003,0.024084774777293205,351,100,STABILIZE,False
2026-08-31 14:45:58,-35.363262,149.1652373,0.003,0.024049563333392143,351,100,STABILIZE,False
2026-08-31 14:45:59,-35.363262,149.1652373,0.003,0.024213513359427452,351,100,STABILIZE,False
2026-08-31 14:45:59,-35.363262,149.1652373,0.003,0.023968443274497986,351,100,STABILIZE,False
2026-08-31 14:45:59,-35.363262,149.1652373,0.003,0.024086523801088333,351,100,STABILIZE,False
2026-08-31 14:46:00,-35.363262,149.1652373,0.003,0.024309515953063965,351,100,STABILIZE,False
2026-08-31 14:46:00,-35.363262,149.1652373,0.003,0.02411729283630848,351,100,STABILIZE,False
2026-08-31 14:46:01,-35.363262,149.1652373,0.003,0.02451728843152523,351,100,STABILIZE,False
2026-08-31 14:46:01,-35.363262,149.1652373,0.003,0.024266976863145828,351,100,STABILIZE,False
2026-08-31 14:46:01,-35.363262,149.1652373,0.003,0.024209974333643913,351,100,STABILIZE,False
2026-08-31 14:46:02,-35.363262,149.1652373,0.003,0.024353401735424995,351,100,STABILIZE,False
2026-08-31 14:46:02,-35.363262,149.1652373,0.003,0.02423267625272274,351,100,STABILIZE,False
2026-08-31 14:46:03,-35.363262,149.1652373,0.003,0.02426137588918209,351,100,STABILIZE,False
2026-08-31 14:46:03,-35.363262,149.1652373,0.003,0.024269387125968933,351,100,STABILIZE,False
2026-08-31 14:46:04,-35.363262,149.1652373,0.003,0.024172665551304817,351,100,STABILIZE,False
2026-08-31 14:46:04,-35.363262,149.1652373,0.003,0.02429518662393093,351,100,STABILIZE,False
2026-08-31 14:46:04,-35.363262,149.1652373,0.003,0.02392015978693962,351,100,STABILIZE,False
2026-08-31 14:46:05,-35.363262,149.1652373,0.003,0.024201977998018265,351,100,STABILIZE,False
2026-08-31 14:46:05,-35.363262,149.1652373,0.003,0.023922951892018318,351,100,STABILIZE,False
2026-08-31 14:46:06,-35.363262,149.1652373,0.003,0.02417766861617565,351,100,STABILIZE,False
2026-08-31 14:46:06,-35.363262,149.1652373,0.003,0.02397875301539898,351,100,STABILIZE,False
2026-08-31 14:46:06,-35.363262,149.1652373,0.003,0.02405701018869877,351,100,STABILIZE,False
2026-08-31 14:46:07,-35.363262,149.1652373,0.003,0.024227194488048553,351,100,STABILIZE,False
2026-08-31 14:46:07,-35.363262,149.1652373,0.003,0.024001769721508026,351,100,STABILIZE,False
2026-08-31 14:46:08,-35.363262,149.1652373,0.003,0.024169182404875755,351,100,STABILIZE,False
2026-08-31 14:46:08,-35.363262,149.1652373,0.003,0.02423289231956005,351,100,STABILIZE,False
2026-08-31 14:46:08,-35.363262,149.1652373,0.003,0.02403624914586544,351,100,STABILIZE,False
2026-08-31 14:46:09,-35.363262,149.1652373,0.003,0.024214694276452065,351,100,STABILIZE,False
2026-08-31 14:46:09,-35.363262,149.1652373,0.003,0.024165740236639977,351,100,STABILIZE,False
2026-08-31 14:46:09,-35.363262,149.1652373,0.003,0.024116909131407738,351,100,STABILIZE,False
2026-08-31 14:46:10,-35.363262,149.1652373,0.003,0.02416745014488697,351,100,STABILIZE,False
2026-08-31 14:46:10,-35.363262,149.1652373,0.003,0.023948805406689644,351,100,STABILIZE,False
2026-08-31 14:46:11,-35.363262,149.1652373,0.003,0.023973405361175537,351,100,STABILIZE,False
2026-08-31 14:46:11,-35.363262,149.1652373,0.003,0.023925073444843292,351,100,STABILIZE,False
2026-08-31 14:46:11,-35.363262,149.1652373,0.003,0.02402806468307972,351,100,STABILIZE,False
2026-08-31 14:46:12,-35.363262,149.1652373,0.003,0.024216262623667717,351,100,STABILIZE,False
2026-08-31 14:46:12,-35.363262,149.1652373,0.003,0.023969493806362152,351,100,STABILIZE,False
2026-08-31 14:46:12,-35.363262,149.1652373,0.003,0.023885495960712433,351,100,STABILIZE,False
2026-08-31 14:46:13,-35.363262,149.1652373,0.003,0.0239842738956213,351,100,STABILIZE,False
2026-08-31 14:46:13,-35.363262,149.1652373,0.003,0.02379365637898445,351,100,STABILIZE,False
2026-08-31 14:46:14,-35.363262,149.1652373,0.003,0.024039171636104584,351,100,STABILIZE,False
2026-08-31 14:46:14,-35.363262,149.1652373,0.003,0.024023188278079033,351,100,STABILIZE,False
2026-08-31 14:46:14,-35.363262,149.1652373,0.003,0.02381635643541813,351,100,STABILIZE,False
2026-08-31 14:46:15,-35.363262,149.1652373,0.003,0.023910677060484886,351,100,STABILIZE,False
2026-08-31 14:46:15,-35.363262,149.1652373,0.003,0.023735811933875084,351,100,STABILIZE,False
2026-08-31 14:46:16,-35.363262,149.1652373,0.003,0.023912329226732254,351,100,STABILIZE,False
2026-08-31 14:46:16,-35.363262,149.1652373,0.003,0.023881956934928894,351,100,STABILIZE,False
2026-08-31 14:46:16,-35.363262,149.1652373,0.003,0.02393326722085476,351,100,STABILIZE,False
2026-08-31 14:46:17,-35.363262,149.1652373,0.003,0.024088583886623383,351,100,STABILIZE,False
2026-08-31 14:46:17,-35.363262,149.1652373,0.003,0.023951448500156403,351,100,STABILIZE,False
2026-08-31 14:46:17,-35.363262,149.1652373,0.003,0.024070441722869873,351,100,STABILIZE,False
2026-08-31 14:46:18,-35.363262,149.1652373,0.003,0.024112099781632423,351,100,STABILIZE,False
2026-08-31 14:46:18,-35.363262,149.1652373,0.003,0.02380157634615898,351,100,STABILIZE,False
2026-08-31 14:46:19,-35.363262,149.1652373,0.003,0.023834602907299995,351,100,STABILIZE,False
2026-08-31 14:46:19,-35.363262,149.1652373,0.003,0.02367720566689968,351,100,STABILIZE,False
2026-08-31 14:46:19,-35.363262,149.1652373,0.003,0.023701868951320648,351,100,STABILIZE,False
2026-08-31 14:46:20,-35.363262,149.1652373,0.003,0.02368314005434513,351,100,STABILIZE,False
2026-08-31 14:46:20,-35.363262,149.1652373,0.003,0.02360781840980053,351,100,STABILIZE,False
2026-08-31 14:46:21,-35.363262,149.1652373,0.003,0.023715730756521225,351,100,STABILIZE,False
2026-08-31 14:46:21,-35.363262,149.1652373,0.003,0.023727407678961754,351,100,STABILIZE,False
2026-08-31 14:46:21,-35.363262,149.1652373,0.003,0.02369622141122818,351,100,STABILIZE,False
2026-08-31 14:46:22,-35.363262,149.1652373,0.003,0.02393718622624874,351,100,STABILIZE,False
2026-08-31 14:46:22,-35.363262,149.1652373,0.003,0.023681635037064552,351,100,STABILIZE,False
2026-08-31 14:46:23,-35.363262,149.1652373,0.003,0.023633355274796486,351,100,STABILIZE,False
2026-08-31 14:46:23,-35.363262,149.1652373,0.003,0.02377193234860897,351,100,STABILIZE,False
2026-08-31 14:46:23,-35.363262,149.1652373,0.003,0.023712480440735817,351,100,STABILIZE,False
2026-08-31 14:46:24,-35.363262,149.1652373,0.003,0.023997433483600616,351,100,STABILIZE,False
2026-08-31 14:46:24,-35.363262,149.1652373,0.003,0.024075947701931,351,100,STABILIZE,False
2026-08-31 14:46:25,-35.363262,149.1652373,0.003,0.024037616327404976,351,100,STABILIZE,False
2026-08-31 14:46:25,-35.363262,149.1652373,0.003,0.024128932505846024,351,100,STABILIZE,False
2026-08-31 14:46:25,-35.363262,149.1652373,0.003,0.02391895279288292,351,100,STABILIZE,False
2026-08-31 14:46:26,-35.363262,149.1652373,0.003,0.024164091795682907,351,100,STABILIZE,False
2026-08-31 14:46:26,-35.363262,149.1652373,0.003,0.023994769901037216,351,100,STABILIZE,False
2026-08-31 14:46:27,-35.363262,149.1652373,0.003,0.024051329120993614,351,100,STABILIZE,False
2026-08-31 14:46:27,-35.363262,149.1652373,0.003,0.024018967524170876,351,100,STABILIZE,False
2026-08-31 14:46:28,-35.363262,149.1652373,0.003,0.02418639324605465,351,100,STABILIZE,False
2026-08-31 14:46:28,-35.363262,149.1652373,0.003,0.02438874915242195,351,100,STABILIZE,False
2026-08-31 14:46:29,-35.363262,149.1652373,0.003,0.024177951738238335,351,100,STABILIZE,False
2026-08-31 14:46:29,-35.363262,149.1652373,0.003,0.024446683004498482,351,100,STABILIZE,False
2026-08-31 14:46:29,-35.363262,149.1652373,0.003,0.02448919415473938,351,100,STABILIZE,False
2026-08-31 14:46:30,-35.363262,149.1652373,0.003,0.024247776716947556,351,100,STABILIZE,False
2026-08-31 14:46:30,-35.363262,149.1652373,0.003,0.02451152913272381,351,100,STABILIZE,False
2026-08-31 14:46:30,-35.363262,149.1652373,0.003,0.024409219622612,351,100,STABILIZE,False
2026-08-31 14:46:31,-35.363262,149.1652373,0.003,0.024558139964938164,351,100,STABILIZE,False
2026-08-31 14:46:31,-35.363262,149.1652373,0.003,0.02430613525211811,351,100,STABILIZE,False
2026-08-31 14:46:32,-35.363262,149.1652373,0.003,0.02416250854730606,351,100,STABILIZE,False
2026-08-31 14:46:32,-35.363262,149.1652373,0.003,0.024037549272179604,351,100,STABILIZE,False
2026-08-31 14:46:32,-35.363262,149.1652373,0.003,0.023928994312882423,351,100,STABILIZE,False
2026-08-31 14:46:33,-35.363262,149.1652373,0.003,0.02399551495909691,351,100,STABILIZE,False
2026-08-31 14:46:33,-35.363262,149.1652373,0.003,0.023798180744051933,351,100,STABILIZE,False
2026-08-31 14:46:33,-35.363262,149.1652373,0.003,0.02364172786474228,351,100,STABILIZE,False
2026-08-31 14:46:34,-35.363262,149.1652373,0.003,0.023706428706645966,351,100,STABILIZE,False
2026-08-31 14:46:34,-35.363262,149.1652373,0.003,0.023495260626077652,351,100,STABILIZE,False
2026-08-31 14:46:35,-35.363262,149.1652373,0.003,0.02354288101196289,351,100,STABILIZE,False
2026-08-31 14:46:35,-35.363262,149.1652373,0.003,0.023348530754446983,351,100,STABILIZE,False
2026-08-31 14:46:36,-35.363262,149.1652373,0.003,0.02336655929684639,351,100,STABILIZE,False
2026-08-31 14:46:36,-35.363262,149.1652373,0.003,0.02337690070271492,351,100,STABILIZE,False
2026-08-31 14:46:36,-35.363262,149.1652373,0.003,0.023270610719919205,351,100,STABILIZE,False
2026-08-31 14:46:37,-35.363262,149.1652373,0.003,0.023621797561645508,351,100,STABILIZE,False
2026-08-31 14:46:37,-35.363262,149.1652373,0.003,0.023462986573576927,351,100,STABILIZE,False
2026-08-31 14:46:37,-35.363262,149.1652373,0.003,0.02333364263176918,351,100,STABILIZE,False
2026-08-31 14:46:38,-35.363262,149.1652373,0.003,0.02355697937309742,351,100,STABILIZE,False
2026-08-31 14:46:38,-35.363262,149.1652373,0.003,0.023562707006931305,351,100,STABILIZE,False
2026-08-31 14:46:38,-35.363262,149.1652373,0.003,0.023550670593976974,351,100,STABILIZE,False
2026-08-31 14:46:39,-35.363262,149.1652373,0.003,0.023671172559261322,351,100,STABILIZE,False
2026-08-31 14:46:39,-35.363262,149.1652373,0.003,0.023614253848791122,351,100,STABILIZE,False
2026-08-31 14:46:40,-35.363262,149.1652373,0.003,0.023781372234225273,351,100,STABILIZE,False
2026-08-31 14:46:40,-35.363262,149.1652373,0.003,0.02372686006128788,351,100,STABILIZE,False
2026-08-31 14:46:40,-35.363262,149.1652373,0.003,0.02364957332611084,351,100,STABILIZE,False
2026-08-31 14:46:41,-35.363262,149.1652373,0.003,0.023858290165662766,351,100,STABILIZE,False
2026-08-31 14:46:41,-35.363262,149.1652373,0.003,0.02367437817156315,351,100,STABILIZE,False
2026-08-31 14:46:42,-35.363262,149.1652373,0.003,0.023743173107504845,351,100,STABILIZE,False
2026-08-31 14:46:42,-35.363262,149.1652373,0.003,0.023943843320012093,351,100,STABILIZE,False
2026-08-31 14:46:42,-35.363262,149.1652373,0.003,0.023854631930589676,351,100,STABILIZE,False
2026-08-31 14:46:43,-35.363262,149.1652373,0.003,0.024165097624063492,351,100,STABILIZE,False
2026-08-31 14:46:43,-35.363262,149.1652373,0.003,0.024051014333963394,351,100,STABILIZE,False
2026-08-31 14:46:44,-35.363262,149.1652373,0.003,0.023988027125597,351,100,STABILIZE,False
2026-08-31 14:46:44,-35.363262,149.1652373,0.003,0.024194033816456795,351,100,STABILIZE,False
2026-08-31 14:46:44,-35.363262,149.1652373,0.003,0.02420703135430813,351,100,STABILIZE,False
2026-08-31 14:46:45,-35.363262,149.1652373,0.003,0.024391770362854004,351,100,STABILIZE,False
2026-08-31 14:46:45,-35.363262,149.1652373,0.003,0.02419894188642502,351,100,STABILIZE,False
2026-08-31 14:46:46,-35.363262,149.1652373,0.003,0.024074893444776535,351,100,STABILIZE,False
2026-08-31 14:46:46,-35.363262,149.1652373,0.003,0.023996878415346146,351,100,STABILIZE,False
2026-08-31 14:46:46,-35.363262,149.1652373,0.003,0.023833638057112694,351,100,STABILIZE,False
2026-08-31 14:46:47,-35.363262,149.1652373,0.003,0.024034973233938217,351,100,STABILIZE,False
2026-08-31 14:46:47,-35.363262,149.1652373,0.003,0.023860229179263115,351,100,STABILIZE,False
2026-08-31 14:46:47,-35.363262,149.1652373,0.003,0.02373526804149151,351,100,STABILIZE,False
2026-08-31 14:46:48,-35.363262,149.1652373,0.003,0.023950161412358284,351,100,STABILIZE,False
2026-08-31 14:46:48,-35.363262,149.1652373,0.003,0.02377602644264698,351,100,STABILIZE,False
2026-08-31 14:46:49,-35.363262,149.1652373,0.003,0.02384454756975174,351,100,STABILIZE,False
2026-08-31 14:46:49,-35.363262,149.1652373,0.003,0.024094440042972565,351,100,STABILIZE,False
2026-08-31 14:46:49,-35.363262,149.1652373,0.003,0.02395283803343773,351,100,STABILIZE,False
2026-08-31 14:46:50,-35.363262,149.1652373,0.003,0.023966139182448387,351,100,STABILIZE,False
2026-08-31 14:46:50,-35.363262,149.1652373,0.003,0.023827388882637024,351,100,STABILIZE,False
2026-08-31 14:46:50,-35.363262,149.1652373,0.003,0.02357746660709381,351,100,STABILIZE,False
2026-08-31 14:46:51,-35.363262,149.1652373,0.003,0.023831404745578766,351,100,STABILIZE,False
2026-08-31 14:46:51,-35.363262,149.1652373,0.003,0.023677898570895195,351,100,STABILIZE,False
2026-08-31 14:46:52,-35.363262,149.1652373,0.003,0.02374097891151905,351,100,STABILIZE,False
2026-08-31 14:46:52,-35.363262,149.1652373,0.003,0.02377725951373577,351,100,STABILIZE,False
2026-08-31 14:46:52,-35.363262,149.1652373,0.003,0.023502621799707413,351,100,STABILIZE,False
2026-08-31 14:46:53,-35.363262,149.1652373,0.003,0.023597000166773796,351,100,STABILIZE,False
2026-08-31 14:46:53,-35.363262,149.1652373,0.003,0.023572033271193504,351,100,STABILIZE,False
2026-08-31 14:46:54,-35.363262,149.1652373,0.003,0.02349080704152584,351,100,STABILIZE,False
2026-08-31 14:46:54,-35.363262,149.1652373,0.003,0.023630274459719658,351,100,STABILIZE,False
2026-08-31 14:46:54,-35.363262,149.1652373,0.003,0.023444147780537605,351,100,STABILIZE,False
2026-08-31 14:46:55,-35.363262,149.1652373,0.003,0.023514283820986748,351,100,STABILIZE,False
2026-08-31 14:46:55,-35.363262,149.1652373,0.003,0.02328517660498619,351,100,STABILIZE,False
2026-08-31 14:46:55,-35.363262,149.1652373,0.003,0.023379942402243614,351,100,STABILIZE,False
2026-08-31 14:46:56,-35.363262,149.1652373,0.003,0.023479638621211052,351,100,STABILIZE,False
2026-08-31 14:46:56,-35.363262,149.1652373,0.003,0.023338142782449722,351,100,STABILIZE,False
2026-08-31 14:46:57,-35.363262,149.1652373,0.003,0.023521697148680687,351,100,STABILIZE,False
2026-08-31 14:46:57,-35.363262,149.1652373,0.003,0.02340983785688877,351,100,STABILIZE,False
2026-08-31 14:46:57,-35.363262,149.1652373,0.003,0.023341374471783638,351,100,STABILIZE,False
2026-08-31 14:46:58,-35.363262,149.1652373,0.003,0.023500073701143265,351,100,STABILIZE,False
2026-08-31 14:46:58,-35.363262,149.1652373,0.003,0.02342681586742401,351,100,STABILIZE,False
2026-08-31 14:46:59,-35.363262,149.1652373,0.003,0.02353624626994133,351,100,STABILIZE,False
2026-08-31 14:46:59,-35.363262,149.1652373,0.003,0.023963946849107742,351,100,STABILIZE,False
2026-08-31 14:46:59,-35.363262,149.1652373,0.003,0.023844119161367416,351,100,STABILIZE,False
2026-08-31 14:47:00,-35.363262,149.1652373,0.003,0.023955628275871277,351,100,STABILIZE,False
2026-08-31 14:47:00,-35.363262,149.1652373,0.003,0.0241057351231575,351,100,STABILIZE,False
2026-08-31 14:47:01,-35.363262,149.1652373,0.003,0.024094605818390846,351,100,STABILIZE,False
2026-08-31 14:47:01,-35.363262,149.1652373,0.003,0.024225756525993347,351,100,STABILIZE,False
2026-08-31 14:47:01,-35.363262,149.1652373,0.003,0.02440044656395912,351,100,STABILIZE,False
2026-08-31 14:47:02,-35.363262,149.1652373,0.003,0.024268191307783127,351,100,STABILIZE,False
2026-08-31 14:47:02,-35.363262,149.1652373,0.003,0.0243828222155571,351,100,STABILIZE,False
2026-08-31 14:47:02,-35.363262,149.1652373,0.003,0.02423093095421791,351,100,STABILIZE,False
2026-08-31 14:47:03,-35.363262,149.1652373,0.003,0.024358032271265984,351,100,STABILIZE,False
2026-08-31 14:47:03,-35.363262,149.1652373,0.003,0.02412532828748226,351,100,STABILIZE,False
2026-08-31 14:47:03,-35.363262,149.1652373,0.003,0.02412532828748226,351,100,STABILIZE,False
2026-08-31 14:47:04,-35.363262,149.1652373,0.003,0.02428201213479042,351,100,STABILIZE,False
2026-08-31 14:47:04,-35.363262,149.1652373,0.003,0.024088190868496895,351,100,STABILIZE,False
2026-08-31 14:47:04,-35.363262,149.1652373,0.003,0.0238206647336483,351,100,STABILIZE,False
2026-08-31 14:47:05,-35.363262,149.1652373,0.003,0.02397654764354229,351,100,STABILIZE,False
2026-08-31 14:47:05,-35.363262,149.1652373,0.003,0.02380552515387535,351,100,STABILIZE,False
2026-08-31 14:47:06,-35.363262,149.1652373,0.003,0.02381567470729351,351,100,STABILIZE,False
2026-08-31 14:47:06,-35.363262,149.1652373,0.003,0.023895293474197388,351,100,STABILIZE,False
2026-08-31 14:47:06,-35.363262,149.1652373,0.003,0.023780174553394318,351,100,STABILIZE,False
2026-08-31 14:47:07,-35.363262,149.1652373,0.003,0.023906540125608444,351,100,STABILIZE,False
2026-08-31 14:47:07,-35.363262,149.1652373,0.003,0.02369319461286068,351,100,STABILIZE,False
2026-08-31 14:47:08,-35.363262,149.1652373,0.003,0.023637861013412476,351,100,STABILIZE,False
2026-08-31 14:47:08,-35.363262,149.1652373,0.003,0.023775514215230942,351,100,STABILIZE,False
2026-08-31 14:47:08,-35.363262,149.1652373,0.003,0.0235445499420166,351,100,STABILIZE,False
2026-08-31 14:47:09,-35.363262,149.1652373,0.003,0.02359842322766781,351,100,STABILIZE,False
2026-08-31 14:47:09,-35.363262,149.1652373,0.003,0.023646093904972076,351,100,STABILIZE,False
2026-08-31 14:47:10,-35.363262,149.1652373,0.003,0.023661740124225616,351,100,STABILIZE,False
2026-08-31 14:47:10,-35.363262,149.1652373,0.003,0.023844458162784576,351,100,STABILIZE,False
2026-08-31 14:47:10,-35.363262,149.1652373,0.003,0.023725183680653572,351,100,STABILIZE,False
2026-08-31 14:47:11,-35.363262,149.1652373,0.003,0.023925669491291046,351,100,STABILIZE,False
2026-08-31 14:47:11,-35.363262,149.1652373,0.003,0.024007156491279602,351,100,STABILIZE,False
2026-08-31 14:47:11,-35.363262,149.1652373,0.003,0.023969685658812523,351,100,STABILIZE,False
2026-08-31 14:47:12,-35.363262,149.1652373,0.003,0.024190368130803108,351,100,STABILIZE,False
2026-08-31 14:47:12,-35.363262,149.1652373,0.003,0.023905085399746895,351,100,STABILIZE,False
2026-08-31 14:47:13,-35.363262,149.1652373,0.003,0.023950867354869843,351,100,STABILIZE,False
2026-08-31 14:47:13,-35.363262,149.1652373,0.003,0.023959621787071228,351,100,STABILIZE,False
2026-08-31 14:47:13,-35.363262,149.1652373,0.003,0.023896289989352226,351,100,STABILIZE,False
2026-08-31 14:47:14,-35.363262,149.1652373,0.003,0.02411496825516224,351,100,STABILIZE,False
2026-08-31 14:47:14,-35.363262,149.1652373,0.003,0.024283429607748985,351,100,STABILIZE,False
2026-08-31 14:47:15,-35.363262,149.1652373,0.003,0.024056749418377876,351,100,STABILIZE,False
2026-08-31 14:47:15,-35.363262,149.1652373,0.003,0.02426598034799099,351,100,STABILIZE,False
2026-08-31 14:47:16,-35.363262,149.1652373,0.003,0.024041982367634773,351,100,STABILIZE,False
2026-08-31 14:47:16,-35.363262,149.1652373,0.003,0.024237440899014473,351,100,STABILIZE,False
2026-08-31 14:47:16,-35.363262,149.1652373,0.003,0.024074701592326164,351,100,STABILIZE,False
2026-08-31 14:47:17,-35.363262,149.1652373,0.003,0.024069560691714287,351,100,STABILIZE,False
2026-08-31 14:47:17,-35.363262,149.1652373,0.003,0.02414490468800068,351,100,STABILIZE,False
2026-08-31 14:47:17,-35.363262,149.1652373,0.003,0.02382129803299904,351,100,STABILIZE,False
2026-08-31 14:47:18,-35.363262,149.1652373,0.003,0.02402510680258274,351,100,STABILIZE,False
2026-08-31 14:47:18,-35.363262,149.1652373,0.003,0.023875940591096878,351,100,STABILIZE,False
2026-08-31 14:47:18,-35.363262,149.1652373,0.003,0.023748448118567467,351,100,STABILIZE,False
2026-08-31 14:47:19,-35.363262,149.1652373,0.003,0.023904206231236458,351,100,STABILIZE,False
2026-08-31 14:47:19,-35.363262,149.1652373,0.003,0.02364141121506691,351,100,STABILIZE,False
2026-08-31 14:47:20,-35.363262,149.1652373,0.003,0.02372739650309086,351,100,STABILIZE,False
2026-08-31 14:47:20,-35.363262,149.1652373,0.003,0.02382528781890869,351,100,STABILIZE,False
2026-08-31 14:47:20,-35.363262,149.1652373,0.003,0.023568058386445045,351,100,STABILIZE,False
2026-08-31 14:47:21,-35.363262,149.1652373,0.003,0.023700976744294167,351,100,STABILIZE,False
2026-08-31 14:47:21,-35.363262,149.1652373,0.003,0.023665910586714745,351,100,STABILIZE,False
2026-08-31 14:47:21,-35.363262,149.1652373,0.003,0.023488357663154602,351,100,STABILIZE,False
2026-08-31 14:47:22,-35.363262,149.1652373,0.003,0.023636672645807266,351,100,STABILIZE,False
2026-08-31 14:47:22,-35.363262,149.1652373,0.003,0.02330142818391323,351,100,STABILIZE,False
2026-08-31 14:47:23,-35.363262,149.1652373,0.003,0.02341374009847641,351,100,STABILIZE,False
2026-08-31 14:47:23,-35.363262,149.1652373,0.003,0.023472947999835014,351,100,STABILIZE,False
2026-08-31 14:47:23,-35.363262,149.1652373,0.003,0.02333524450659752,351,100,STABILIZE,False
2026-08-31 14:47:24,-35.363262,149.1652373,0.003,0.02374892495572567,351,100,STABILIZE,False
2026-08-31 14:47:24,-35.363262,149.1652373,0.003,0.023679563775658607,351,100,STABILIZE,False
2026-08-31 14:47:25,-35.363262,149.1652373,0.003,0.023732496425509453,351,100,STABILIZE,False
2026-08-31 14:47:25,-35.363262,149.1652373,0.003,0.023901568725705147,351,100,STABILIZE,False
2026-08-31 14:47:26,-35.363262,149.1652373,0.003,0.023654742166399956,351,100,STABILIZE,False
2026-08-31 14:47:26,-35.363262,149.1652373,0.003,0.02389828860759735,351,100,STABILIZE,False
2026-08-31 14:47:26,-35.363262,149.1652373,0.003,0.023926956579089165,351,100,STABILIZE,False
2026-08-31 14:47:27,-35.363262,149.1652373,0.003,0.024042772129178047,351,100,STABILIZE,False
2026-08-31 14:47:27,-35.363262,149.1652373,0.003,0.024145085364580154,351,100,STABILIZE,False
2026-08-31 14:47:27,-35.363262,149.1652373,0.003,0.023867731913924217,351,100,STABILIZE,False
2026-08-31 14:47:28,-35.363262,149.1652373,0.003,0.023946987465023994,351,100,STABILIZE,False
2026-08-31 14:47:28,-35.363262,149.1652373,0.003,0.02377592772245407,351,100,STABILIZE,False
2026-08-31 14:47:28,-35.363262,149.1652373,0.003,0.023742351680994034,351,100,STABILIZE,False
