timestamp,lat,lon,alt,groundspeed,heading,battery,mode,armed
2026-08-31 09:57:57,-35.3632619,149.1652371,0.005,0.02378850057721138,171,64,GUIDED,True
2026-08-31 09:57:57,-35.3632619,149.1652371,0.005,0.02392730489373207,171,64,GUIDED,True
2026-08-31 09:57:57,-35.3632619,149.1652371,0.005,0.023690231144428253,171,64,GUIDED,True
2026-08-31 09:57:58,-35.3632619,149.1652371,0.005,0.023600175976753235,171,64,GUIDED,True
2026-08-31 09:57:58,-35.3632619,149.1652371,0.005,0.023374544456601143,171,64,GUIDED,True
2026-08-31 09:57:59,-35.3632619,149.1652371,0.005,0.023171938955783844,171,64,GUIDED,True
2026-08-31 09:57:59,-35.3632619,149.1652371,0.005,0.02264670841395855,171,64,GUIDED,True
2026-08-31 09:57:59,-35.3632619,149.1652371,0.005,0.02264670841395855,171,64,GUIDED,True
2026-08-31 09:58:00,-35.3632619,149.1652371,0.005,0.020551040768623352,171,64,GUIDED,True
2026-08-31 09:58:00,-35.3632619,149.1652371,0.005,0.02035491354763508,171,64,GUIDED,True
2026-08-31 09:58:00,-35.3632619,149.1652371,0.005,0.019974801689386368,171,64,GUIDED,True
2026-08-31 09:58:01,-35.3632619,149.1652371,0.005,0.01984402909874916,171,64,GUIDED,True
2026-08-31 09:58:01,-35.3632619,149.1652371,0.005,0.019930103793740273,171,64,GUIDED,True
2026-08-31 09:58:01,-35.3632619,149.1652371,0.005,0.020153438672423363,171,64,GUIDED,True
2026-08-31 09:58:02,-35.3632619,149.1652371,0.005,0.02021016553044319,171,64,GUIDED,True
2026-08-31 09:58:02,-35.3632619,149.1652371,0.005,0.02035008743405342,171,64,GUIDED,True
2026-08-31 09:58:03,-35.3632619,149.1652371,0.005,0.02068495936691761,171,64,GUIDED,True
2026-08-31 09:58:03,-35.3632619,149.1652371,0.005,0.02120550535619259,171,64,GUIDED,True
2026-08-31 09:58:03,-35.3632619,149.1652371,0.005,0.02120853401720524,171,64,GUIDED,True
2026-08-31 09:58:04,-35.3632619,149.1652371,0.013,0.021367821842432022,171,64,GUIDED,True
2026-08-31 09:58:04,-35.3632619,149.1652371,0.053,0.021932002156972885,171,64,GUIDED,True
2026-08-31 09:58:04,-35.3632619,149.1652371,0.125,0.02270105667412281,171,64,GUIDED,True
2026-08-31 09:58:05,-35.3632619,149.1652371,0.354,0.023236103355884552,171,64,GUIDED,True
2026-08-31 09:58:05,-35.3632619,149.1652371,0.665,0.017215779051184654,171,64,GUIDED,True
2026-08-31 09:58:06,-35.3632619,149.1652371,0.977,0.0007851755362935364,171,64,GUIDED,True
2026-08-31 09:58:06,-35.363262,149.1652372,1.342,0.009091689251363277,171,64,GUIDED,True
2026-08-31 09:58:06,-35.363262,149.1652372,1.768,0.0064289444126188755,171,64,GUIDED,True
2026-08-31 09:58:07,-35.363262,149.1652373,2.815,0.0023024266120046377,171,64,GUIDED,True
2026-08-31 09:58:07,-35.363262,149.1652373,3.425,0.02136455662548542,170,64,GUIDED,True
2026-08-31 09:58:07,-35.363262,149.1652373,4.694,0.02786480449140072,170,64,GUIDED,True
2026-08-31 09:58:08,-35.363262,149.1652373,5.333,0.03427107632160187,170,63,GUIDED,True
2026-08-31 09:58:08,-35.363262,149.1652373,6.586,0.03499826416373253,170,63,GUIDED,True
2026-08-31 09:58:09,-35.363262,149.1652373,7.207,0.031241409480571747,170,63,GUIDED,True
2026-08-31 09:58:09,-35.363262,149.1652373,8.449,0.030573617666959763,170,63,GUIDED,True
2026-08-31 09:58:09,-35.363262,149.1652373,9.071,0.03145253285765648,170,63,GUIDED,True
2026-08-31 09:58:10,-35.363262,149.1652373,10.316,0.0304010808467865,170,63,GUIDED,True
2026-08-31 09:58:10,-35.363262,149.1652373,10.941,0.030513200908899307,170,63,GUIDED,True
2026-08-31 09:58:11,-35.363262,149.1652373,12.811,0.03036636859178543,170,63,GUIDED,True
2026-08-31 09:58:11,-35.363262,149.1652372,13.434,0.03081602416932583,170,63,GUIDED,True
2026-08-31 09:58:11,-35.363262,149.1652372,14.678,0.03054715134203434,170,63,GUIDED,True
2026-08-31 09:58:12,-35.363262,149.1652372,15.301,0.030258283019065857,170,62,GUIDED,True
2026-08-31 09:58:12,-35.363262,149.1652372,16.55,0.029049165546894073,170,62,GUIDED,True
2026-08-31 09:58:12,-35.363262,149.1652371,17.16,0.022571174427866936,170,62,GUIDED,True
2026-08-31 09:58:13,-35.363262,149.1652372,18.248,0.018893497064709663,170,62,GUIDED,True
2026-08-31 09:58:13,-35.363262,149.1652371,18.697,0.013736025430262089,170,62,GUIDED,True
2026-08-31 09:58:14,-35.363262,149.1652371,19.387,0.013258647173643112,170,62,GUIDED,True
2026-08-31 09:58:14,-35.363262,149.1652371,19.633,0.014689935371279716,170,62,GUIDED,True
2026-08-31 09:58:14,-35.363262,149.1652371,19.934,0.015372044406831264,170,62,GUIDED,True
2026-08-31 09:58:15,-35.363262,149.1652371,19.992,0.016925446689128876,170,62,GUIDED,True
2026-08-31 09:58:15,-35.363262,149.1652371,19.982,0.01728731580078602,170,62,GUIDED,True
2026-08-31 09:58:15,-35.363262,149.1652371,19.963,0.01752530038356781,170,61,GUIDED,True
2026-08-31 09:58:16,-35.363262,149.1652371,19.945,0.017579086124897003,170,61,GUIDED,True
2026-08-31 09:58:17,-35.363262,149.1652371,19.947,0.018769167363643646,170,61,GUIDED,True
2026-08-31 09:58:17,-35.363262,149.1652371,19.961,0.019915062934160233,170,61,GUIDED,True
2026-08-31 09:58:17,-35.363262,149.1652372,19.97,0.022052723914384842,170,61,GUIDED,True
2026-08-31 09:58:18,-35.363262,149.1652372,19.983,0.022992324084043503,170,61,GUIDED,True
2026-08-31 09:58:18,-35.363262,149.1652372,19.984,0.026233898475766182,170,61,GUIDED,True
2026-08-31 09:58:19,-35.363262,149.1652373,19.987,0.027501337230205536,170,61,GUIDED,True
2026-08-31 09:58:19,-35.363262,149.1652373,19.989,0.03044855035841465,170,61,AUTO,True
2026-08-31 09:58:19,-35.3632612,149.1652373,20.002,0.032199788838624954,170,61,AUTO,True
2026-08-31 09:58:20,-35.3632603,149.1652372,20.014,0.36203792691230774,170,60,AUTO,True
2026-08-31 09:58:20,-35.3632566,149.165237,20.056,0.5760806798934937,170,60,AUTO,True
2026-08-31 09:58:20,-35.3632538,149.1652369,20.088,1.123130202293396,151,60,AUTO,True
2026-08-31 09:58:21,-35.3632458,149.1652363,20.18,1.4565047025680542,133,60,AUTO,True
2026-08-31 09:58:21,-35.3632403,149.165236,20.243,2.2609522342681885,100,60,AUTO,True
2026-08-31 09:58:22,-35.3632258,149.1652351,20.406,2.733910083770752,86,60,AUTO,True
2026-08-31 09:58:22,-35.3632168,149.1652346,20.508,3.821751594543457,57,60,AUTO,True
2026-08-31 09:58:22,-35.3631949,149.1652334,20.755,4.377176284790039,43,60,AUTO,True
2026-08-31 09:58:23,-35.3631823,149.1652327,20.898,5.436342239379883,11,60,AUTO,True
2026-08-31 09:58:23,-35.3631533,149.1652314,21.223,5.942436218261719,356,60,AUTO,True
2026-08-31 09:58:23,-35.3631371,149.1652308,21.404,7.011625289916992,354,59,AUTO,True
2026-08-31 09:58:24,-35.3631018,149.1652293,21.795,7.495172500610352,356,59,AUTO,True
2026-08-31 09:58:24,-35.3630828,149.1652285,22.002,8.290528297424316,356,59,AUTO,True
2026-08-31 09:58:25,-35.3630429,149.1652266,22.438,8.618729591369629,356,59,AUTO,True
2026-08-31 09:58:25,-35.3630222,149.1652257,22.662,9.135990142822266,356,59,AUTO,True
2026-08-31 09:58:25,-35.3629799,149.1652237,23.118,9.325010299682617,356,59,AUTO,True
2026-08-31 09:58:26,-35.3629584,149.1652226,23.346,9.562989234924316,356,59,AUTO,True
2026-08-31 09:58:26,-35.3629152,149.1652205,23.801,9.605830192565918,356,59,AUTO,True
2026-08-31 09:58:26,-35.3628932,149.1652195,24.028,9.662046432495117,356,59,AUTO,True
2026-08-31 09:58:27,-35.3628494,149.1652174,24.48,9.706552505493164,356,59,AUTO,True
2026-08-31 09:58:27,-35.3628274,149.1652163,24.706,9.77764892578125,356,58,AUTO,True
2026-08-31 09:58:28,-35.3627832,149.1652142,25.163,9.801911354064941,356,58,AUTO,True
2026-08-31 09:58:28,-35.3627611,149.1652131,25.394,9.825364112854004,356,58,AUTO,True
2026-08-31 09:58:28,-35.3627168,149.1652109,25.857,9.835901260375977,356,58,AUTO,True
2026-08-31 09:58:29,-35.3626945,149.1652098,26.091,9.856683731079102,356,58,AUTO,True
2026-08-31 09:58:29,-35.3626501,149.1652075,26.559,9.863481521606445,356,58,AUTO,True
2026-08-31 09:58:29,-35.3626279,149.1652064,26.794,9.877690315246582,356,58,AUTO,True
2026-08-31 09:58:30,-35.3625837,149.1652041,27.267,9.880599021911621,356,58,AUTO,True
2026-08-31 09:58:30,-35.3625618,149.165203,27.502,9.86451530456543,356,58,AUTO,True
2026-08-31 09:58:31,-35.3625185,149.1652008,27.968,9.78305721282959,356,58,AUTO,True
2026-08-31 09:58:31,-35.3624977,149.1651998,28.191,9.417694091796875,357,57,AUTO,True
2026-08-31 09:58:31,-35.3624581,149.1651978,28.608,9.1471586227417,357,57,AUTO,True
2026-08-31 09:58:32,-35.3624395,149.1651969,28.798,8.439926147460938,357,57,AUTO,True
2026-08-31 09:58:32,-35.3624059,149.1651953,29.135,7.995438098907471,357,57,AUTO,True
2026-08-31 09:58:33,-35.362391,149.1651946,29.28,6.922693252563477,357,57,AUTO,True
2026-08-31 09:58:33,-35.3623653,149.1651931,29.523,6.307722568511963,357,57,AUTO,True
2026-08-31 09:58:33,-35.3623549,149.165192,29.623,4.995687007904053,355,57,AUTO,True
2026-08-31 09:58:34,-35.3623391,149.1651884,29.782,4.289954662322998,353,57,AUTO,True
2026-08-31 09:58:34,-35.362334,149.1651855,29.843,2.836076259613037,341,57,AUTO,True
2026-08-31 09:58:34,-35.3623293,149.1651768,29.93,2.216242790222168,329,57,AUTO,True
2026-08-31 09:58:35,-35.3623296,149.1651707,29.957,2.036454200744629,299,57,AUTO,True
2026-08-31 09:58:35,-35.3623394,149.1651442,29.994,3.943211555480957,256,56,AUTO,True
2026-08-31 09:58:36,-35.3623584,149.1651059,29.995,4.603612422943115,241,56,AUTO,True
2026-08-31 09:58:36,-35.3623661,149.1650906,29.993,6.293467998504639,238,56,AUTO,True
2026-08-31 09:58:37,-35.3623829,149.1650561,29.989,6.797989845275879,238,56,AUTO,True
2026-08-31 09:58:37,-35.362392,149.1650372,29.989,7.730804443359375,239,56,AUTO,True
2026-08-31 09:58:37,-35.3624113,149.164997,29.991,8.112102508544922,239,56,AUTO,True
2026-08-31 09:58:38,-35.3624215,149.1649758,29.991,8.736459732055664,239,56,AUTO,True
2026-08-31 09:58:38,-35.3624318,149.1649541,29.993,8.982260704040527,239,56,AUTO,True
2026-08-31 09:58:39,-35.3624424,149.164932,29.995,9.186529159545898,239,55,AUTO,True
2026-08-31 09:58:39,-35.3624747,149.1648638,30.003,9.532607078552246,239,55,AUTO,True
2026-08-31 09:58:40,-35.3624964,149.164818,30.005,9.557772636413574,239,55,AUTO,True
2026-08-31 09:58:40,-35.3625072,149.1647949,30.006,9.603901863098145,239,55,AUTO,True
2026-08-31 09:58:40,-35.362529,149.1647486,30.006,9.643898010253906,239,55,AUTO,True
2026-08-31 09:58:41,-35.3625399,149.1647254,30.007,9.714861869812012,239,55,AUTO,True
2026-08-31 09:58:41,-35.3625727,149.1646552,30.009,9.744338989257812,239,55,AUTO,True
2026-08-31 09:58:42,-35.3625836,149.1646318,30.01,9.80654239654541,239,55,AUTO,True
2026-08-31 09:58:42,-35.3625946,149.1646083,30.01,9.827535629272461,239,55,AUTO,True
2026-08-31 09:58:42,-35.3626055,149.1645848,30.01,9.84906005859375,239,55,AUTO,True
2026-08-31 09:58:43,-35.3626386,149.164514,30.01,9.867555618286133,239,54,AUTO,True
2026-08-31 09:58:43,-35.3627446,149.1642864,30.003,9.905366897583008,239,54,AUTO,True
2026-08-31 09:58:44,-35.3627514,149.1642725,29.999,6.178195476531982,239,54,AUTO,True
2026-08-31 09:58:44,-35.362758,149.1642604,29.996,5.577677249908447,237,54,AUTO,True
2026-08-31 09:58:45,-35.3627643,149.16425,29.995,4.989467620849609,234,53,AUTO,True
2026-08-31 09:58:45,-35.3627706,149.1642415,29.995,4.42053747177124,230,53,AUTO,True
2026-08-31 09:58:46,-35.3627769,149.1642351,29.997,3.8947980403900146,224,53,AUTO,True
2026-08-31 09:58:46,-35.3627835,149.1642307,29.999,3.4598402976989746,215,53,AUTO,True
2026-08-31 09:58:46,-35.3627903,149.1642283,30.001,3.2019131183624268,205,53,AUTO,True
2026-08-31 09:58:47,-35.3627977,149.1642279,30.003,3.2077884674072266,192,53,AUTO,True
2026-08-31 09:58:47,-35.3628058,149.1642293,30.004,3.4693291187286377,181,53,AUTO,True
2026-08-31 09:58:48,-35.3628148,149.1642322,30.005,3.9156885147094727,171,53,AUTO,True
2026-08-31 09:58:48,-35.3628247,149.1642366,30.004,4.440731525421143,165,53,AUTO,True
2026-08-31 09:58:49,-35.3628355,149.1642423,30.003,4.988425254821777,160,53,AUTO,True
2026-08-31 09:58:49,-35.3628474,149.1642489,30.001,5.547658443450928,158,53,AUTO,True
2026-08-31 09:58:49,-35.3628603,149.1642565,29.998,6.113099098205566,156,53,AUTO,True
2026-08-31 09:58:50,-35.3628746,149.1642648,29.996,6.6864776611328125,155,53,AUTO,True
2026-08-31 09:58:50,-35.3628899,149.1642736,29.994,7.253666400909424,155,53,AUTO,True
2026-08-31 09:58:51,-35.3629062,149.1642828,29.993,7.762624740600586,155,53,AUTO,True
2026-08-31 09:58:51,-35.3629234,149.1642924,29.993,8.19996166229248,155,52,AUTO,True
2026-08-31 09:58:52,-35.3630176,149.1643446,29.994,8.567405700683594,155,52,AUTO,True
2026-08-31 09:58:52,-35.3630375,149.1643556,29.995,9.636693000793457,155,52,AUTO,True
2026-08-31 09:58:52,-35.3630777,149.1643775,29.998,9.716059684753418,155,52,AUTO,True
2026-08-31 09:58:53,-35.3630979,149.1643884,29.998,9.765701293945312,155,52,AUTO,True
2026-08-31 09:58:53,-35.3631385,149.1644102,29.998,9.789839744567871,155,52,AUTO,True
2026-08-31 09:58:54,-35.3631588,149.1644211,29.998,9.844794273376465,155,52,AUTO,True
2026-08-31 09:58:54,-35.3631998,149.164443,30.0,9.86474895477295,155,52,AUTO,True
2026-08-31 09:58:54,-35.3632203,149.164454,30.001,9.888005256652832,155,51,AUTO,True
2026-08-31 09:58:55,-35.3632612,149.1644758,30.002,9.8923921585083,155,51,AUTO,True
2026-08-31 09:58:55,-35.3632817,149.1644867,30.002,9.895471572875977,155,51,AUTO,True
2026-08-31 09:58:56,-35.3633431,149.1645193,30.004,9.893064498901367,155,51,AUTO,True
2026-08-31 09:58:56,-35.3633637,149.1645302,30.005,9.896388053894043,155,51,AUTO,True
2026-08-31 09:58:56,-35.3634044,149.1645519,30.005,9.89941120147705,156,51,AUTO,True
2026-08-31 09:58:57,-35.3634248,149.1645627,30.005,9.907164573669434,156,51,AUTO,True
2026-08-31 09:58:57,-35.3634857,149.164595,30.009,9.92122745513916,156,51,AUTO,True
2026-08-31 09:58:58,-35.3635056,149.1646055,30.012,9.748066902160645,156,51,AUTO,True
2026-08-31 09:58:58,-35.3635441,149.1646259,30.016,9.557195663452148,156,51,AUTO,True
2026-08-31 09:58:58,-35.3635623,149.1646356,30.016,8.993856430053711,156,50,AUTO,True
2026-08-31 09:58:59,-35.3636117,149.1646617,30.008,8.624731063842773,156,50,AUTO,True
2026-08-31 09:58:59,-35.3636258,149.1646692,30.002,7.133850574493408,156,50,AUTO,True
2026-08-31 09:59:00,-35.36365,149.1646832,29.993,6.522917747497559,155,50,AUTO,True
2026-08-31 09:59:00,-35.36366,149.1646899,29.991,5.312307834625244,152,50,AUTO,True
2026-08-31 09:59:00,-35.3636753,149.1647038,29.993,4.73514986038208,149,50,AUTO,True
2026-08-31 09:59:01,-35.3636805,149.1647112,29.995,3.726126194000244,136,50,AUTO,True
2026-08-31 09:59:01,-35.3636862,149.164728,29.999,3.3867876529693604,127,50,AUTO,True
2026-08-31 09:59:01,-35.3636869,149.1647377,30.001,3.4209446907043457,104,50,AUTO,True
2026-08-31 09:59:02,-35.3636849,149.1647611,30.002,3.783296585083008,94,50,AUTO,True
2026-08-31 09:59:02,-35.3636824,149.1647746,30.002,4.7980875968933105,81,49,AUTO,True
2026-08-31 09:59:03,-35.3636754,149.1648058,30.0,5.340986251831055,78,49,AUTO,True
2026-08-31 09:59:03,-35.3636711,149.1648236,29.997,6.47730016708374,75,49,AUTO,True
2026-08-31 09:59:03,-35.3636617,149.1648637,29.994,7.055728912353516,74,49,AUTO,True
2026-08-31 09:59:04,-35.3636567,149.1648856,29.993,8.064742088317871,74,49,AUTO,True
2026-08-31 09:59:04,-35.3636461,149.1649325,29.991,8.458186149597168,74,49,AUTO,True
2026-08-31 09:59:04,-35.3636406,149.1649569,29.991,9.05817699432373,74,49,AUTO,True
2026-08-31 09:59:05,-35.3636293,149.1650074,29.991,9.28252124786377,74,49,AUTO,True
2026-08-31 09:59:05,-35.3636236,149.1650332,29.992,9.60597038269043,74,49,AUTO,True
2026-08-31 09:59:06,-35.3636123,149.1650852,29.995,9.697054862976074,74,49,AUTO,True
2026-08-31 09:59:06,-35.3636066,149.1651114,29.996,9.751355171203613,74,48,AUTO,True
2026-08-31 09:59:06,-35.3635954,149.1651639,29.996,9.774874687194824,74,48,AUTO,True
2026-08-31 09:59:07,-35.3635898,149.1651902,29.997,9.834518432617188,74,48,AUTO,True
2026-08-31 09:59:07,-35.3635786,149.165243,29.998,9.863301277160645,74,48,AUTO,True
2026-08-31 09:59:08,-35.363573,149.1652695,29.998,9.908842086791992,74,48,AUTO,True
2026-08-31 09:59:08,-35.3635618,149.1653225,29.999,9.918451309204102,75,48,AUTO,True
2026-08-31 09:59:08,-35.3635562,149.1653492,30.0,9.927434921264648,75,48,AUTO,True
2026-08-31 09:59:09,-35.363545,149.1654023,30.001,9.928672790527344,75,48,AUTO,True
2026-08-31 09:59:09,-35.3635394,149.1654289,30.001,9.92944622039795,75,48,AUTO,True
2026-08-31 09:59:09,-35.3635283,149.165482,30.002,9.929716110229492,75,48,AUTO,True
2026-08-31 09:59:10,-35.3635228,149.1655084,30.002,9.922872543334961,75,47,AUTO,True
2026-08-31 09:59:10,-35.3635117,149.1655615,30.005,9.921408653259277,75,47,AUTO,True
2026-08-31 09:59:11,-35.3635063,149.1655875,30.008,9.801836013793945,75,47,AUTO,True
2026-08-31 09:59:11,-35.3634957,149.1656379,30.013,9.637845039367676,75,47,AUTO,True
2026-08-31 09:59:11,-35.3634907,149.1656619,30.014,9.137972831726074,75,47,AUTO,True
2026-08-31 09:59:12,-35.3634771,149.1657273,30.008,8.80164623260498,75,47,AUTO,True
2026-08-31 09:59:12,-35.3634731,149.1657465,30.004,7.452574729919434,75,47,AUTO,True
2026-08-31 09:59:13,-35.3634661,149.1657801,29.994,6.877976417541504,75,47,AUTO,True
2026-08-31 09:59:13,-35.3634631,149.1657944,29.99,5.634695529937744,75,47,AUTO,True
2026-08-31 09:59:13,-35.3634582,149.1658178,29.989,5.005131244659424,75,47,AUTO,True
2026-08-31 09:59:14,-35.3634563,149.1658268,29.991,3.7023990154266357,75,46,AUTO,True
2026-08-31 09:59:14,-35.3634536,149.1658397,29.997,3.031404733657837,75,46,AUTO,True
2026-08-31 09:59:14,-35.3634527,149.1658438,29.999,1.787630319595337,75,46,AUTO,True
2026-08-31 09:59:15,-35.3634518,149.1658483,30.001,1.2673941850662231,75,46,AUTO,True
2026-08-31 09:59:15,-35.3634516,149.1658491,30.001,0.45276978611946106,75,46,AUTO,True
2026-08-31 09:59:16,-35.3634516,149.1658489,29.999,0.15596336126327515,75,46,AUTO,True
2026-08-31 09:59:16,-35.3634517,149.1658482,29.998,0.21031521260738373,75,46,AUTO,True
2026-08-31 09:59:16,-35.3634519,149.1658466,29.995,0.2804664969444275,75,46,AUTO,True
2026-08-31 09:59:17,-35.363452,149.165846,29.995,0.23576493561267853,75,46,AUTO,True
2026-08-31 09:59:17,-35.363452,149.1658457,29.993,0.1594986915588379,75,46,AUTO,True
2026-08-31 09:59:18,-35.3634519,149.1658461,29.992,0.12055974453687668,75,46,AUTO,True
2026-08-31 09:59:18,-35.3634518,149.1658469,29.99,0.203159898519516,75,45,AUTO,True
2026-08-31 09:59:18,-35.3634517,149.1658472,29.99,0.16888903081417084,75,45,AUTO,True
2026-08-31 09:59:19,-35.3634517,149.1658471,29.99,0.0755276083946228,75,45,AUTO,True
2026-08-31 09:59:19,-35.3634518,149.1658467,29.989,0.15565776824951172,75,45,AUTO,True
2026-08-31 09:59:19,-35.3634519,149.1658461,29.988,0.15864014625549316,75,45,AUTO,True
2026-08-31 09:59:20,-35.3634519,149.165846,29.987,0.09248771518468857,75,45,AUTO,True
2026-08-31 09:59:21,-35.363452,149.1658457,29.986,0.07258348166942596,75,45,AUTO,True
2026-08-31 09:59:21,-35.363452,149.1658456,29.987,0.05924312397837639,75,45,AUTO,True
2026-08-31 09:59:21,-35.3634521,149.1658455,29.987,0.061229705810546875,75,45,AUTO,True
2026-08-31 09:59:22,-35.3634521,149.1658454,29.988,0.06474252790212631,75,45,AUTO,True
2026-08-31 09:59:22,-35.3634521,149.1658452,29.988,0.06500210613012314,75,45,AUTO,True
2026-08-31 09:59:22,-35.3634521,149.1658452,29.988,0.05831680819392204,75,44,AUTO,True
2026-08-31 09:59:23,-35.3634521,149.1658451,29.988,0.05507645383477211,75,44,AUTO,True
2026-08-31 09:59:23,-35.3634522,149.165845,29.988,0.05229325592517853,75,44,AUTO,True
2026-08-31 09:59:24,-35.3634522,149.1658449,29.989,0.05167834088206291,75,44,AUTO,True
2026-08-31 09:59:24,-35.3634522,149.1658449,29.988,0.04733043164014816,75,44,AUTO,True
2026-08-31 09:59:25,-35.3634523,149.1658448,29.989,0.046057313680648804,75,44,AUTO,True
2026-08-31 09:59:25,-35.3634523,149.1658448,29.989,0.04122042655944824,75,44,AUTO,True
2026-08-31 09:59:25,-35.3634523,149.1658448,29.989,0.03786183521151543,75,44,AUTO,True
2026-08-31 09:59:26,-35.3634523,149.1658448,29.989,0.03438248112797737,75,44,AUTO,True
2026-08-31 09:59:26,-35.3634523,149.1658448,29.989,0.032644063234329224,75,44,AUTO,True
2026-08-31 09:59:27,-35.3634523,149.1658447,29.989,0.033620670437812805,75,43,AUTO,True
2026-08-31 09:59:27,-35.3634523,149.1658447,29.989,0.03357590362429619,75,43,AUTO,True
2026-08-31 09:59:28,-35.3634523,149.1658447,29.989,0.03329451009631157,75,43,AUTO,True
2026-08-31 09:59:28,-35.3634523,149.1658446,29.989,0.032966483384370804,75,43,AUTO,True
2026-08-31 09:59:28,-35.3634523,149.1658446,29.989,0.03188405558466911,75,43,AUTO,True
2026-08-31 09:59:29,-35.3634523,149.1658446,29.989,0.030449144542217255,75,43,AUTO,True
2026-08-31 09:59:33,-35.3634523,149.1658446,29.989,0.027675656601786613,75,43,AUTO,True
2026-08-31 09:59:33,-35.3634523,149.1658446,29.989,0.026759644970297813,75,43,AUTO,True
2026-08-31 09:59:34,-35.3634523,149.1658446,29.989,0.024567844346165657,75,43,AUTO,True
2026-08-31 09:59:34,-35.3634523,149.1658446,29.989,0.024217380210757256,75,43,AUTO,True
2026-08-31 09:59:35,-35.3634523,149.1658446,29.989,0.024668533354997635,75,42,AUTO,True
2026-08-31 09:59:35,-35.3634523,149.1658446,29.989,0.025187000632286072,75,42,AUTO,True
2026-08-31 09:59:36,-35.3634523,149.1658446,29.989,0.02712853252887726,75,42,AUTO,True
2026-08-31 09:59:36,-35.3634523,149.1658446,29.989,0.02816855162382126,75,42,AUTO,True
2026-08-31 09:59:36,-35.3634523,149.1658446,29.989,0.025180522352457047,75,42,AUTO,True
2026-08-31 09:59:37,-35.3634523,149.1658446,29.976,0.021882224828004837,75,42,AUTO,True
2026-08-31 09:59:37,-35.3634523,149.1658446,29.909,0.02686178684234619,75,42,LAND,True
2026-08-31 09:59:37,-35.3634523,149.1658446,29.57,0.030225807800889015,75,42,LAND,True
2026-08-31 09:59:38,-35.3634523,149.1658446,29.294,0.03132304549217224,75,41,LAND,True
2026-08-31 09:59:38,-35.3634523,149.1658446,28.563,0.03078390844166279,75,41,LAND,True
2026-08-31 09:59:39,-35.3634523,149.1658446,28.161,0.029295483604073524,75,41,LAND,True
2026-08-31 09:59:39,-35.3634523,149.1658446,27.001,0.026448383927345276,75,41,LAND,True
2026-08-31 09:59:40,-35.3634523,149.1658446,26.629,0.02662874571979046,75,41,LAND,True
2026-08-31 09:59:40,-35.3634523,149.1658446,26.259,0.026545610278844833,75,41,LAND,True
2026-08-31 09:59:40,-35.3634523,149.1658446,25.892,0.02586219273507595,75,41,LAND,True
2026-08-31 09:59:41,-35.3634523,149.1658445,24.778,0.025275254622101784,75,41,LAND,True
2026-08-31 09:59:41,-35.3634523,149.1658445,24.405,0.02327512390911579,75,41,LAND,True
2026-08-31 09:59:41,-35.3634523,149.1658446,23.657,0.0230375025421381,75,41,LAND,True
2026-08-31 09:59:42,-35.3634523,149.1658446,23.283,0.022353827953338623,75,41,LAND,True
2026-08-31 09:59:42,-35.3634523,149.1658446,22.536,0.02302730642259121,75,40,LAND,True
2026-08-31 09:59:43,-35.3634523,149.1658446,22.16,0.02509312890470028,75,40,LAND,True
2026-08-31 09:59:43,-35.3634523,149.1658446,21.413,0.024496208876371384,75,40,LAND,True
2026-08-31 09:59:43,-35.3634523,149.1658446,21.04,0.021296443417668343,75,40,LAND,True
2026-08-31 09:59:44,-35.3634523,149.1658446,20.295,0.02061021514236927,75,40,LAND,True
2026-08-31 09:59:44,-35.3634523,149.1658446,19.922,0.020909421145915985,75,40,LAND,True
2026-08-31 09:59:44,-35.3634523,149.1658446,19.175,0.021975716575980186,75,40,LAND,True
2026-08-31 09:59:45,-35.3634523,149.1658446,18.798,0.02397116646170616,75,40,LAND,True
2026-08-31 09:59:45,-35.3634523,149.1658446,18.048,0.025244899094104767,75,40,LAND,True
2026-08-31 09:59:46,-35.3634523,149.1658446,17.673,0.026483170688152313,75,40,LAND,True
2026-08-31 09:59:46,-35.3634523,149.1658446,16.923,0.026461714878678322,75,40,LAND,True
2026-08-31 09:59:46,-35.3634523,149.1658446,16.55,0.026714928448200226,75,39,LAND,True
2026-08-31 09:59:47,-35.3634523,149.1658446,15.798,0.026129024103283882,75,39,LAND,True
2026-08-31 09:59:47,-35.3634523,149.1658446,15.421,0.025539066642522812,75,39,LAND,True
2026-08-31 09:59:47,-35.3634523,149.1658446,14.669,0.02610037662088871,75,39,LAND,True
2026-08-31 09:59:48,-35.3634523,149.1658446,14.293,0.02723400853574276,75,39,LAND,True
2026-08-31 09:59:48,-35.3634523,149.1658446,13.546,0.028155770152807236,75,39,LAND,True
2026-08-31 09:59:49,-35.3634523,149.1658446,13.173,0.027450501918792725,75,39,LAND,True
2026-08-31 09:59:49,-35.3634523,149.1658445,12.423,0.026255642995238304,75,39,LAND,True
2026-08-31 09:59:49,-35.3634523,149.1658445,12.048,0.02436199225485325,75,39,LAND,True
2026-08-31 09:59:50,-35.3634523,149.1658445,10.923,0.023753246292471886,75,39,LAND,True
2026-08-31 09:59:50,-35.3634523,149.1658445,10.549,0.02358800172805786,75,39,LAND,True
2026-08-31 09:59:51,-35.3634523,149.1658445,9.897,0.02349916473031044,75,39,LAND,True
2026-08-31 09:59:51,-35.3634523,149.1658445,9.662,0.024380289018154144,75,38,LAND,True
2026-08-31 09:59:51,-35.3634523,149.1658445,9.372,0.024913612753152847,75,38,LAND,True
2026-08-31 09:59:52,-35.3634523,149.1658445,9.265,0.02422730065882206,75,38,LAND,True
2026-08-31 09:59:52,-35.3634523,149.1658445,9.048,0.02347860112786293,75,38,LAND,True
2026-08-31 09:59:52,-35.3634523,149.1658445,8.93,0.023840470239520073,75,38,LAND,True
2026-08-31 09:59:53,-35.3634523,149.1658446,8.68,0.02498883381485939,75,38,LAND,True
2026-08-31 09:59:53,-35.3634523,149.1658446,8.551,0.028566481545567513,75,38,LAND,True
2026-08-31 09:59:54,-35.3634523,149.1658446,8.295,0.02902033179998398,75,38,LAND,True
2026-08-31 09:59:54,-35.3634523,149.1658446,8.168,0.028512679040431976,75,38,LAND,True
2026-08-31 09:59:54,-35.3634523,149.1658446,7.917,0.0281413234770298,75,38,LAND,True
2026-08-31 09:59:55,-35.3634523,149.1658446,7.791,0.026989422738552094,75,37,LAND,True
2026-08-31 09:59:55,-35.3634523,149.1658446,7.54,0.02686016820371151,75,37,LAND,True
2026-08-31 09:59:56,-35.3634523,149.1658446,7.415,0.02536417730152607,75,37,LAND,True
2026-08-31 09:59:56,-35.3634524,149.1658446,7.164,0.025062929838895798,75,37,LAND,True
2026-08-31 09:59:56,-35.3634524,149.1658446,7.038,0.02443753555417061,75,37,LAND,True
2026-08-31 09:59:57,-35.3634524,149.1658446,6.788,0.024340199306607246,75,37,LAND,True
2026-08-31 09:59:57,-35.3634524,149.1658445,6.663,0.02346985973417759,75,37,LAND,True
2026-08-31 09:59:57,-35.3634524,149.1658445,6.412,0.02219085395336151,75,37,LAND,True
2026-08-31 09:59:58,-35.3634524,149.1658445,6.286,0.019366325810551643,75,37,LAND,True
2026-08-31 09:59:58,-35.3634524,149.1658446,6.036,0.019059373065829277,75,37,LAND,True
2026-08-31 09:59:59,-35.3634524,149.1658446,5.911,0.020180530846118927,75,37,LAND,True
2026-08-31 09:59:59,-35.3634524,149.1658446,5.661,0.020921355113387108,75,37,LAND,True
2026-08-31 09:59:59,-35.3634524,149.1658446,5.536,0.020834963768720627,75,36,LAND,True
2026-08-31 10:00:00,-35.3634524,149.1658446,5.286,0.02054225467145443,75,36,LAND,True
2026-08-31 10:00:00,-35.3634524,149.1658446,5.161,0.02071593515574932,75,36,LAND,True
2026-08-31 10:00:00,-35.3634524,149.1658446,4.911,0.020885387435555458,75,36,LAND,True
2026-08-31 10:00:01,-35.3634524,149.1658446,4.786,0.023101728409528732,75,36,LAND,True
2026-08-31 10:00:01,-35.3634524,149.1658446,4.536,0.024272795766592026,75,36,LAND,True
2026-08-31 10:00:02,-35.3634524,149.1658446,4.41,0.025754576548933983,75,36,LAND,True
2026-08-31 10:00:02,-35.3634524,149.1658446,4.16,0.026492949575185776,75,36,LAND,True
2026-08-31 10:00:02,-35.3634524,149.1658446,4.035,0.027631141245365143,75,36,LAND,True
2026-08-31 10:00:03,-35.3634524,149.1658446,3.785,0.0281839519739151,75,36,LAND,True
2026-08-31 10:00:03,-35.3634524,149.1658446,3.66,0.029238790273666382,75,35,LAND,True
2026-08-31 10:00:04,-35.3634524,149.1658446,3.285,0.02814621478319168,75,35,LAND,True
2026-08-31 10:00:04,-35.3634524,149.1658446,3.16,0.027185870334506035,75,35,LAND,True
2026-08-31 10:00:04,-35.3634524,149.1658446,3.035,0.027185870334506035,75,35,LAND,True
2026-08-31 10:00:05,-35.3634524,149.1658446,2.91,0.026471693068742752,75,35,LAND,True
2026-08-31 10:00:05,-35.3634524,149.1658446,2.66,0.02715112455189228,75,35,LAND,True
2026-08-31 10:00:05,-35.3634524,149.1658446,2.535,0.029035178944468498,75,35,LAND,True
2026-08-31 10:00:06,-35.3634524,149.1658445,2.159,0.028674712404608727,75,35,LAND,True
2026-08-31 10:00:06,-35.3634524,149.1658445,2.035,0.025668999180197716,75,35,LAND,True
2026-08-31 10:00:07,-35.3634524,149.1658446,1.785,0.02385183610022068,75,35,LAND,True
2026-08-31 10:00:07,-35.3634524,149.1658446,1.659,0.021972358226776123,75,35,LAND,True
2026-08-31 10:00:07,-35.3634524,149.1658446,1.41,0.021976130083203316,75,34,LAND,True
2026-08-31 10:00:08,-35.3634524,149.1658446,1.284,0.02290111593902111,75,34,LAND,True
2026-08-31 10:00:08,-35.3634524,149.1658445,1.034,0.023052437230944633,75,34,LAND,True
2026-08-31 10:00:09,-35.3634524,149.1658446,0.909,0.021316729485988617,75,34,LAND,True
2026-08-31 10:00:09,-35.3634524,149.1658446,0.659,0.020680146291851997,75,34,LAND,True
2026-08-31 10:00:09,-35.3634524,149.1658446,0.535,0.020759334787726402,75,34,LAND,True
2026-08-31 10:00:10,-35.3634524,149.1658446,0.285,0.020420387387275696,75,34,LAND,True
2026-08-31 10:00:10,-35.3634524,149.1658446,0.161,0.020176785066723824,75,34,LAND,True
2026-08-31 10:00:10,-35.3634524,149.1658446,-0.088,0.02015780098736286,75,34,LAND,True
2026-08-31 10:00:11,-35.3634524,149.1658446,-0.213,0.022226518020033836,75,34,LAND,True
2026-08-31 10:00:11,-35.3634524,149.1658446,-0.463,0.024501124396920204,75,34,LAND,True
2026-08-31 10:00:12,-35.3634524,149.1658446,-0.588,0.027531292289495468,75,33,LAND,True
2026-08-31 10:00:12,-35.3634524,149.1658446,-0.839,0.026859207078814507,75,33,LAND,True
2026-08-31 10:00:12,-35.3634524,149.1658446,-0.896,0.02570159174501896,75,33,LAND,True
2026-08-31 10:00:13,-35.3634524,149.1658446,-0.875,0.028076807036995888,75,33,LAND,True
2026-08-31 10:00:13,-35.3634524,149.1658446,-0.875,0.02581646852195263,75,33,LAND,True
2026-08-31 10:00:13,-35.3634524,149.1658446,-0.872,0.025468580424785614,75,33,LAND,True
2026-08-31 10:00:14,-35.3634524,149.1658446,-0.871,0.024045150727033615,75,33,LAND,True
2026-08-31 10:00:14,-35.3634524,149.1658446,-0.869,0.023733697831630707,75,33,LAND,True
2026-08-31 10:00:15,-35.3634524,149.1658446,-0.867,0.023053649812936783,75,33,LAND,True
2026-08-31 10:00:15,-35.3634524,149.1658446,-0.862,0.022792940959334373,75,33,LAND,True
2026-08-31 10:00:16,-35.3634524,149.1658446,-0.854,0.022508665919303894,75,33,LAND,True
2026-08-31 10:00:16,-35.3634524,149.1658446,-0.854,0.021247107535600662,75,33,LAND,True
2026-08-31 10:00:16,-35.3634524,149.1658446,-0.854,0.02088216505944729,75,33,LAND,True
2026-08-31 10:00:17,-35.3634524,149.1658446,-0.854,0.020852038636803627,75,33,LAND,True
2026-08-31 10:00:17,-35.3634524,149.1658446,-0.854,0.021052001044154167,75,33,LAND,False
2026-08-31 10:00:18,-35.3634524,149.1658447,-0.853,0.0213321465998888,75,33,LAND,False
2026-08-31 10:00:18,-35.3634523,149.1658447,-0.853,0.021356431767344475,75,33,LAND,False
2026-08-31 10:00:18,-35.3634523,149.1658447,-0.853,0.02156158722937107,75,33,LAND,False
2026-08-31 10:00:19,-35.3634523,149.1658447,-0.853,0.021952135488390923,75,33,LAND,False
2026-08-31 10:00:19,-35.3634523,149.1658447,-0.853,0.02227303758263588,75,33,LAND,False
2026-08-31 10:00:20,-35.3634523,149.1658447,-0.853,0.02232767641544342,75,33,LAND,False
2026-08-31 10:00:20,-35.3634523,149.1658447,-0.853,0.02252846024930477,75,33,LAND,False
2026-08-31 10:00:20,-35.3634523,149.1658447,-0.853,0.022952787578105927,75,33,LAND,False
2026-08-31 10:00:21,-35.3634523,149.1658447,-0.853,0.023373767733573914,75,33,LAND,False
2026-08-31 10:00:21,-35.3634523,149.1658447,-0.853,0.023490717634558678,75,33,LAND,False
2026-08-31 10:00:21,-35.3634523,149.1658447,-0.854,0.023656116798520088,75,33,LAND,False
2026-08-31 10:00:22,-35.3634523,149.1658447,-0.854,0.023944422602653503,75,33,LAND,False
2026-08-31 10:00:22,-35.3634523,149.1658447,-0.854,0.0243898443877697,75,33,LAND,False
2026-08-31 10:00:23,-35.3634523,149.1658447,-0.854,0.024363325908780098,75,33,LAND,False
2026-08-31 10:00:23,-35.3634523,149.1658447,-0.854,0.024403713643550873,75,33,LAND,False
2026-08-31 10:00:23,-35.3634523,149.1658447,-0.854,0.02501882053911686,75,33,LAND,False
2026-08-31 10:00:24,-35.3634523,149.1658447,-0.854,0.024808254092931747,75,33,LAND,False
2026-08-31 10:00:24,-35.3634523,149.1658447,-0.854,0.025060739368200302,75,33,LAND,False
2026-08-31 10:00:25,-35.3634523,149.1658447,-0.855,0.025348974391818047,75,33,LAND,False
2026-08-31 10:00:25,-35.3634523,149.1658447,-0.855,0.025017734616994858,75,33,LAND,False
2026-08-31 10:00:25,-35.3634523,149.1658447,-0.855,0.02507677674293518,75,33,LAND,False
2026-08-31 10:00:26,-35.3634523,149.1658447,-0.855,0.02481820620596409,76,33,LAND,False
2026-08-31 10:00:26,-35.3634523,149.1658447,-0.855,0.02486959844827652,76,33,LAND,False
2026-08-31 10:00:27,-35.3634523,149.1658447,-0.855,0.024747267365455627,76,33,LAND,False
2026-08-31 10:00:27,-35.3634523,149.1658447,-0.855,0.02474510855972767,76,33,LAND,False
2026-08-31 10:00:27,-35.3634523,149.1658447,-0.855,0.024903083220124245,76,33,LAND,False
2026-08-31 10:00:28,-35.3634523,149.1658447,-0.855,0.024563251063227654,76,33,LAND,False
2026-08-31 10:00:28,-35.3634523,149.1658447,-0.855,0.02457183599472046,76,33,LAND,False
2026-08-31 10:00:28,-35.3634523,149.1658447,-0.855,0.02485497109591961,76,33,LAND,False
2026-08-31 10:00:29,-35.3634523,149.1658447,-0.855,0.024398043751716614,76,33,LAND,False
2026-08-31 10:00:29,-35.3634523,149.1658447,-0.856,0.02451940067112446,76,33,LAND,False
2026-08-31 10:00:30,-35.3634523,149.1658447,-0.856,0.024406971409916878,76,33,LAND,False
2026-08-31 10:00:30,-35.3634523,149.1658447,-0.856,0.024430565536022186,76,33,LAND,False
2026-08-31 10:00:30,-35.3634523,149.1658447,-0.856,0.024539491161704063,76,33,LAND,False
2026-08-31 10:00:31,-35.3634523,149.1658447,-0.856,0.024329325184226036,76,33,LAND,False
2026-08-31 10:00:31,-35.3634523,149.1658447,-0.856,0.0243644118309021,76,33,LAND,False
2026-08-31 10:00:31,-35.3634523,149.1658447,-0.856,0.024422701448202133,76,33,LAND,False
2026-08-31 10:00:32,-35.3634523,149.1658447,-0.856,0.024154627695679665,76,33,LAND,False
2026-08-31 10:00:32,-35.3634523,149.1658447,-0.856,0.024297693744301796,76,33,LAND,False
2026-08-31 10:00:33,-35.3634523,149.1658447,-0.856,0.0242319293320179,76,33,LAND,False
2026-08-31 10:00:33,-35.3634523,149.1658447,-0.856,0.02423061802983284,76,33,LAND,False
2026-08-31 10:00:33,-35.3634523,149.1658447,-0.856,0.024737345054745674,76,33,LAND,False
2026-08-31 10:00:34,-35.3634523,149.1658447,-0.856,0.024426765739917755,76,33,LAND,False
2026-08-31 10:00:34,-35.3634523,149.1658447,-0.856,0.024185411632061005,76,33,LAND,False
2026-08-31 10:00:35,-35.3634523,149.1658447,-0.856,0.023943837732076645,76,33,LAND,False
2026-08-31 10:00:35,-35.3634523,149.1658447,-0.856,0.024049341678619385,76,33,LAND,False
2026-08-31 10:00:35,-35.3634523,149.1658447,-0.856,0.024131502956151962,76,33,LAND,False
2026-08-31 10:00:36,-35.3634523,149.1658447,-0.856,0.023958556354045868,76,33,LAND,False
2026-08-31 10:00:36,-35.3634523,149.1658447,-0.856,0.024098627269268036,76,33,LAND,False
2026-08-31 10:00:37,-35.3634523,149.1658447,-0.856,0.023928960785269737,76,33,LAND,False
2026-08-31 10:00:37,-35.3634523,149.1658447,-0.857,0.02402820624411106,76,33,LAND,False
2026-08-31 10:00:37,-35.3634523,149.1658447,-0.857,0.024482110515236855,76,33,LAND,False
2026-08-31 10:00:38,-35.3634523,149.1658447,-0.857,0.024152355268597603,76,33,LAND,False
2026-08-31 10:00:38,-35.3634523,149.1658447,-0.857,0.024006841704249382,76,33,LAND,False
2026-08-31 10:00:39,-35.3634523,149.1658447,-0.857,0.024205835536122322,76,33,LAND,False
2026-08-31 10:00:39,-35.3634523,149.1658447,-0.857,0.023841524496674538,76,33,LAND,False
2026-08-31 10:00:39,-35.3634523,149.1658447,-0.857,0.02386987954378128,76,33,LAND,False
2026-08-31 10:00:40,-35.3634523,149.1658447,-0.857,0.023555709049105644,76,33,LAND,False
2026-08-31 10:00:40,-35.3634523,149.1658447,-0.857,0.023543959483504295,76,33,LAND,False
2026-08-31 10:00:41,-35.3634523,149.1658447,-0.857,0.023715568706393242,76,33,LAND,False
2026-08-31 10:00:41,-35.3634523,149.1658447,-0.857,0.023746637627482414,76,33,LAND,False
2026-08-31 10:00:42,-35.3634523,149.1658447,-0.856,0.02386077307164669,76,33,LAND,False
2026-08-31 10:00:43,-35.3634523,149.1658447,-0.856,0.02386077307164669,76,33,LAND,False
2026-08-31 10:00:45,-35.3634523,149.1658447,-0.856,0.023762013763189316,76,33,LAND,False
2026-08-31 10:00:45,-35.3634523,149.1658447,-0.856,0.02407114952802658,76,33,LAND,False
2026-08-31 10:00:46,-35.3634523,149.1658447,-0.856,0.023776859045028687,76,33,LAND,False
2026-08-31 10:00:46,-35.3634523,149.1658447,-0.856,0.02376379631459713,76,33,LAND,False
2026-08-31 10:00:47,-35.3634523,149.1658447,-0.856,0.023793140426278114,76,33,LAND,False
2026-08-31 10:00:47,-35.3634523,149.1658447,-0.856,0.02386421337723732,76,33,LAND,False
2026-08-31 10:00:48,-35.3634523,149.1658447,-0.856,0.023814445361495018,76,33,LAND,False
2026-08-31 10:00:48,-35.3634523,149.1658447,-0.856,0.023866107687354088,76,33,LAND,False
2026-08-31 10:00:48,-35.3634523,149.1658447,-0.856,0.024117734283208847,76,33,LAND,False
2026-08-31 10:00:50,-35.3634523,149.1658447,-0.856,0.024212149903178215,76,33,LAND,False
2026-08-31 10:00:50,-35.3634523,149.1658447,-0.856,0.02415531873703003,76,33,LAND,False
2026-08-31 10:00:50,-35.3634523,149.1658447,-0.856,0.02424694038927555,76,33,LAND,False
2026-08-31 10:00:51,-35.3634523,149.1658447,-0.856,0.024044904857873917,76,33,LAND,False
2026-08-31 10:00:51,-35.3634523,149.1658447,-0.856,0.02411067672073841,76,33,LAND,False
2026-08-31 10:00:51,-35.3634523,149.1658447,-0.856,0.024203982204198837,76,33,LAND,False
2026-08-31 10:00:52,-35.3634523,149.1658447,-0.856,0.023786647245287895,76,33,LAND,False
2026-08-31 10:00:52,-35.3634523,149.1658447,-0.856,0.02394207753241062,76,33,LAND,False
2026-08-31 10:00:53,-35.3634523,149.1658447,-0.856,0.023491863161325455,76,33,LAND,False
2026-08-31 10:00:53,-35.3634523,149.1658447,-0.856,0.023679709061980247,76,33,LAND,False
2026-08-31 10:00:53,-35.3634523,149.1658447,-0.856,0.023545823991298676,76,33,LAND,False
2026-08-31 10:00:54,-35.3634523,149.1658447,-0.856,0.023674121126532555,76,33,LAND,False
2026-08-31 10:00:55,-35.3634523,149.1658447,-0.856,0.023732518777251244,76,33,LAND,False
2026-08-31 10:00:55,-35.3634523,149.1658447,-0.856,0.023578697815537453,76,33,LAND,False
2026-08-31 10:00:55,-35.3634523,149.1658447,-0.856,0.023655960336327553,76,33,LAND,False
2026-08-31 10:00:56,-35.3634523,149.1658447,-0.856,0.02347179315984249,76,33,LAND,False
2026-08-31 10:00:56,-35.3634523,149.1658447,-0.856,0.02347959764301777,76,33,LAND,False
2026-08-31 10:00:57,-35.3634523,149.1658447,-0.856,0.023660767823457718,76,33,LAND,False
2026-08-31 10:00:57,-35.3634523,149.1658447,-0.856,0.023377524688839912,76,33,LAND,False
2026-08-31 10:00:57,-35.3634523,149.1658447,-0.856,0.023284191265702248,76,33,LAND,False
2026-08-31 10:00:58,-35.3634523,149.1658447,-0.856,0.022661244496703148,76,33,LAND,False
2026-08-31 10:00:58,-35.3634523,149.1658447,-0.856,0.022661244496703148,76,33,LAND,False
2026-08-31 10:00:58,-35.3634523,149.1658447,-0.856,0.021847937256097794,76,33,LAND,False
2026-08-31 10:00:59,-35.3634523,149.1658447,-0.856,0.021314416080713272,76,33,LAND,False
2026-08-31 10:00:59,-35.3634523,149.1658447,-0.856,0.020822888240218163,76,33,LAND,False
2026-08-31 10:01:00,-35.3634523,149.1658447,-0.856,0.02048725262284279,76,33,LAND,False
2026-08-31 10:01:00,-35.3634523,149.1658447,-0.856,0.01925336755812168,76,33,LAND,False
2026-08-31 10:01:00,-35.3634523,149.1658447,-0.856,0.018788114190101624,76,33,LAND,False
2026-08-31 10:01:01,-35.3634523,149.1658447,-0.856,0.017715254798531532,76,33,LAND,False
2026-08-31 10:01:01,-35.3634523,149.1658447,-0.856,0.017344290390610695,76,33,LAND,False
2026-08-31 10:01:02,-35.3634523,149.1658447,-0.856,0.01615791767835617,76,33,LAND,False
2026-08-31 10:01:02,-35.3634523,149.1658447,-0.856,0.015545821748673916,76,33,LAND,False
2026-08-31 10:01:03,-35.3634523,149.1658447,-0.856,0.014403131790459156,76,33,LAND,False
2026-08-31 10:01:03,-35.3634523,149.1658447,-0.856,0.013581477105617523,76,33,LAND,False
2026-08-31 10:01:04,-35.3634523,149.1658447,-0.856,0.012359016574919224,76,33,LAND,False
2026-08-31 10:01:04,-35.3634523,149.1658447,-0.856,0.011849552392959595,76,33,LAND,False
2026-08-31 10:01:04,-35.3634523,149.1658447,-0.856,0.0101719805970788,76,33,LAND,False
2026-08-31 10:01:05,-35.3634523,149.1658447,-0.856,0.00959010235965252,76,33,LAND,False
2026-08-31 10:01:05,-35.3634523,149.1658447,-0.856,0.008414299227297306,76,33,LAND,False
2026-08-31 10:01:06,-35.3634523,149.1658447,-0.856,0.00789582822471857,76,33,LAND,False
2026-08-31 10:01:06,-35.3634523,149.1658447,-0.856,0.006191821303218603,76,33,LAND,False
2026-08-31 10:01:07,-35.3634523,149.1658447,-0.856,0.0057853576727211475,76,33,LAND,False
2026-08-31 10:01:07,-35.3634523,149.1658447,-0.856,0.004701551515609026,76,33,LAND,False
2026-08-31 10:01:07,-35.3634523,149.1658447,-0.856,0.00424113729968667,76,33,LAND,False
2026-08-31 10:01:08,-35.3634523,149.1658447,-0.856,0.003362050512805581,76,33,LAND,False
2026-08-31 10:01:08,-35.3634523,149.1658447,-0.856,0.0028379058931022882,76,33,LAND,False
2026-08-31 10:01:09,-35.3634523,149.1658447,-0.856,0.0014396498445421457,76,33,LAND,False
2026-08-31 10:01:09,-35.3634523,149.1658447,-0.856,0.000856021128129214,76,33,LAND,False
2026-08-31 10:01:10,-35.3634523,149.1658447,-0.856,8.905609138309956e-05,76,33,LAND,False
2026-08-31 10:01:11,-35.3634523,149.1658447,-0.856,0.0004320167063269764,76,33,LAND,False
2026-08-31 10:01:11,-35.3634523,149.1658447,-0.856,0.0012472682865336537,76,33,LAND,False
2026-08-31 10:01:13,-35.3634522,149.1658448,-0.856,0.0015979842282831669,76,33,LAND,False
2026-08-31 10:01:14,-35.3634522,149.1658448,-0.856,0.0023220954462885857,76,33,LAND,False
2026-08-31 10:01:15,-35.3634522,149.1658448,-0.855,0.002660484751686454,76,33,LAND,False
2026-08-31 10:01:16,-35.3634522,149.1658448,-0.855,0.003716430626809597,76,33,LAND,False
2026-08-31 10:01:16,-35.3634522,149.1658448,-0.855,0.00402018241584301,76,33,LAND,False
2026-08-31 10:01:18,-35.3634522,149.1658448,-0.855,0.00474646408110857,76,33,LAND,False
2026-08-31 10:01:18,-35.3634522,149.1658448,-0.855,0.005064523313194513,76,33,LAND,False
2026-08-31 10:01:19,-35.3634522,149.1658448,-0.855,0.005918310489505529,76,33,LAND,False
2026-08-31 10:01:19,-35.3634522,149.1658448,-0.856,0.006041156593710184,76,33,LAND,False
2026-08-31 10:01:20,-35.3634522,149.1658448,-0.856,0.007172285113483667,76,33,LAND,False
2026-08-31 10:01:20,-35.3634522,149.1658448,-0.856,0.007415265776216984,76,33,LAND,False
2026-08-31 10:01:21,-35.3634522,149.1658448,-0.856,0.00810716487467289,76,33,LAND,False
2026-08-31 10:01:22,-35.3634522,149.1658448,-0.856,0.00829524639993906,76,33,LAND,False
2026-08-31 10:01:22,-35.3634522,149.1658448,-0.856,0.009262444451451302,76,33,LAND,False
2026-08-31 10:01:24,-35.3634522,149.1658448,-0.856,0.009527537971735,76,33,LAND,False
2026-08-31 10:01:24,-35.3634522,149.1658448,-0.856,0.010002980008721352,76,33,LAND,False
2026-08-31 10:01:25,-35.3634522,149.1658448,-0.856,0.010170900262892246,76,33,LAND,False
2026-08-31 10:01:25,-35.3634522,149.1658448,-0.856,0.010510900057852268,76,33,LAND,False
2026-08-31 10:01:26,-35.3634522,149.1658448,-0.856,0.010628821328282356,76,33,LAND,False
2026-08-31 10:01:26,-35.3634522,149.1658448,-0.856,0.011443806812167168,76,33,LAND,False
2026-08-31 10:01:26,-35.3634522,149.1658448,-0.856,0.011726305820047855,76,33,LAND,False
2026-08-31 10:01:27,-35.3634522,149.1658448,-0.856,0.012419547885656357,76,33,LAND,False
2026-08-31 10:01:27,-35.3634522,149.1658448,-0.856,0.012689732015132904,76,33,LAND,False
2026-08-31 10:01:28,-35.3634522,149.1658448,-0.856,0.013269794173538685,76,33,LAND,False
2026-08-31 10:01:28,-35.3634522,149.1658448,-0.856,0.013535918667912483,76,33,LAND,False
2026-08-31 10:01:28,-35.3634522,149.1658448,-0.856,0.013742371462285519,76,33,LAND,False
2026-08-31 10:01:29,-35.3634522,149.1658448,-0.856,0.014045866206288338,76,33,LAND,False
2026-08-31 10:01:29,-35.3634522,149.1658448,-0.856,0.014288621954619884,76,33,LAND,False
2026-08-31 10:01:29,-35.3634522,149.1658448,-0.856,0.014477191492915154,76,33,LAND,False
2026-08-31 10:01:30,-35.3634522,149.1658448,-0.856,0.014946413226425648,76,33,LAND,False
2026-08-31 10:01:30,-35.3634522,149.1658448,-0.856,0.014937632717192173,76,33,LAND,False
2026-08-31 10:01:31,-35.3634522,149.1658448,-0.856,0.015098337084054947,76,33,LAND,False
2026-08-31 10:01:31,-35.3634522,149.1658448,-0.856,0.015359845012426376,76,33,LAND,False
2026-08-31 10:01:32,-35.3634522,149.1658448,-0.856,0.015830490738153458,75,33,LAND,False
2026-08-31 10:01:32,-35.3634522,149.1658448,-0.856,0.015978923067450523,75,33,LAND,False
2026-08-31 10:01:32,-35.3634522,149.1658448,-0.856,0.016141491010785103,75,33,LAND,False
2026-08-31 10:01:33,-35.3634522,149.1658448,-0.856,0.016330508515238762,75,33,LAND,False
2026-08-31 10:01:33,-35.3634522,149.1658448,-0.856,0.016542736440896988,75,33,LAND,False
2026-08-31 10:01:33,-35.3634521,149.1658448,-0.856,0.01673801615834236,75,33,LAND,False
2026-08-31 10:01:34,-35.3634521,149.1658448,-0.856,0.01725747622549534,75,33,LAND,False
2026-08-31 10:01:34,-35.3634521,149.1658448,-0.856,0.017153842374682426,75,33,LAND,False
2026-08-31 10:01:35,-35.3634521,149.1658448,-0.856,0.017357949167490005,75,33,LAND,False
2026-08-31 10:01:35,-35.3634521,149.1658448,-0.856,0.017728470265865326,75,33,LAND,False
2026-08-31 10:01:35,-35.3634521,149.1658448,-0.856,0.01768740825355053,75,33,LAND,False
2026-08-31 10:01:36,-35.3634521,149.1658448,-0.856,0.017743868753314018,75,33,LAND,False
2026-08-31 10:01:36,-35.3634521,149.1658448,-0.856,0.017861519008874893,75,33,LAND,False
2026-08-31 10:01:36,-35.3634521,149.1658448,-0.856,0.017893299460411072,75,33,LAND,False
2026-08-31 10:01:37,-35.3634521,149.1658448,-0.856,0.018172694370150566,75,33,LAND,False
2026-08-31 10:01:37,-35.3634521,149.1658448,-0.856,0.01804208755493164,75,33,LAND,False
2026-08-31 10:01:38,-35.3634521,149.1658448,-0.856,0.01833808608353138,75,33,LAND,False
2026-08-31 10:01:38,-35.3634521,149.1658448,-0.856,0.018527839332818985,75,33,LAND,False
2026-08-31 10:01:39,-35.3634521,149.1658448,-0.856,0.018831104040145874,75,33,LAND,False
2026-08-31 10:01:39,-35.3634521,149.1658448,-0.856,0.019206875935196877,75,33,LAND,False
2026-08-31 10:01:39,-35.3634521,149.1658448,-0.856,0.019130511209368706,75,33,LAND,False
2026-08-31 10:01:40,-35.3634521,149.1658448,-0.855,0.01930580474436283,75,33,LAND,False
2026-08-31 10:01:40,-35.3634521,149.1658448,-0.855,0.019323905929923058,75,33,LAND,False
2026-08-31 10:01:41,-35.3634521,149.1658448,-0.855,0.01933496631681919,75,33,LAND,False
2026-08-31 10:01:41,-35.3634521,149.1658448,-0.855,0.01939571276307106,75,33,LAND,False
2026-08-31 10:01:41,-35.3634521,149.1658448,-0.855,0.019393954426050186,75,33,LAND,False
2026-08-31 10:01:42,-35.3634521,149.1658448,-0.855,0.01961289532482624,75,33,LAND,False
2026-08-31 10:01:42,-35.3634521,149.1658448,-0.855,0.019836049526929855,75,33,LAND,False
2026-08-31 10:01:43,-35.3634521,149.1658448,-0.855,0.019803501665592194,75,33,LAND,False
2026-08-31 10:01:43,-35.3634521,149.1658448,-0.855,0.01993292197585106,75,33,LAND,False
2026-08-31 10:01:43,-35.3634521,149.1658448,-0.855,0.019967425614595413,75,33,LAND,False
2026-08-31 10:01:44,-35.3634521,149.1658448,-0.856,0.019999882206320763,75,33,LAND,False
2026-08-31 10:01:45,-35.3634521,149.1658448,-0.856,0.020314181223511696,75,33,LAND,False
2026-08-31 10:01:45,-35.3634521,149.1658448,-0.856,0.020275473594665527,75,33,LAND,False
2026-08-31 10:01:45,-35.3634521,149.1658448,-0.856,0.0206777211278677,75,33,LAND,False
2026-08-31 10:01:46,-35.3634521,149.1658448,-0.856,0.020653458312153816,75,33,LAND,False
2026-08-31 10:01:46,-35.3634521,149.1658448,-0.856,0.020698949694633484,75,33,LAND,False
2026-08-31 10:01:47,-35.3634521,149.1658448,-0.856,0.020514579489827156,75,33,LAND,False
2026-08-31 10:01:47,-35.3634521,149.1658448,-0.856,0.02068447694182396,75,33,LAND,False
2026-08-31 10:01:47,-35.3634521,149.1658448,-0.856,0.020827626809477806,75,33,LAND,False
2026-08-31 10:01:48,-35.3634521,149.1658448,-0.856,0.020958947017788887,75,33,LAND,False
2026-08-31 10:01:48,-35.3634521,149.1658448,-0.856,0.021117297932505608,75,33,LAND,False
2026-08-31 10:01:48,-35.3634521,149.1658448,-0.856,0.021032892167568207,75,33,LAND,False
2026-08-31 10:01:49,-35.3634521,149.1658448,-0.856,0.0211182851344347,75,33,LAND,False
2026-08-31 10:01:49,-35.3634521,149.1658448,-0.856,0.020995037630200386,75,33,LAND,False
2026-08-31 10:01:50,-35.3634521,149.1658448,-0.856,0.021124502643942833,75,33,LAND,False
2026-08-31 10:01:50,-35.3634521,149.1658448,-0.856,0.021601082757115364,75,33,LAND,False
2026-08-31 10:01:51,-35.3634521,149.1658448,-0.856,0.02161501534283161,75,33,LAND,False
2026-08-31 10:01:51,-35.3634521,149.1658448,-0.856,0.02177189104259014,75,33,LAND,False
2026-08-31 10:01:51,-35.3634521,149.1658448,-0.856,0.02177189104259014,75,33,LAND,False
2026-08-31 10:01:52,-35.3634521,149.1658448,-0.856,0.021592430770397186,75,33,LAND,False
2026-08-31 10:01:52,-35.3634521,149.1658448,-0.856,0.021732399240136147,75,33,LAND,False
2026-08-31 10:01:52,-35.3634521,149.1658448,-0.856,0.021599702537059784,75,33,LAND,False
2026-08-31 10:01:53,-35.3634521,149.1658448,-0.856,0.021673571318387985,75,33,LAND,False
2026-08-31 10:01:53,-35.3634521,149.1658448,-0.856,0.021528149023652077,75,33,LAND,False
2026-08-31 10:01:54,-35.3634521,149.1658448,-0.856,0.02162502147257328,75,33,LAND,False
2026-08-31 10:01:54,-35.3634521,149.1658448,-0.856,0.021868685260415077,75,33,LAND,False
2026-08-31 10:01:54,-35.3634521,149.1658448,-0.856,0.021777933463454247,75,33,LAND,False
2026-08-31 10:01:55,-35.3634521,149.1658449,-0.856,0.02199791558086872,75,33,LAND,False
2026-08-31 10:01:55,-35.3634521,149.1658448,-0.856,0.022108739241957664,75,33,LAND,False
2026-08-31 10:01:55,-35.3634521,149.1658448,-0.856,0.021808644756674767,75,33,LAND,False
2026-08-31 10:01:56,-35.3634521,149.1658448,-0.856,0.02189021371304989,75,33,LAND,False
2026-08-31 10:01:56,-35.3634521,149.1658448,-0.856,0.021971676498651505,75,33,LAND,False
2026-08-31 10:01:57,-35.3634521,149.1658449,-0.856,0.02192051336169243,75,33,LAND,False
2026-08-31 10:01:57,-35.3634521,149.1658448,-0.856,0.022113801911473274,75,33,LAND,False
2026-08-31 10:01:57,-35.3634521,149.1658448,-0.856,0.021900508552789688,75,33,LAND,False
2026-08-31 10:01:58,-35.3634521,149.1658448,-0.856,0.02196054346859455,75,33,LAND,False
2026-08-31 10:01:58,-35.3634521,149.1658448,-0.856,0.022143403068184853,75,33,LAND,False
2026-08-31 10:01:59,-35.3634521,149.1658448,-0.856,0.022304095327854156,75,33,LAND,False
2026-08-31 10:01:59,-35.3634521,149.1658448,-0.856,0.02246258035302162,75,33,LAND,False
2026-08-31 10:01:59,-35.3634521,149.1658448,-0.856,0.02241368032991886,75,33,LAND,False
2026-08-31 10:02:00,-35.3634521,149.1658449,-0.856,0.022940045222640038,75,33,LAND,False
2026-08-31 10:02:00,-35.3634521,149.1658449,-0.856,0.02284134551882744,75,33,LAND,False
2026-08-31 10:02:01,-35.3634521,149.1658449,-0.856,0.02274961955845356,75,33,LAND,False
2026-08-31 10:02:01,-35.3634521,149.1658449,-0.856,0.023078756406903267,75,33,LAND,False
2026-08-31 10:02:01,-35.3634521,149.1658449,-0.855,0.022819669917225838,75,33,LAND,False
2026-08-31 10:02:02,-35.3634521,149.1658449,-0.855,0.02275906689465046,75,33,LAND,False
2026-08-31 10:02:02,-35.3634521,149.1658449,-0.855,0.02293599210679531,75,33,LAND,False
2026-08-31 10:02:03,-35.3634521,149.1658449,-0.855,0.02280706912279129,75,33,LAND,False
2026-08-31 10:02:03,-35.3634521,149.1658449,-0.855,0.022870510816574097,75,33,LAND,False
2026-08-31 10:02:03,-35.3634521,149.1658449,-0.855,0.022914087399840355,75,33,LAND,False
2026-08-31 10:02:04,-35.3634521,149.1658449,-0.855,0.02291688323020935,75,33,LAND,False
2026-08-31 10:02:04,-35.3634521,149.1658449,-0.855,0.022999387234449387,75,33,LAND,False
2026-08-31 10:02:05,-35.3634521,149.1658449,-0.855,0.022948933765292168,75,33,LAND,False
2026-08-31 10:02:05,-35.3634521,149.1658449,-0.855,0.023068347945809364,75,33,LAND,False
2026-08-31 10:02:05,-35.3634521,149.1658449,-0.855,0.02280149608850479,75,33,LAND,False
2026-08-31 10:02:06,-35.3634521,149.1658449,-0.855,0.02295786887407303,74,33,LAND,False
2026-08-31 10:02:06,-35.3634521,149.1658449,-0.855,0.02327803708612919,74,33,LAND,False
2026-08-31 10:02:06,-35.3634521,149.1658449,-0.855,0.023091105744242668,74,33,LAND,False
2026-08-31 10:02:07,-35.3634521,149.1658449,-0.855,0.02306419424712658,74,33,LAND,False
2026-08-31 10:02:07,-35.3634521,149.1658449,-0.855,0.02308250591158867,74,33,LAND,False
2026-08-31 10:02:08,-35.3634521,149.1658449,-0.855,0.02315419353544712,74,33,LAND,False
2026-08-31 10:02:08,-35.3634521,149.1658449,-0.855,0.023246457800269127,74,33,LAND,False
2026-08-31 10:02:08,-35.3634521,149.1658449,-0.855,0.02317114733159542,74,33,LAND,False
2026-08-31 10:02:09,-35.3634521,149.1658449,-0.855,0.02319837361574173,74,33,LAND,False
2026-08-31 10:02:09,-35.3634521,149.1658449,-0.855,0.023243581876158714,74,33,LAND,False
2026-08-31 10:02:10,-35.3634521,149.1658449,-0.855,0.023040346801280975,74,33,LAND,False
2026-08-31 10:02:10,-35.3634521,149.1658449,-0.855,0.02317136339843273,74,33,LAND,False
2026-08-31 10:02:11,-35.3634521,149.1658449,-0.856,0.02315421774983406,74,33,LAND,False
2026-08-31 10:02:11,-35.3634521,149.1658449,-0.856,0.02335415408015251,74,33,LAND,False
2026-08-31 10:02:11,-35.3634521,149.1658449,-0.856,0.023548468947410583,74,33,LAND,False
2026-08-31 10:02:11,-35.3634521,149.1658449,-0.856,0.023324595764279366,74,33,LAND,False
2026-08-31 10:02:12,-35.3634521,149.1658449,-0.856,0.02343263477087021,74,33,LAND,False
2026-08-31 10:02:12,-35.3634521,149.1658449,-0.856,0.022929955273866653,74,33,LAND,False
2026-08-31 10:02:13,-35.3634521,149.1658449,-0.856,0.023008311167359352,74,33,LAND,False
2026-08-31 10:02:13,-35.3634521,149.1658449,-0.856,0.02310822904109955,74,33,LAND,False
2026-08-31 10:02:13,-35.3634521,149.1658449,-0.856,0.02304992824792862,74,33,LAND,False
2026-08-31 10:02:14,-35.3634521,149.1658449,-0.856,0.023186663165688515,74,33,LAND,False
2026-08-31 10:02:14,-35.3634521,149.1658449,-0.856,0.023201899603009224,74,33,LAND,False
2026-08-31 10:02:15,-35.3634521,149.1658449,-0.856,0.023224476724863052,74,33,LAND,False
2026-08-31 10:02:15,-35.3634521,149.1658449,-0.856,0.023658428341150284,74,33,LAND,False
2026-08-31 10:02:15,-35.3634521,149.1658449,-0.856,0.023507561534643173,74,33,LAND,False
2026-08-31 10:02:16,-35.3634521,149.1658449,-0.856,0.023530637845396996,74,33,LAND,False
2026-08-31 10:02:16,-35.3634521,149.1658449,-0.856,0.023708799853920937,74,33,LAND,False
2026-08-31 10:02:17,-35.3634521,149.1658449,-0.856,0.02342125028371811,74,33,LAND,False
2026-08-31 10:02:17,-35.3634521,149.1658449,-0.856,0.02343922108411789,74,33,LAND,False
2026-08-31 10:02:17,-35.3634521,149.1658449,-0.856,0.023358674719929695,74,33,LAND,False
2026-08-31 10:02:18,-35.3634521,149.1658449,-0.856,0.02330808714032173,74,33,LAND,False
2026-08-31 10:02:18,-35.3634521,149.1658449,-0.856,0.023598184809088707,74,33,LAND,False
2026-08-31 10:02:18,-35.3634521,149.1658449,-0.856,0.02329888753592968,74,33,LAND,False
2026-08-31 10:02:19,-35.3634521,149.1658449,-0.855,0.023328300565481186,74,33,LAND,False
2026-08-31 10:02:19,-35.3634521,149.1658449,-0.855,0.02324700728058815,74,33,LAND,False
2026-08-31 10:02:20,-35.3634521,149.1658449,-0.855,0.023442959412932396,74,33,LAND,False
2026-08-31 10:02:20,-35.3634521,149.1658449,-0.855,0.023464173078536987,74,33,LAND,False
2026-08-31 10:02:20,-35.3634521,149.1658449,-0.855,0.02326258458197117,74,33,LAND,False
2026-08-31 10:02:21,-35.3634521,149.1658449,-0.855,0.023501703515648842,74,33,LAND,False
2026-08-31 10:02:21,-35.3634521,149.1658449,-0.855,0.02364279516041279,74,33,LAND,False
2026-08-31 10:02:22,-35.3634521,149.1658449,-0.855,0.02358860895037651,74,33,LAND,False
2026-08-31 10:02:22,-35.3634521,149.1658449,-0.855,0.023834411054849625,74,33,LAND,False
2026-08-31 10:02:22,-35.3634521,149.1658449,-0.855,0.02357116900384426,74,33,LAND,False
2026-08-31 10:02:23,-35.3634521,149.1658449,-0.855,0.02343003638088703,74,33,LAND,False
2026-08-31 10:02:23,-35.3634521,149.1658449,-0.855,0.02346334606409073,74,33,LAND,False
2026-08-31 10:02:23,-35.3634521,149.1658449,-0.856,0.023244209587574005,74,33,LAND,False
2026-08-31 10:02:24,-35.3634521,149.1658449,-0.856,0.0233902670443058,74,33,LAND,False
2026-08-31 10:02:24,-35.3634521,149.1658449,-0.856,0.02332761138677597,74,33,LAND,False
2026-08-31 10:02:25,-35.3634521,149.1658449,-0.856,0.023284533992409706,74,33,LAND,False
2026-08-31 10:02:25,-35.3634521,149.1658449,-0.856,0.023651879280805588,74,33,LAND,False
2026-08-31 10:02:25,-35.3634521,149.1658449,-0.856,0.023463863879442215,74,33,LAND,False
2026-08-31 10:02:26,-35.3634521,149.1658449,-0.856,0.023517198860645294,74,33,LAND,False
2026-08-31 10:02:26,-35.3634521,149.1658449,-0.856,0.023680731654167175,74,33,LAND,False
2026-08-31 10:02:27,-35.3634521,149.1658449,-0.856,0.023493466898798943,74,33,LAND,False
2026-08-31 10:02:27,-35.3634521,149.1658449,-0.856,0.023702258244156837,74,33,LAND,False
2026-08-31 10:02:27,-35.3634521,149.1658449,-0.856,0.023881176486611366,74,33,LAND,False
2026-08-31 10:02:28,-35.3634521,149.1658449,-0.856,0.02359689585864544,74,33,LAND,False
2026-08-31 10:02:28,-35.3634521,149.1658449,-0.856,0.02385849505662918,74,33,LAND,False
2026-08-31 10:02:29,-35.3634521,149.1658449,-0.856,0.0237625390291214,74,33,LAND,False
2026-08-31 10:02:29,-35.3634521,149.1658449,-0.856,0.024003809317946434,74,33,LAND,False
2026-08-31 10:02:29,-35.3634521,149.1658449,-0.856,0.023777831345796585,74,33,LAND,False
2026-08-31 10:02:30,-35.3634521,149.1658449,-0.856,0.023872653022408485,74,33,LAND,False
2026-08-31 10:02:30,-35.3634521,149.1658449,-0.856,0.024004599079489708,74,33,LAND,False
2026-08-31 10:02:30,-35.3634521,149.1658449,-0.856,0.023775527253746986,74,33,LAND,False
2026-08-31 10:02:31,-35.3634521,149.1658449,-0.856,0.023897500708699226,74,33,LAND,False
2026-08-31 10:02:31,-35.3634521,149.1658449,-0.856,0.024045107886195183,74,33,LAND,False
2026-08-31 10:02:31,-35.3634521,149.1658449,-0.856,0.023996781557798386,74,33,LAND,False
2026-08-31 10:02:32,-35.3634521,149.1658449,-0.856,0.02429257519543171,74,33,LAND,False
2026-08-31 10:02:32,-35.3634521,149.1658449,-0.856,0.024002425372600555,74,33,LAND,False
2026-08-31 10:02:33,-35.3634521,149.1658449,-0.856,0.02408197894692421,74,33,LAND,False
2026-08-31 10:02:33,-35.3634521,149.1658449,-0.856,0.024109914898872375,74,33,LAND,False
2026-08-31 10:02:33,-35.3634521,149.1658449,-0.856,0.023859985172748566,74,33,LAND,False
2026-08-31 10:02:34,-35.3634521,149.1658449,-0.856,0.023908650502562523,74,33,LAND,False
2026-08-31 10:02:34,-35.3634521,149.1658449,-0.856,0.02371991239488125,74,33,LAND,False
2026-08-31 10:02:35,-35.3634521,149.1658449,-0.856,0.02369307167828083,74,33,LAND,False
2026-08-31 10:02:35,-35.3634521,149.1658449,-0.856,0.02386748604476452,74,33,LAND,False
2026-08-31 10:02:35,-35.3634521,149.1658449,-0.856,0.023638393729925156,74,33,LAND,False
2026-08-31 10:02:36,-35.3634521,149.1658449,-0.856,0.023695887997746468,74,33,LAND,False
2026-08-31 10:02:36,-35.3634521,149.1658449,-0.856,0.023967253044247627,74,33,LAND,False
2026-08-31 10:02:36,-35.3634521,149.1658449,-0.856,0.02372737228870392,74,33,LAND,False
2026-08-31 10:02:37,-35.3634521,149.1658449,-0.856,0.023860493674874306,74,33,LAND,False
2026-08-31 10:02:37,-35.3634521,149.1658449,-0.856,0.023910460993647575,74,33,LAND,False
2026-08-31 10:02:38,-35.3634521,149.1658449,-0.856,0.02378050424158573,74,33,LAND,False
2026-08-31 10:02:38,-35.3634521,149.1658449,-0.856,0.024080248549580574,74,33,LAND,False
2026-08-31 10:02:38,-35.3634521,149.1658449,-0.856,0.02379314787685871,74,33,LAND,False
2026-08-31 10:02:39,-35.3634521,149.1658449,-0.856,0.023715790361166,74,33,LAND,False
2026-08-31 10:02:39,-35.3634521,149.1658449,-0.856,0.023944487795233727,74,33,LAND,False
2026-08-31 10:02:39,-35.3634521,149.1658449,-0.856,0.023464366793632507,74,33,LAND,False
2026-08-31 10:02:40,-35.3634521,149.1658449,-0.856,0.023617371916770935,74,33,LAND,False
2026-08-31 10:02:40,-35.3634521,149.1658449,-0.856,0.023449266329407692,74,33,LAND,False
2026-08-31 10:02:41,-35.3634521,149.1658449,-0.856,0.023480180650949478,74,33,LAND,False
2026-08-31 10:02:41,-35.3634521,149.1658449,-0.856,0.023591723293066025,74,33,LAND,False
2026-08-31 10:02:42,-35.3634521,149.1658449,-0.856,0.023427145555615425,74,33,LAND,False
2026-08-31 10:02:42,-35.3634521,149.1658449,-0.856,0.023728663101792336,74,33,LAND,False
2026-08-31 10:02:42,-35.3634521,149.1658449,-0.856,0.023376943543553352,74,33,LAND,False
2026-08-31 10:02:43,-35.3634521,149.1658449,-0.856,0.02328130044043064,74,33,LAND,False
2026-08-31 10:02:43,-35.3634521,149.1658449,-0.856,0.023512814193964005,74,33,LAND,False
2026-08-31 10:02:43,-35.3634521,149.1658449,-0.856,0.02301682159304619,74,33,LAND,False
2026-08-31 10:02:44,-35.3634521,149.1658449,-0.856,0.023099791258573532,74,33,LAND,False
2026-08-31 10:02:44,-35.3634521,149.1658449,-0.856,0.023151583969593048,74,33,LAND,False
2026-08-31 10:02:45,-35.3634521,149.1658449,-0.856,0.02315369062125683,74,33,LAND,False
2026-08-31 10:02:45,-35.3634521,149.1658449,-0.856,0.023304210975766182,74,33,LAND,False
2026-08-31 10:02:45,-35.3634521,149.1658449,-0.856,0.02313685230910778,74,33,LAND,False
2026-08-31 10:02:46,-35.3634521,149.1658449,-0.856,0.023193994536995888,74,33,LAND,False
2026-08-31 10:02:46,-35.3634521,149.1658449,-0.856,0.023245131596922874,74,33,LAND,False
2026-08-31 10:02:46,-35.3634521,149.1658449,-0.856,0.023095102980732918,74,33,LAND,False
2026-08-31 10:02:47,-35.3634521,149.1658449,-0.856,0.023213237524032593,74,33,LAND,False
2026-08-31 10:02:47,-35.3634521,149.1658449,-0.856,0.023185061290860176,74,33,LAND,False
2026-08-31 10:02:48,-35.3634521,149.1658449,-0.856,0.02323022484779358,74,33,LAND,False
2026-08-31 10:02:48,-35.3634521,149.1658449,-0.856,0.02365218661725521,74,33,LAND,False
2026-08-31 10:02:48,-35.3634521,149.1658449,-0.855,0.023499520495533943,74,33,LAND,False
2026-08-31 10:02:49,-35.3634521,149.1658449,-0.855,0.02345089800655842,74,33,LAND,False
2026-08-31 10:02:49,-35.3634521,149.1658449,-0.855,0.023552214726805687,74,33,LAND,False
2026-08-31 10:02:50,-35.3634521,149.1658449,-0.855,0.02329735830426216,74,33,LAND,False
2026-08-31 10:02:50,-35.3634521,149.1658449,-0.855,0.023426445201039314,74,33,LAND,False
2026-08-31 10:02:50,-35.3634521,149.1658449,-0.855,0.023311836645007133,74,33,LAND,False
2026-08-31 10:02:51,-35.3634521,149.1658449,-0.855,0.023341605439782143,74,33,LAND,False
2026-08-31 10:02:51,-35.3634521,149.1658449,-0.855,0.023729821667075157,74,33,LAND,False
2026-08-31 10:02:52,-35.3634521,149.1658449,-0.855,0.023743053898215294,74,33,LAND,False
2026-08-31 10:02:52,-35.3634521,149.1658449,-0.855,0.024149233475327492,74,33,LAND,False
2026-08-31 10:02:52,-35.3634521,149.1658449,-0.855,0.024149233475327492,74,33,LAND,False
2026-08-31 10:02:53,-35.3634521,149.1658449,-0.855,0.023964611813426018,74,33,LAND,False
2026-08-31 10:02:53,-35.3634521,149.1658449,-0.855,0.024222614243626595,74,33,LAND,False
2026-08-31 10:02:53,-35.3634521,149.1658449,-0.855,0.02407059073448181,74,33,LAND,False
2026-08-31 10:02:54,-35.3634521,149.1658449,-0.855,0.024204028770327568,74,33,LAND,False
2026-08-31 10:02:54,-35.3634521,149.1658449,-0.855,0.024026673287153244,74,33,LAND,False
2026-08-31 10:02:54,-35.3634521,149.1658449,-0.855,0.02408408932387829,74,33,LAND,False
2026-08-31 10:02:55,-35.3634521,149.1658449,-0.855,0.02420131303369999,74,33,LAND,False
2026-08-31 10:02:55,-35.3634521,149.1658449,-0.855,0.024082522839307785,74,33,LAND,False
2026-08-31 10:02:56,-35.3634521,149.1658449,-0.855,0.024077506735920906,74,33,LAND,False
2026-08-31 10:02:56,-35.3634521,149.1658449,-0.855,0.024197008460760117,74,33,LAND,False
2026-08-31 10:02:56,-35.3634521,149.1658449,-0.855,0.02401202917098999,74,33,LAND,False
2026-08-31 10:02:57,-35.3634521,149.1658449,-0.855,0.024138161912560463,74,33,LAND,False
2026-08-31 10:02:57,-35.3634521,149.1658449,-0.856,0.024096626788377762,74,33,LAND,False
2026-08-31 10:02:58,-35.3634521,149.1658449,-0.856,0.02401304803788662,74,33,LAND,False
2026-08-31 10:02:58,-35.3634521,149.1658449,-0.856,0.024313632398843765,74,33,LAND,False
2026-08-31 10:02:58,-35.3634521,149.1658449,-0.856,0.024037910625338554,74,33,LAND,False
2026-08-31 10:02:59,-35.3634521,149.1658449,-0.856,0.02397533319890499,74,33,LAND,False
2026-08-31 10:02:59,-35.3634521,149.1658449,-0.856,0.024142133072018623,74,33,LAND,False
2026-08-31 10:02:59,-35.3634521,149.1658449,-0.856,0.023691782727837563,74,33,LAND,False
2026-08-31 10:03:00,-35.3634521,149.1658449,-0.856,0.02375759556889534,74,33,LAND,False
2026-08-31 10:03:00,-35.3634521,149.1658449,-0.856,0.023475732654333115,74,33,LAND,False
2026-08-31 10:03:01,-35.3634521,149.1658449,-0.856,0.023434463888406754,74,33,LAND,False
2026-08-31 10:03:01,-35.3634521,149.1658449,-0.856,0.023712502792477608,74,33,LAND,False
2026-08-31 10:03:01,-35.3634521,149.1658449,-0.856,0.0235992930829525,74,33,LAND,False
2026-08-31 10:03:02,-35.3634521,149.1658449,-0.856,0.02356196753680706,74,33,LAND,False
2026-08-31 10:03:02,-35.3634521,149.1658449,-0.856,0.023649761453270912,74,33,LAND,False
2026-08-31 10:03:03,-35.3634521,149.1658449,-0.856,0.023599015548825264,74,33,LAND,False
2026-08-31 10:03:03,-35.3634521,149.1658449,-0.856,0.023683376610279083,74,33,LAND,False
2026-08-31 10:03:03,-35.3634521,149.1658449,-0.856,0.023674635216593742,74,33,LAND,False
2026-08-31 10:03:04,-35.3634521,149.1658449,-0.856,0.02358395978808403,74,33,LAND,False
2026-08-31 10:03:04,-35.3634521,149.1658449,-0.856,0.023763831704854965,74,33,LAND,False
2026-08-31 10:03:04,-35.3634521,149.1658449,-0.856,0.023372191935777664,74,33,LAND,False
2026-08-31 10:03:05,-35.3634521,149.1658449,-0.856,0.02361459657549858,74,33,LAND,False
2026-08-31 10:03:05,-35.3634521,149.1658449,-0.856,0.023548677563667297,74,33,LAND,False
2026-08-31 10:03:06,-35.3634521,149.1658449,-0.856,0.023694662377238274,74,33,LAND,False
2026-08-31 10:03:06,-35.3634521,149.1658449,-0.856,0.023755596950650215,74,33,LAND,False
2026-08-31 10:03:06,-35.3634521,149.1658449,-0.856,0.02370546944439411,74,33,LAND,False
2026-08-31 10:03:07,-35.3634521,149.1658449,-0.856,0.023940568789839745,74,33,LAND,False
2026-08-31 10:03:07,-35.3634521,149.1658449,-0.856,0.02384304814040661,74,33,LAND,False
2026-08-31 10:03:08,-35.3634521,149.1658449,-0.856,0.023884057998657227,74,33,LAND,False
2026-08-31 10:03:08,-35.3634521,149.1658449,-0.856,0.024062659591436386,74,33,LAND,False
2026-08-31 10:03:08,-35.3634521,149.1658449,-0.856,0.02382415533065796,74,33,LAND,False
2026-08-31 10:03:09,-35.3634521,149.1658449,-0.856,0.02402930147945881,74,33,LAND,False
2026-08-31 10:03:09,-35.3634521,149.1658449,-0.856,0.02426387555897236,74,33,LAND,False
2026-08-31 10:03:09,-35.3634521,149.1658449,-0.856,0.023786338046193123,74,33,LAND,False
2026-08-31 10:03:10,-35.3634521,149.1658449,-0.856,0.023861970752477646,74,33,LAND,False
2026-08-31 10:03:10,-35.3634521,149.1658449,-0.856,0.023820292204618454,74,33,LAND,False
2026-08-31 10:03:11,-35.3634521,149.1658449,-0.856,0.02384156547486782,74,33,LAND,False
2026-08-31 10:03:11,-35.3634521,149.1658449,-0.856,0.024039434269070625,74,33,LAND,False
2026-08-31 10:03:11,-35.3634521,149.1658449,-0.856,0.02375582791864872,74,33,LAND,False
2026-08-31 10:03:12,-35.3634521,149.1658449,-0.856,0.02390972338616848,74,33,LAND,False
2026-08-31 10:03:12,-35.3634521,149.1658449,-0.856,0.024013996124267578,74,33,LAND,False
2026-08-31 10:03:13,-35.3634521,149.1658449,-0.856,0.023921450600028038,74,33,LAND,False
2026-08-31 10:03:13,-35.3634521,149.1658449,-0.856,0.02423427440226078,74,33,LAND,False
2026-08-31 10:03:13,-35.3634521,149.1658449,-0.856,0.02426907792687416,74,33,LAND,False
2026-08-31 10:03:14,-35.3634521,149.1658449,-0.856,0.024227308109402657,73,33,LAND,False
2026-08-31 10:03:14,-35.3634521,149.1658449,-0.856,0.024463875219225883,73,33,LAND,False
2026-08-31 10:03:15,-35.3634521,149.1658449,-0.856,0.024276673793792725,73,33,LAND,False
2026-08-31 10:03:15,-35.3634521,149.1658449,-0.856,0.024251332506537437,73,33,LAND,False
2026-08-31 10:03:15,-35.3634521,149.1658449,-0.856,0.024092942476272583,73,33,LAND,False
2026-08-31 10:03:16,-35.3634521,149.1658449,-0.856,0.02421138621866703,73,33,LAND,False
2026-08-31 10:03:16,-35.3634521,149.1658449,-0.856,0.024230830371379852,73,33,LAND,False
2026-08-31 10:03:16,-35.3634521,149.1658449,-0.856,0.02385631576180458,73,33,LAND,False
2026-08-31 10:03:17,-35.3634521,149.1658449,-0.856,0.02399825118482113,73,33,LAND,False
2026-08-31 10:03:17,-35.3634521,149.1658449,-0.856,0.02395905926823616,73,33,LAND,False
2026-08-31 10:03:18,-35.3634521,149.1658449,-0.856,0.023904595524072647,73,33,LAND,False
2026-08-31 10:03:18,-35.3634521,149.1658449,-0.856,0.024362269788980484,73,33,LAND,False
2026-08-31 10:03:18,-35.3634521,149.1658449,-0.856,0.024119248613715172,73,33,LAND,False
2026-08-31 10:03:19,-35.3634521,149.1658449,-0.856,0.02404712699353695,73,33,LAND,False
2026-08-31 10:03:19,-35.3634521,149.1658449,-0.856,0.02427837997674942,73,33,LAND,False
2026-08-31 10:03:19,-35.3634521,149.1658449,-0.856,0.02406100556254387,73,33,LAND,False
2026-08-31 10:03:20,-35.3634521,149.1658449,-0.856,0.024228302761912346,73,33,LAND,False
2026-08-31 10:03:20,-35.3634521,149.1658449,-0.856,0.024178393185138702,73,33,LAND,False
2026-08-31 10:03:21,-35.3634521,149.1658449,-0.856,0.0240696482360363,73,33,LAND,False
2026-08-31 10:03:21,-35.3634521,149.1658449,-0.856,0.024041058495640755,73,33,LAND,False
2026-08-31 10:03:21,-35.3634521,149.1658449,-0.856,0.023865392431616783,73,33,LAND,False
2026-08-31 10:03:22,-35.3634521,149.1658449,-0.856,0.023977121338248253,73,33,LAND,False
2026-08-31 10:03:22,-35.3634521,149.1658449,-0.856,0.02408459782600403,73,33,LAND,False
2026-08-31 10:03:23,-35.3634521,149.1658449,-0.856,0.02385631948709488,73,33,LAND,False
2026-08-31 10:03:23,-35.3634521,149.1658449,-0.856,0.023967832326889038,73,33,LAND,False
2026-08-31 10:03:23,-35.3634521,149.1658449,-0.856,0.024005547165870667,73,33,LAND,False
2026-08-31 10:03:24,-35.3634521,149.1658449,-0.856,0.023761767894029617,73,33,LAND,False
2026-08-31 10:03:24,-35.3634521,149.1658449,-0.856,0.024010274559259415,73,33,LAND,False
2026-08-31 10:03:25,-35.3634521,149.1658449,-0.856,0.023653581738471985,73,33,LAND,False
2026-08-31 10:03:25,-35.3634521,149.1658449,-0.856,0.023734301328659058,73,33,LAND,False
2026-08-31 10:03:25,-35.3634521,149.1658449,-0.856,0.023334410041570663,73,33,LAND,False
2026-08-31 10:03:26,-35.3634521,149.1658449,-0.856,0.02354578673839569,73,33,LAND,False
2026-08-31 10:03:26,-35.3634521,149.1658449,-0.856,0.02347683534026146,73,33,LAND,False
2026-08-31 10:03:26,-35.3634521,149.1658449,-0.856,0.023275082930922508,73,33,LAND,False
2026-08-31 10:03:27,-35.3634521,149.1658449,-0.855,0.023393407464027405,73,33,LAND,False
2026-08-31 10:03:27,-35.3634521,149.1658449,-0.855,0.023415666073560715,73,33,LAND,False
2026-08-31 10:03:28,-35.3634521,149.1658449,-0.855,0.02341347374022007,73,33,LAND,False
2026-08-31 10:03:28,-35.3634521,149.1658449,-0.855,0.023637250065803528,73,33,LAND,False
2026-08-31 10:03:28,-35.3634521,149.1658449,-0.855,0.023394688963890076,73,33,LAND,False
2026-08-31 10:03:29,-35.3634521,149.1658449,-0.855,0.02352568879723549,73,33,LAND,False
2026-08-31 10:03:29,-35.3634521,149.1658449,-0.855,0.0236424058675766,73,33,LAND,False
2026-08-31 10:03:29,-35.3634521,149.1658449,-0.855,0.02378944866359234,73,33,LAND,False
2026-08-31 10:03:30,-35.3634521,149.1658449,-0.855,0.023975683376193047,73,33,LAND,False
2026-08-31 10:03:30,-35.3634521,149.1658449,-0.855,0.023864760994911194,73,33,LAND,False
2026-08-31 10:03:31,-35.3634521,149.1658449,-0.855,0.02397415041923523,73,33,LAND,False
2026-08-31 10:03:31,-35.3634521,149.1658449,-0.855,0.02418249286711216,73,33,LAND,False
2026-08-31 10:03:31,-35.3634521,149.1658449,-0.855,0.024008743464946747,73,33,LAND,False
2026-08-31 10:03:32,-35.3634521,149.1658449,-0.855,0.024137625470757484,73,33,LAND,False
2026-08-31 10:03:32,-35.3634521,149.1658449,-0.855,0.024229492992162704,73,33,LAND,False
2026-08-31 10:03:32,-35.3634521,149.1658449,-0.855,0.023912636563181877,73,33,LAND,False
2026-08-31 10:03:33,-35.3634521,149.1658449,-0.855,0.023981546983122826,73,33,LAND,False
2026-08-31 10:03:33,-35.3634521,149.1658449,-0.855,0.02383551001548767,73,33,LAND,False
2026-08-31 10:03:34,-35.3634521,149.1658449,-0.855,0.023960499092936516,73,33,LAND,False
2026-08-31 10:03:34,-35.3634521,149.1658449,-0.855,0.024105804041028023,73,33,LAND,False
2026-08-31 10:03:34,-35.3634521,149.1658449,-0.855,0.0238290186971426,73,33,LAND,False
2026-08-31 10:03:35,-35.3634521,149.1658449,-0.855,0.023782728239893913,73,33,LAND,False
2026-08-31 10:03:35,-35.3634521,149.1658449,-0.855,0.023975754156708717,73,33,LAND,False
2026-08-31 10:03:36,-35.3634521,149.1658449,-0.855,0.023554934188723564,73,33,LAND,False
2026-08-31 10:03:36,-35.3634521,149.1658449,-0.855,0.023664699867367744,73,33,LAND,False
2026-08-31 10:03:36,-35.3634521,149.1658449,-0.855,0.023630836978554726,73,33,LAND,False
2026-08-31 10:03:37,-35.3634521,149.1658449,-0.855,0.023574205115437508,73,33,LAND,False
2026-08-31 10:03:37,-35.3634521,149.1658449,-0.855,0.02368834614753723,73,33,LAND,False
2026-08-31 10:03:38,-35.3634521,149.1658449,-0.856,0.02346625179052353,73,33,LAND,False
2026-08-31 10:03:38,-35.3634521,149.1658449,-0.856,0.023732388392090797,73,33,LAND,False
2026-08-31 10:03:38,-35.3634521,149.1658449,-0.856,0.023578260093927383,73,33,LAND,False
2026-08-31 10:03:39,-35.3634521,149.1658449,-0.856,0.023847538977861404,73,33,LAND,False
2026-08-31 10:03:39,-35.3634521,149.1658449,-0.856,0.024092935025691986,73,33,LAND,False
2026-08-31 10:03:39,-35.3634521,149.1658449,-0.856,0.023786252364516258,73,33,LAND,False
2026-08-31 10:03:40,-35.3634521,149.1658449,-0.856,0.02394440770149231,73,33,LAND,False
2026-08-31 10:03:40,-35.3634521,149.1658449,-0.856,0.02398514933884144,73,33,LAND,False
2026-08-31 10:03:41,-35.3634521,149.1658449,-0.856,0.023878367617726326,73,33,LAND,False
2026-08-31 10:03:41,-35.3634521,149.1658449,-0.856,0.024189665913581848,73,33,LAND,False
2026-08-31 10:03:41,-35.3634521,149.1658449,-0.856,0.023968536406755447,73,33,LAND,False
2026-08-31 10:03:42,-35.3634521,149.1658449,-0.856,0.023956233635544777,73,33,LAND,False
2026-08-31 10:03:42,-35.3634521,149.1658449,-0.856,0.024059010669589043,73,33,LAND,False
2026-08-31 10:03:43,-35.3634521,149.1658449,-0.856,0.023956868797540665,73,33,LAND,False
2026-08-31 10:03:43,-35.3634521,149.1658449,-0.856,0.024100588634610176,73,33,LAND,False
2026-08-31 10:03:43,-35.3634521,149.1658449,-0.856,0.02402392588555813,73,33,LAND,False
2026-08-31 10:03:44,-35.3634521,149.1658449,-0.856,0.02388078346848488,73,33,LAND,False
2026-08-31 10:03:44,-35.3634521,149.1658449,-0.856,0.024342939257621765,73,33,LAND,False
2026-08-31 10:03:44,-35.3634521,149.1658449,-0.856,0.024060165509581566,73,33,LAND,False
2026-08-31 10:03:45,-35.3634521,149.1658449,-0.856,0.024024996906518936,73,33,LAND,False
2026-08-31 10:03:45,-35.3634521,149.1658449,-0.855,0.024222852662205696,73,33,LAND,False
2026-08-31 10:03:46,-35.3634521,149.1658449,-0.855,0.0238164272159338,73,33,LAND,False
2026-08-31 10:03:46,-35.3634521,149.1658449,-0.855,0.0238860584795475,73,33,LAND,False
2026-08-31 10:03:46,-35.3634521,149.1658449,-0.855,0.02367258444428444,73,33,LAND,False
2026-08-31 10:03:47,-35.3634521,149.1658449,-0.855,0.02390231005847454,73,33,LAND,False
2026-08-31 10:03:47,-35.3634521,149.1658449,-0.855,0.02383735217154026,73,33,LAND,False
2026-08-31 10:03:48,-35.3634521,149.1658449,-0.855,0.023767199367284775,73,33,LAND,False
2026-08-31 10:03:48,-35.3634521,149.1658449,-0.855,0.02394157461822033,73,33,LAND,False
2026-08-31 10:03:48,-35.3634521,149.1658449,-0.855,0.023822670802474022,73,33,LAND,False
2026-08-31 10:03:49,-35.3634521,149.1658449,-0.855,0.023828964680433273,73,33,LAND,False
2026-08-31 10:03:49,-35.3634521,149.1658449,-0.855,0.023990429937839508,73,33,LAND,False
2026-08-31 10:03:50,-35.3634521,149.1658449,-0.855,0.02372797764837742,73,33,LAND,False
2026-08-31 10:03:50,-35.3634521,149.1658449,-0.855,0.02383020520210266,73,33,LAND,False
2026-08-31 10:03:50,-35.3634521,149.1658449,-0.855,0.023932727053761482,73,33,LAND,False
2026-08-31 10:03:51,-35.3634521,149.1658449,-0.855,0.023832106962800026,73,33,LAND,False
2026-08-31 10:03:51,-35.3634521,149.1658449,-0.855,0.023774059489369392,73,33,LAND,False
2026-08-31 10:03:51,-35.3634521,149.1658449,-0.855,0.02356293797492981,73,33,LAND,False
2026-08-31 10:03:52,-35.3634521,149.1658449,-0.855,0.023511158302426338,73,33,LAND,False
2026-08-31 10:03:52,-35.3634521,149.1658449,-0.855,0.023529931902885437,73,33,LAND,False
2026-08-31 10:03:53,-35.3634521,149.1658449,-0.855,0.02332734316587448,73,33,LAND,False
2026-08-31 10:03:53,-35.3634521,149.1658449,-0.855,0.02344414032995701,73,33,LAND,False
2026-08-31 10:03:53,-35.3634521,149.1658449,-0.855,0.02341075800359249,73,33,LAND,False
2026-08-31 10:03:54,-35.3634521,149.1658449,-0.855,0.02349330112338066,73,33,LAND,False
2026-08-31 10:03:54,-35.3634521,149.1658449,-0.855,0.02366272732615471,73,33,LAND,False
2026-08-31 10:03:54,-35.3634521,149.1658449,-0.855,0.023599898442626,73,33,LAND,False
2026-08-31 10:03:55,-35.3634521,149.1658449,-0.855,0.023709068074822426,73,33,LAND,False
2026-08-31 10:03:55,-35.3634521,149.1658449,-0.855,0.023863205686211586,73,33,LAND,False
2026-08-31 10:03:56,-35.3634521,149.1658449,-0.855,0.0236553605645895,73,33,LAND,False
2026-08-31 10:03:56,-35.3634521,149.1658449,-0.855,0.023905863985419273,73,33,LAND,False
2026-08-31 10:03:57,-35.3634521,149.1658449,-0.855,0.023453911766409874,73,33,LAND,False
2026-08-31 10:03:57,-35.3634521,149.1658449,-0.855,0.023599453270435333,73,33,LAND,False
2026-08-31 10:03:57,-35.3634521,149.1658449,-0.855,0.02363392524421215,73,33,LAND,False
2026-08-31 10:03:58,-35.3634521,149.1658449,-0.855,0.02344384603202343,73,33,LAND,False
2026-08-31 10:03:58,-35.3634521,149.1658449,-0.855,0.023665493354201317,73,33,LAND,False
2026-08-31 10:03:58,-35.3634521,149.1658449,-0.855,0.02349420078098774,73,33,LAND,False
2026-08-31 10:03:59,-35.3634521,149.1658449,-0.855,0.02366849221289158,73,33,LAND,False
2026-08-31 10:03:59,-35.3634521,149.1658449,-0.856,0.02367844246327877,73,33,LAND,False
2026-08-31 10:04:00,-35.3634521,149.1658449,-0.856,0.02352970466017723,73,33,LAND,False
2026-08-31 10:04:00,-35.3634521,149.1658449,-0.856,0.023635558784008026,73,33,LAND,False
2026-08-31 10:04:00,-35.3634521,149.1658449,-0.856,0.023463532328605652,73,33,LAND,False
2026-08-31 10:04:01,-35.3634521,149.1658449,-0.856,0.0234341099858284,73,33,LAND,False
2026-08-31 10:04:01,-35.3634521,149.1658449,-0.856,0.023645630106329918,73,33,LAND,False
2026-08-31 10:04:01,-35.3634521,149.1658449,-0.856,0.023420844227075577,73,33,LAND,False
2026-08-31 10:04:02,-35.3634521,149.1658449,-0.856,0.023480204865336418,73,33,LAND,False
2026-08-31 10:04:02,-35.3634521,149.1658449,-0.856,0.023675821721553802,73,33,LAND,False
2026-08-31 10:04:03,-35.3634521,149.1658449,-0.856,0.023435311391949654,73,33,LAND,False
2026-08-31 10:04:03,-35.3634521,149.1658449,-0.856,0.023541022092103958,73,33,LAND,False
2026-08-31 10:04:04,-35.3634521,149.1658449,-0.856,0.02356554940342903,73,33,LAND,False
2026-08-31 10:04:04,-35.3634521,149.1658449,-0.856,0.023696158081293106,73,33,LAND,False
2026-08-31 10:04:05,-35.3634521,149.1658449,-0.856,0.023616530001163483,73,33,LAND,False
2026-08-31 10:04:05,-35.3634521,149.1658449,-0.856,0.023645099252462387,73,33,LAND,False
2026-08-31 10:04:05,-35.3634521,149.1658449,-0.856,0.02422974444925785,73,33,LAND,False
2026-08-31 10:04:05,-35.3634521,149.1658449,-0.856,0.023957448080182076,73,33,LAND,False
2026-08-31 10:04:06,-35.3634521,149.1658449,-0.856,0.024037443101406097,73,33,LAND,False
2026-08-31 10:04:06,-35.3634521,149.1658449,-0.856,0.024257909506559372,73,33,LAND,False
2026-08-31 10:04:07,-35.3634521,149.1658449,-0.856,0.02397700771689415,73,33,LAND,False
2026-08-31 10:04:07,-35.3634521,149.1658449,-0.856,0.023947717621922493,73,33,LAND,False
2026-08-31 10:04:07,-35.3634521,149.1658449,-0.856,0.023881303146481514,73,33,LAND,False
2026-08-31 10:04:08,-35.3634521,149.1658449,-0.856,0.023938024416565895,73,33,LAND,False
2026-08-31 10:04:08,-35.3634521,149.1658449,-0.856,0.02375156618654728,73,33,LAND,False
2026-08-31 10:04:09,-35.3634521,149.1658449,-0.856,0.023697001859545708,73,33,LAND,False
2026-08-31 10:04:09,-35.3634521,149.1658449,-0.856,0.023883838206529617,73,33,LAND,False
2026-08-31 10:04:09,-35.3634521,149.1658449,-0.856,0.02377818338572979,73,33,LAND,False
2026-08-31 10:04:10,-35.3634521,149.1658449,-0.856,0.023928944021463394,73,33,LAND,False
2026-08-31 10:04:10,-35.3634521,149.1658449,-0.856,0.023982573300600052,73,33,LAND,False
2026-08-31 10:04:10,-35.3634521,149.1658449,-0.856,0.02390422113239765,73,33,LAND,False
2026-08-31 10:04:11,-35.3634521,149.1658449,-0.856,0.024054143577814102,73,33,LAND,False
2026-08-31 10:04:11,-35.3634521,149.1658449,-0.856,0.024111758917570114,73,33,LAND,False
2026-08-31 10:04:12,-35.3634521,149.1658449,-0.856,0.02402559481561184,73,33,LAND,False
2026-08-31 10:04:12,-35.3634521,149.1658449,-0.856,0.02413296140730381,73,33,LAND,False
2026-08-31 10:04:12,-35.3634521,149.1658449,-0.856,0.02395685575902462,73,33,LAND,False
2026-08-31 10:04:13,-35.3634521,149.1658449,-0.856,0.023963289335370064,73,33,LAND,False
2026-08-31 10:04:13,-35.3634521,149.1658449,-0.856,0.024033065885305405,73,33,LAND,False
2026-08-31 10:04:14,-35.3634521,149.1658449,-0.856,0.02364351414144039,73,33,LAND,False
2026-08-31 10:04:14,-35.3634521,149.1658449,-0.856,0.02379285916686058,73,33,LAND,False
2026-08-31 10:04:14,-35.3634521,149.1658449,-0.856,0.023682134225964546,73,33,LAND,False
2026-08-31 10:04:15,-35.3634521,149.1658449,-0.856,0.023648420348763466,73,33,LAND,False
2026-08-31 10:04:15,-35.3634521,149.1658449,-0.856,0.023677393794059753,73,33,LAND,False
2026-08-31 10:04:15,-35.3634521,149.1658449,-0.856,0.02365739643573761,73,33,LAND,False
2026-08-31 10:04:16,-35.3634521,149.1658449,-0.856,0.0237874872982502,73,33,LAND,False
2026-08-31 10:04:16,-35.3634521,149.1658449,-0.856,0.024053694680333138,73,33,LAND,False
2026-08-31 10:04:17,-35.3634521,149.1658449,-0.856,0.023880863562226295,73,33,LAND,False
2026-08-31 10:04:17,-35.3634521,149.1658449,-0.856,0.023924287408590317,73,33,LAND,False
2026-08-31 10:04:17,-35.3634521,149.1658449,-0.856,0.02381880022585392,73,33,LAND,False
2026-08-31 10:04:18,-35.3634521,149.1658449,-0.855,0.02384396828711033,73,33,LAND,False
2026-08-31 10:04:18,-35.3634521,149.1658449,-0.855,0.024147124961018562,73,33,LAND,False
2026-08-31 10:04:18,-35.3634521,149.1658449,-0.855,0.02397688664495945,73,33,LAND,False
2026-08-31 10:04:19,-35.3634521,149.1658449,-0.855,0.024092596024274826,73,33,LAND,False
2026-08-31 10:04:19,-35.3634521,149.1658449,-0.855,0.02416801266372204,73,33,LAND,False
2026-08-31 10:04:20,-35.3634521,149.1658449,-0.855,0.02421020343899727,73,33,LAND,False
2026-08-31 10:04:20,-35.3634521,149.1658449,-0.855,0.024478452280163765,73,33,LAND,False
2026-08-31 10:04:21,-35.3634521,149.1658449,-0.855,0.02417711354792118,73,33,LAND,False
2026-08-31 10:04:21,-35.3634521,149.1658449,-0.855,0.024180345237255096,73,33,LAND,False
2026-08-31 10:04:21,-35.3634521,149.1658449,-0.855,0.024010762572288513,73,33,LAND,False
2026-08-31 10:04:22,-35.3634521,149.1658449,-0.855,0.02384425699710846,73,33,LAND,False
2026-08-31 10:04:22,-35.3634521,149.1658449,-0.855,0.024192804470658302,73,33,LAND,False
2026-08-31 10:04:22,-35.3634521,149.1658449,-0.855,0.023918665945529938,73,33,LAND,False
2026-08-31 10:04:23,-35.3634521,149.1658449,-0.855,0.02388416789472103,73,33,LAND,False
2026-08-31 10:04:23,-35.3634521,149.1658449,-0.856,0.024110589176416397,73,33,LAND,False
2026-08-31 10:04:23,-35.3634521,149.1658449,-0.856,0.023611050099134445,73,33,LAND,False
2026-08-31 10:04:24,-35.3634521,149.1658449,-0.856,0.023724455386400223,73,33,LAND,False
2026-08-31 10:04:24,-35.3634521,149.1658449,-0.856,0.023659609258174896,73,33,LAND,False
2026-08-31 10:04:25,-35.3634521,149.1658449,-0.856,0.023579811677336693,73,33,LAND,False
2026-08-31 10:04:25,-35.3634521,149.1658449,-0.856,0.023738626390695572,73,33,LAND,False
2026-08-31 10:04:25,-35.3634521,149.1658449,-0.856,0.02358984760940075,73,33,LAND,False
2026-08-31 10:04:26,-35.3634521,149.1658449,-0.856,0.023807913064956665,73,33,LAND,False
2026-08-31 10:04:26,-35.3634521,149.1658449,-0.856,0.02399415895342827,73,33,LAND,False
2026-08-31 10:04:27,-35.3634521,149.1658449,-0.856,0.02358340471982956,73,33,LAND,False
2026-08-31 10:04:27,-35.3634521,149.1658449,-0.856,0.02359076403081417,73,33,LAND,False
2026-08-31 10:04:27,-35.3634521,149.1658449,-0.856,0.023393595591187477,73,33,LAND,False
2026-08-31 10:04:28,-35.3634521,149.1658449,-0.856,0.023189736530184746,73,33,LAND,False
2026-08-31 10:04:28,-35.3634521,149.1658449,-0.856,0.023418162018060684,73,33,LAND,False
2026-08-31 10:04:28,-35.3634521,149.1658449,-0.856,0.023167556151747704,73,33,LAND,False
2026-08-31 10:04:29,-35.3634521,149.1658449,-0.856,0.02331162616610527,73,33,LAND,False
2026-08-31 10:04:29,-35.3634521,149.1658449,-0.856,0.023406680673360825,73,33,LAND,False
2026-08-31 10:04:30,-35.3634521,149.1658449,-0.856,0.02335139364004135,73,33,LAND,False
2026-08-31 10:04:30,-35.3634521,149.1658449,-0.856,0.023462586104869843,73,33,LAND,False
2026-08-31 10:04:31,-35.3634521,149.1658449,-0.856,0.023298529908061028,73,33,LAND,False
2026-08-31 10:04:31,-35.3634521,149.1658449,-0.856,0.02341739647090435,73,33,LAND,False
2026-08-31 10:04:31,-35.3634521,149.1658449,-0.856,0.02345828339457512,73,33,LAND,False
2026-08-31 10:04:32,-35.3634521,149.1658449,-0.856,0.02344549633562565,73,33,LAND,False
2026-08-31 10:04:32,-35.3634521,149.1658449,-0.856,0.024049902334809303,73,33,LAND,False
2026-08-31 10:04:32,-35.3634521,149.1658449,-0.856,0.02380955033004284,73,33,LAND,False
2026-08-31 10:04:33,-35.3634521,149.1658449,-0.855,0.023776525631546974,73,33,LAND,False
2026-08-31 10:04:33,-35.3634521,149.1658449,-0.855,0.02382369339466095,73,33,LAND,False
2026-08-31 10:04:34,-35.3634521,149.1658449,-0.855,0.023638572543859482,73,33,LAND,False
2026-08-31 10:04:34,-35.3634521,149.1658449,-0.855,0.023839319124817848,73,33,LAND,False
2026-08-31 10:04:34,-35.3634521,149.1658449,-0.855,0.023809298872947693,73,33,LAND,False
2026-08-31 10:04:35,-35.3634521,149.1658449,-0.855,0.023804165422916412,73,33,LAND,False
2026-08-31 10:04:35,-35.3634521,149.1658449,-0.855,0.023969408124685287,73,33,LAND,False
2026-08-31 10:04:35,-35.3634521,149.1658449,-0.855,0.023827966302633286,73,33,LAND,False
2026-08-31 10:04:36,-35.3634521,149.1658449,-0.855,0.023879827931523323,73,33,LAND,False
2026-08-31 10:04:36,-35.3634521,149.1658449,-0.855,0.024188073351979256,73,33,LAND,False
2026-08-31 10:04:37,-35.3634521,149.1658449,-0.855,0.023926515132188797,73,33,LAND,False
2026-08-31 10:04:37,-35.3634521,149.1658449,-0.855,0.024184957146644592,73,33,LAND,False
2026-08-31 10:04:37,-35.3634521,149.1658449,-0.855,0.024171074852347374,73,33,LAND,False
2026-08-31 10:04:38,-35.3634521,149.1658449,-0.855,0.023973755538463593,73,33,LAND,False
2026-08-31 10:04:38,-35.3634521,149.1658449,-0.855,0.024004139006137848,73,33,LAND,False
2026-08-31 10:04:38,-35.3634521,149.1658449,-0.855,0.02376253344118595,73,33,LAND,False
2026-08-31 10:04:39,-35.3634521,149.1658449,-0.855,0.02389671467244625,73,33,LAND,False
2026-08-31 10:04:39,-35.3634521,149.1658449,-0.855,0.024017106741666794,73,33,LAND,False
2026-08-31 10:04:40,-35.3634521,149.1658449,-0.856,0.023737214505672455,73,33,LAND,False
2026-08-31 10:04:40,-35.3634521,149.1658449,-0.856,0.02378755621612072,73,33,LAND,False
2026-08-31 10:04:41,-35.3634521,149.1658449,-0.856,0.023598000407218933,73,33,LAND,False
2026-08-31 10:04:41,-35.3634521,149.1658449,-0.856,0.023659775033593178,73,33,LAND,False
2026-08-31 10:04:41,-35.3634521,149.1658449,-0.856,0.02371910959482193,73,33,LAND,False
2026-08-31 10:04:42,-35.3634521,149.1658449,-0.856,0.02369220182299614,73,33,LAND,False
2026-08-31 10:04:42,-35.3634521,149.1658449,-0.856,0.02384941093623638,73,33,LAND,False
2026-08-31 10:04:42,-35.3634521,149.1658449,-0.856,0.023563891649246216,73,33,LAND,False
2026-08-31 10:04:43,-35.3634521,149.1658449,-0.856,0.023675860837101936,73,33,LAND,False
2026-08-31 10:04:43,-35.3634521,149.1658449,-0.856,0.023922491818666458,73,33,LAND,False
2026-08-31 10:04:43,-35.3634521,149.1658449,-0.856,0.02370147779583931,73,33,LAND,False
2026-08-31 10:04:44,-35.3634521,149.1658449,-0.856,0.023742910474538803,73,33,LAND,False
2026-08-31 10:04:44,-35.3634521,149.1658449,-0.856,0.023578878492116928,73,33,LAND,False
2026-08-31 10:04:45,-35.3634521,149.1658449,-0.856,0.02352260611951351,73,33,LAND,False
2026-08-31 10:04:45,-35.3634521,149.1658449,-0.856,0.023698629811406136,73,33,LAND,False
2026-08-31 10:04:45,-35.3634521,149.1658449,-0.856,0.023495223373174667,73,33,LAND,False
2026-08-31 10:04:46,-35.3634521,149.1658449,-0.856,0.023411165922880173,73,33,LAND,False
2026-08-31 10:04:46,-35.3634521,149.1658449,-0.856,0.02355465106666088,73,33,LAND,False
2026-08-31 10:04:47,-35.3634521,149.1658449,-0.856,0.02348782867193222,73,33,LAND,False
2026-08-31 10:04:47,-35.3634521,149.1658449,-0.856,0.023617830127477646,73,33,LAND,False
2026-08-31 10:04:47,-35.3634521,149.1658449,-0.856,0.02361918054521084,73,33,LAND,False
2026-08-31 10:04:48,-35.3634521,149.1658449,-0.856,0.02353048510849476,73,33,LAND,False
2026-08-31 10:04:48,-35.3634521,149.1658449,-0.856,0.023752650246024132,73,33,LAND,False
2026-08-31 10:04:48,-35.3634521,149.1658449,-0.856,0.02356998808681965,73,33,LAND,False
2026-08-31 10:04:49,-35.3634521,149.1658449,-0.856,0.02359139360487461,73,33,LAND,False
2026-08-31 10:04:49,-35.3634521,149.1658449,-0.856,0.023752428591251373,73,33,LAND,False
2026-08-31 10:04:50,-35.3634521,149.1658449,-0.856,0.023761993274092674,73,33,LAND,False
2026-08-31 10:04:50,-35.3634521,149.1658449,-0.856,0.023819884285330772,73,33,LAND,False
2026-08-31 10:04:50,-35.3634521,149.1658449,-0.856,0.023679768666625023,73,33,LAND,False
2026-08-31 10:04:51,-35.3634521,149.1658449,-0.856,0.02376747876405716,73,33,LAND,False
2026-08-31 10:04:51,-35.3634521,149.1658449,-0.856,0.024065891280770302,73,33,LAND,False
2026-08-31 10:04:52,-35.3634521,149.1658449,-0.856,0.023910624906420708,73,33,LAND,False
2026-08-31 10:04:52,-35.3634521,149.1658449,-0.856,0.02423173002898693,73,33,LAND,False
2026-08-31 10:04:52,-35.3634521,149.1658449,-0.856,0.02396753616631031,73,33,LAND,False
2026-08-31 10:04:53,-35.3634521,149.1658449,-0.856,0.024099094793200493,73,33,LAND,False
2026-08-31 10:04:53,-35.3634521,149.1658449,-0.856,0.02424360066652298,73,33,LAND,False
2026-08-31 10:04:54,-35.3634521,149.1658449,-0.856,0.0236424058675766,73,33,LAND,False
2026-08-31 10:04:54,-35.3634521,149.1658449,-0.856,0.023700637742877007,73,33,LAND,False
2026-08-31 10:04:54,-35.3634521,149.1658449,-0.856,0.02355031482875347,73,33,LAND,False
2026-08-31 10:04:55,-35.3634521,149.1658449,-0.856,0.023504851385951042,73,33,LAND,False
2026-08-31 10:04:55,-35.3634521,149.1658449,-0.856,0.023745421320199966,73,33,LAND,False
2026-08-31 10:04:55,-35.3634521,149.1658449,-0.856,0.023643452674150467,73,33,LAND,False
2026-08-31 10:04:56,-35.3634521,149.1658449,-0.856,0.02387377806007862,73,33,LAND,False
2026-08-31 10:04:56,-35.3634521,149.1658449,-0.856,0.02404172159731388,73,33,LAND,False
2026-08-31 10:04:57,-35.3634521,149.1658449,-0.856,0.02385704405605793,73,33,LAND,False
2026-08-31 10:04:57,-35.3634521,149.1658449,-0.856,0.02400321327149868,73,33,LAND,False
2026-08-31 10:04:57,-35.3634521,149.1658449,-0.856,0.024106545373797417,73,33,LAND,False
2026-08-31 10:04:58,-35.3634521,149.1658449,-0.856,0.023946916684508324,73,33,LAND,False
2026-08-31 10:04:58,-35.3634521,149.1658449,-0.856,0.02419009804725647,73,33,LAND,False
2026-08-31 10:04:58,-35.3634521,149.1658449,-0.856,0.023867566138505936,73,33,LAND,False
2026-08-31 10:04:59,-35.3634521,149.1658449,-0.856,0.023609114810824394,73,33,LAND,False
2026-08-31 10:04:59,-35.3634521,149.1658449,-0.856,0.023669807240366936,73,33,LAND,False
2026-08-31 10:05:00,-35.3634521,149.1658449,-0.856,0.023589598014950752,73,33,LAND,False
2026-08-31 10:05:00,-35.3634521,149.1658449,-0.856,0.023738501593470573,73,33,LAND,False
2026-08-31 10:05:01,-35.3634521,149.1658449,-0.856,0.02343803644180298,73,33,LAND,False
2026-08-31 10:05:01,-35.3634521,149.1658449,-0.856,0.023631032556295395,73,33,LAND,False
2026-08-31 10:05:01,-35.3634521,149.1658449,-0.856,0.02370317652821541,73,33,LAND,False
2026-08-31 10:05:02,-35.3634521,149.1658449,-0.856,0.023786749690771103,73,33,LAND,False
2026-08-31 10:05:02,-35.3634521,149.1658449,-0.856,0.0242594163864851,73,33,LAND,False
2026-08-31 10:05:02,-35.3634521,149.1658449,-0.856,0.024035515263676643,73,33,LAND,False
2026-08-31 10:05:03,-35.3634521,149.1658449,-0.856,0.023803135380148888,73,33,LAND,False
2026-08-31 10:05:03,-35.3634521,149.1658449,-0.856,0.024047166109085083,73,33,LAND,False
2026-08-31 10:05:04,-35.3634521,149.1658449,-0.856,0.02381342463195324,73,33,LAND,False
2026-08-31 10:05:04,-35.3634521,149.1658449,-0.856,0.02390681765973568,73,33,LAND,False
2026-08-31 10:05:04,-35.3634521,149.1658449,-0.856,0.023968743160367012,73,33,LAND,False
2026-08-31 10:05:05,-35.3634521,149.1658449,-0.856,0.023893021047115326,73,33,LAND,False
2026-08-31 10:05:05,-35.3634521,149.1658449,-0.856,0.02383200265467167,73,33,LAND,False
2026-08-31 10:05:05,-35.3634521,149.1658449,-0.856,0.02370888739824295,73,33,LAND,False
2026-08-31 10:05:06,-35.3634521,149.1658449,-0.855,0.023765364661812782,73,33,LAND,False
2026-08-31 10:05:07,-35.3634521,149.1658449,-0.855,0.023709889501333237,73,33,LAND,False
2026-08-31 10:05:07,-35.3634521,149.1658449,-0.855,0.023859547451138496,73,33,LAND,False
2026-08-31 10:05:07,-35.3634521,149.1658449,-0.855,0.023859547451138496,73,33,LAND,False
2026-08-31 10:05:07,-35.3634521,149.1658449,-0.855,0.023894716054201126,73,33,LAND,False
2026-08-31 10:05:08,-35.3634521,149.1658449,-0.855,0.02382257953286171,73,33,LAND,False
2026-08-31 10:05:08,-35.3634521,149.1658449,-0.856,0.02403716742992401,73,33,LAND,False
2026-08-31 10:05:09,-35.3634521,149.1658449,-0.856,0.023761646822094917,73,33,LAND,False
2026-08-31 10:05:09,-35.3634521,149.1658449,-0.856,0.02394353412091732,73,33,LAND,False
2026-08-31 10:05:09,-35.3634521,149.1658449,-0.856,0.023511163890361786,73,33,LAND,False
2026-08-31 10:05:10,-35.3634521,149.1658449,-0.856,0.023636886849999428,73,33,LAND,False
2026-08-31 10:05:10,-35.3634521,149.1658449,-0.856,0.023825453594326973,73,33,LAND,False
2026-08-31 10:05:11,-35.3634521,149.1658449,-0.856,0.02376508340239525,73,33,LAND,False
2026-08-31 10:05:11,-35.3634521,149.1658449,-0.856,0.02396484464406967,73,33,LAND,False
2026-08-31 10:05:11,-35.3634521,149.1658449,-0.856,0.02392774261534214,73,33,LAND,False
2026-08-31 10:05:12,-35.3634521,149.1658449,-0.856,0.02392263524234295,73,33,LAND,False
2026-08-31 10:05:12,-35.3634521,149.1658449,-0.856,0.024046188220381737,73,33,LAND,False
2026-08-31 10:05:12,-35.3634521,149.1658449,-0.856,0.023815162479877472,73,33,LAND,False
2026-08-31 10:05:13,-35.3634521,149.1658449,-0.856,0.024066317826509476,73,33,LAND,False
2026-08-31 10:05:13,-35.3634521,149.1658449,-0.856,0.02419167384505272,73,33,LAND,False
2026-08-31 10:05:14,-35.3634521,149.1658449,-0.856,0.02418673038482666,73,33,LAND,False
2026-08-31 10:05:14,-35.3634521,149.1658449,-0.856,0.024279462173581123,73,33,LAND,False
2026-08-31 10:05:14,-35.3634521,149.1658449,-0.856,0.023992428556084633,73,33,LAND,False
2026-08-31 10:05:15,-35.3634521,149.1658449,-0.856,0.024020671844482422,73,33,LAND,False
2026-08-31 10:05:15,-35.3634521,149.1658449,-0.856,0.02420158125460148,73,33,LAND,False
2026-08-31 10:05:15,-35.3634521,149.1658449,-0.855,0.02406497113406658,73,33,LAND,False
2026-08-31 10:05:16,-35.3634521,149.1658449,-0.855,0.024048347026109695,73,33,LAND,False
2026-08-31 10:05:16,-35.3634521,149.1658449,-0.855,0.02417159639298916,73,33,LAND,False
2026-08-31 10:05:17,-35.3634521,149.1658449,-0.855,0.023908143863081932,73,33,LAND,False
2026-08-31 10:05:17,-35.3634521,149.1658449,-0.855,0.023966815322637558,73,33,LAND,False
2026-08-31 10:05:18,-35.3634521,149.1658449,-0.855,0.023717038333415985,73,33,LAND,False
2026-08-31 10:05:18,-35.3634521,149.1658449,-0.855,0.023946383967995644,73,33,LAND,False
2026-08-31 10:05:18,-35.3634521,149.1658449,-0.855,0.024075839668512344,73,33,LAND,False
2026-08-31 10:05:19,-35.3634521,149.1658449,-0.855,0.023782508447766304,73,33,LAND,False
2026-08-31 10:05:19,-35.3634521,149.1658449,-0.855,0.023782862350344658,73,33,LAND,False
2026-08-31 10:05:19,-35.3634521,149.1658449,-0.855,0.023526793345808983,73,33,LAND,False
2026-08-31 10:05:20,-35.3634521,149.1658449,-0.855,0.023392580449581146,73,33,LAND,False
2026-08-31 10:05:20,-35.3634521,149.1658449,-0.855,0.023469023406505585,73,33,LAND,False
2026-08-31 10:05:20,-35.3634521,149.1658449,-0.855,0.02310594916343689,73,33,LAND,False
2026-08-31 10:05:21,-35.3634521,149.1658449,-0.855,0.02322976663708687,73,33,LAND,False
2026-08-31 10:05:21,-35.3634521,149.1658449,-0.855,0.023295126855373383,73,33,LAND,False
2026-08-31 10:05:22,-35.3634521,149.1658449,-0.855,0.023382294923067093,73,33,LAND,False
2026-08-31 10:05:22,-35.3634521,149.1658449,-0.855,0.02393880859017372,73,33,LAND,False
2026-08-31 10:05:22,-35.3634521,149.1658449,-0.855,0.023674165830016136,73,33,LAND,False
2026-08-31 10:05:23,-35.3634521,149.1658449,-0.855,0.024069195613265038,73,33,LAND,False
2026-08-31 10:05:23,-35.3634521,149.1658449,-0.855,0.02424590103328228,73,33,LAND,False
2026-08-31 10:05:24,-35.3634521,149.1658449,-0.855,0.02394639514386654,73,33,LAND,False
2026-08-31 10:05:24,-35.3634521,149.1658449,-0.855,0.024023007601499557,73,33,LAND,False
2026-08-31 10:05:24,-35.3634521,149.1658449,-0.855,0.024024659767746925,73,33,LAND,False
2026-08-31 10:05:25,-35.3634521,149.1658449,-0.855,0.023933563381433487,73,33,LAND,False
2026-08-31 10:05:25,-35.3634521,149.1658449,-0.855,0.02413846179842949,73,33,LAND,False
2026-08-31 10:05:26,-35.3634521,149.1658449,-0.855,0.023792997002601624,73,33,LAND,False
2026-08-31 10:05:26,-35.3634521,149.1658449,-0.855,0.02363048680126667,73,33,LAND,False
2026-08-31 10:05:26,-35.3634521,149.1658449,-0.855,0.023439915850758553,73,33,LAND,False
2026-08-31 10:05:27,-35.3634521,149.1658449,-0.855,0.02345353178679943,73,33,LAND,False
2026-08-31 10:05:27,-35.3634521,149.1658449,-0.855,0.023605896160006523,73,33,LAND,False
2026-08-31 10:05:28,-35.3634521,149.1658449,-0.855,0.023417029529809952,73,33,LAND,False
2026-08-31 10:05:28,-35.3634521,149.1658449,-0.855,0.023536454886198044,74,33,LAND,False
2026-08-31 10:05:28,-35.3634521,149.1658449,-0.855,0.023589177057147026,74,33,LAND,False
2026-08-31 10:05:29,-35.3634521,149.1658449,-0.855,0.023540791124105453,74,33,LAND,False
2026-08-31 10:05:29,-35.3634521,149.1658449,-0.855,0.02371808886528015,74,33,LAND,False
2026-08-31 10:05:29,-35.3634521,149.1658449,-0.855,0.023438090458512306,74,33,LAND,False
2026-08-31 10:05:30,-35.3634521,149.1658449,-0.855,0.02343343384563923,74,33,LAND,False
2026-08-31 10:05:30,-35.3634521,149.1658449,-0.855,0.023470770567655563,74,33,LAND,False
2026-08-31 10:05:31,-35.3634521,149.1658449,-0.855,0.023289533331990242,74,33,LAND,False
2026-08-31 10:05:31,-35.3634521,149.1658449,-0.855,0.023396719247102737,74,33,LAND,False
2026-08-31 10:05:31,-35.3634521,149.1658449,-0.856,0.023407723754644394,74,33,LAND,False
2026-08-31 10:05:32,-35.3634521,149.1658449,-0.856,0.023369790986180305,74,33,LAND,False
2026-08-31 10:05:32,-35.3634521,149.1658449,-0.856,0.023669742047786713,74,33,LAND,False
2026-08-31 10:05:32,-35.3634521,149.1658449,-0.856,0.02360299974679947,74,33,LAND,False
2026-08-31 10:05:33,-35.3634521,149.1658449,-0.856,0.023688016459345818,74,33,LAND,False
2026-08-31 10:05:33,-35.3634521,149.1658449,-0.856,0.02366681396961212,74,33,LAND,False
2026-08-31 10:05:34,-35.3634521,149.1658449,-0.856,0.023372560739517212,74,33,LAND,False
2026-08-31 10:05:34,-35.3634521,149.1658449,-0.856,0.02350298874080181,74,33,LAND,False
2026-08-31 10:05:34,-35.3634521,149.1658449,-0.856,0.023638255894184113,74,33,LAND,False
2026-08-31 10:05:35,-35.3634521,149.1658449,-0.856,0.023632507771253586,74,33,LAND,False
2026-08-31 10:05:35,-35.3634521,149.1658449,-0.856,0.023760512471199036,74,33,LAND,False
2026-08-31 10:05:35,-35.3634521,149.1658449,-0.856,0.023540332913398743,74,33,LAND,False
2026-08-31 10:05:36,-35.3634521,149.1658449,-0.856,0.02352435514330864,74,33,LAND,False
2026-08-31 10:05:37,-35.3634521,149.1658449,-0.856,0.02352810837328434,74,33,LAND,False
2026-08-31 10:05:37,-35.3634521,149.1658449,-0.856,0.02368820086121559,74,33,LAND,False
2026-08-31 10:05:37,-35.3634521,149.1658449,-0.856,0.02362862601876259,74,33,LAND,False
2026-08-31 10:05:38,-35.3634521,149.1658449,-0.856,0.023615028709173203,74,33,LAND,False
2026-08-31 10:05:38,-35.3634521,149.1658449,-0.856,0.02372223697602749,74,33,LAND,False
2026-08-31 10:05:38,-35.3634521,149.1658449,-0.856,0.023841088637709618,74,33,LAND,False
2026-08-31 10:05:39,-35.3634521,149.1658449,-0.856,0.02365579642355442,74,33,LAND,False
2026-08-31 10:05:39,-35.3634521,149.1658449,-0.856,0.024175075814127922,74,33,LAND,False
2026-08-31 10:05:39,-35.3634521,149.1658449,-0.856,0.023912575095891953,74,33,LAND,False
2026-08-31 10:05:40,-35.3634521,149.1658449,-0.856,0.02387893944978714,74,33,LAND,False
2026-08-31 10:05:40,-35.3634521,149.1658449,-0.856,0.024072833359241486,74,33,LAND,False
2026-08-31 10:05:41,-35.3634521,149.1658449,-0.856,0.023572342470288277,74,33,LAND,False
2026-08-31 10:05:41,-35.3634521,149.1658449,-0.856,0.023661356419324875,74,33,LAND,False
2026-08-31 10:05:41,-35.3634521,149.1658449,-0.856,0.0236238744109869,74,33,LAND,False
2026-08-31 10:05:42,-35.3634521,149.1658449,-0.856,0.023604225367307663,74,33,LAND,False
2026-08-31 10:05:42,-35.3634521,149.1658449,-0.856,0.023802384734153748,74,33,LAND,False
2026-08-31 10:05:42,-35.3634521,149.1658449,-0.856,0.023562777787446976,74,33,LAND,False
2026-08-31 10:05:43,-35.3634521,149.1658449,-0.856,0.02376267872750759,74,33,LAND,False
2026-08-31 10:05:43,-35.3634521,149.1658449,-0.856,0.023828815668821335,74,33,LAND,False
2026-08-31 10:05:44,-35.3634521,149.1658449,-0.856,0.023745736107230186,74,33,LAND,False
2026-08-31 10:05:44,-35.3634521,149.1658449,-0.856,0.023838793858885765,74,33,LAND,False
2026-08-31 10:05:44,-35.3634521,149.1658449,-0.856,0.02370419166982174,74,33,LAND,False
2026-08-31 10:05:45,-35.3634521,149.1658449,-0.856,0.02363601140677929,74,33,LAND,False
2026-08-31 10:05:45,-35.3634521,149.1658449,-0.856,0.023754853755235672,74,33,LAND,False
2026-08-31 10:05:46,-35.3634521,149.1658449,-0.856,0.023537492379546165,74,33,LAND,False
2026-08-31 10:05:46,-35.3634521,149.1658449,-0.856,0.02358567900955677,74,33,LAND,False
2026-08-31 10:05:46,-35.3634521,149.1658449,-0.856,0.02332603931427002,74,33,LAND,False
2026-08-31 10:05:47,-35.3634521,149.1658449,-0.856,0.023222152143716812,74,33,LAND,False
2026-08-31 10:05:47,-35.3634521,149.1658449,-0.856,0.023365650326013565,74,33,LAND,False
2026-08-31 10:05:47,-35.3634521,149.1658449,-0.856,0.02329276129603386,74,33,LAND,False
2026-08-31 10:05:48,-35.3634521,149.1658449,-0.856,0.02348165400326252,74,33,LAND,False
2026-08-31 10:05:48,-35.3634521,149.1658449,-0.856,0.023559942841529846,74,33,LAND,False
2026-08-31 10:05:49,-35.3634521,149.1658449,-0.856,0.023570014163851738,74,33,LAND,False
2026-08-31 10:05:49,-35.3634521,149.1658449,-0.856,0.023996984586119652,74,33,LAND,False
2026-08-31 10:05:49,-35.3634521,149.1658449,-0.856,0.02382071502506733,74,33,LAND,False
2026-08-31 10:05:50,-35.3634521,149.1658449,-0.856,0.023670505732297897,74,33,LAND,False
2026-08-31 10:05:50,-35.3634521,149.1658449,-0.856,0.023815659806132317,74,33,LAND,False
2026-08-31 10:05:51,-35.3634521,149.1658449,-0.856,0.023637911304831505,74,33,LAND,False
2026-08-31 10:05:51,-35.3634521,149.1658449,-0.856,0.023727187886834145,74,33,LAND,False
2026-08-31 10:05:51,-35.3634521,149.1658449,-0.856,0.023592058569192886,74,33,LAND,False
2026-08-31 10:05:52,-35.3634521,149.1658449,-0.856,0.023632356896996498,74,33,LAND,False
2026-08-31 10:05:52,-35.3634521,149.1658449,-0.856,0.023839199915528297,74,33,LAND,False
2026-08-31 10:05:52,-35.3634521,149.1658449,-0.856,0.02368883602321148,74,33,LAND,False
2026-08-31 10:05:53,-35.3634521,149.1658449,-0.856,0.023995522409677505,74,33,LAND,False
2026-08-31 10:05:53,-35.3634521,149.1658449,-0.856,0.024196479469537735,74,33,LAND,False
2026-08-31 10:05:54,-35.3634521,149.1658449,-0.856,0.024129843339323997,74,33,LAND,False
2026-08-31 10:05:54,-35.3634521,149.1658449,-0.856,0.024172518402338028,74,33,LAND,False
2026-08-31 10:05:54,-35.3634521,149.1658449,-0.856,0.024128306657075882,74,33,LAND,False
2026-08-31 10:05:55,-35.3634521,149.1658449,-0.856,0.02409336343407631,74,33,LAND,False
2026-08-31 10:05:55,-35.3634521,149.1658449,-0.856,0.02446133829653263,74,33,LAND,False
2026-08-31 10:05:56,-35.3634521,149.1658449,-0.856,0.024386467412114143,74,33,LAND,False
2026-08-31 10:05:56,-35.3634521,149.1658449,-0.856,0.024320751428604126,74,33,LAND,False
2026-08-31 10:05:56,-35.3634521,149.1658449,-0.856,0.02411436289548874,74,33,LAND,False
2026-08-31 10:05:57,-35.3634521,149.1658449,-0.856,0.024072542786598206,74,33,LAND,False
2026-08-31 10:05:57,-35.3634521,149.1658449,-0.856,0.024181902408599854,74,33,LAND,False
2026-08-31 10:05:58,-35.3634521,149.1658449,-0.856,0.023900533095002174,74,33,LAND,False
2026-08-31 10:05:58,-35.3634521,149.1658449,-0.856,0.02392006292939186,74,33,LAND,False
2026-08-31 10:05:59,-35.3634521,149.1658449,-0.856,0.023646244779229164,74,33,LAND,False
2026-08-31 10:05:59,-35.3634521,149.1658449,-0.856,0.023663336411118507,74,33,LAND,False
2026-08-31 10:05:59,-35.3634521,149.1658449,-0.856,0.023831207305192947,74,33,LAND,False
2026-08-31 10:06:00,-35.3634521,149.1658449,-0.856,0.023684514686465263,74,33,LAND,False
2026-08-31 10:06:00,-35.3634521,149.1658449,-0.856,0.023699024692177773,74,33,LAND,False
2026-08-31 10:06:00,-35.3634521,149.1658449,-0.856,0.023885350674390793,74,33,LAND,False
2026-08-31 10:06:01,-35.3634521,149.1658449,-0.856,0.023474929854273796,74,33,LAND,False
2026-08-31 10:06:01,-35.3634521,149.1658449,-0.856,0.023624716326594353,74,33,LAND,False
2026-08-31 10:06:02,-35.3634521,149.1658449,-0.856,0.02347717434167862,74,33,LAND,False
2026-08-31 10:06:02,-35.3634521,149.1658449,-0.856,0.023456275463104248,74,33,LAND,False
2026-08-31 10:06:02,-35.3634521,149.1658449,-0.856,0.023541783913969994,74,33,LAND,False
2026-08-31 10:06:03,-35.3634521,149.1658449,-0.856,0.02344798855483532,74,33,LAND,False
2026-08-31 10:06:03,-35.3634521,149.1658449,-0.856,0.02351991832256317,74,33,LAND,False
2026-08-31 10:06:03,-35.3634521,149.1658449,-0.856,0.023300670087337494,74,33,LAND,False
2026-08-31 10:06:04,-35.3634521,149.1658449,-0.856,0.023194169625639915,74,33,LAND,False
2026-08-31 10:06:04,-35.3634521,149.1658449,-0.856,0.023116394877433777,74,33,LAND,False
